# Blender 4.4.3
# www.blender.org
mtllib A casa.mtl
o Cube
v 0.958412 0.079565 -0.838612
v 0.917360 0.079565 -0.879664
v 0.917360 0.120616 -0.838612
v 0.946388 0.079565 -0.867640
v 0.941062 0.103266 -0.862313
v 0.917360 0.108593 -0.867640
v 0.946388 0.108593 -0.838612
v 0.917360 -0.002700 -0.838612
v 0.917360 0.038351 -0.879664
v 0.958412 0.038351 -0.838612
v 0.917360 0.009323 -0.867640
v 0.941062 0.014650 -0.862313
v 0.946388 0.038351 -0.867640
v 0.946388 0.009323 -0.838612
v 0.958412 0.079565 0.838612
v 0.917360 0.120616 0.838612
v 0.917360 0.079565 0.879664
v 0.946388 0.108593 0.838612
v 0.941062 0.103266 0.862313
v 0.917360 0.108593 0.867640
v 0.946388 0.079565 0.867640
v 0.958412 0.038351 0.838612
v 0.917360 0.038351 0.879664
v 0.917360 -0.002700 0.838612
v 0.946388 0.038351 0.867640
v 0.941062 0.014650 0.862313
v 0.917360 0.009323 0.867640
v 0.946388 0.009323 0.838612
v -0.554503 0.079565 -0.879664
v -0.595555 0.079565 -0.838612
v -0.554503 0.120616 -0.838612
v -0.583531 0.079565 -0.867640
v -0.578204 0.103266 -0.862313
v -0.583531 0.108593 -0.838612
v -0.554503 0.108593 -0.867640
v -0.554503 -0.002700 -0.838612
v -0.595555 0.038351 -0.838612
v -0.554503 0.038351 -0.879664
v -0.583531 0.009323 -0.838612
v -0.578204 0.014650 -0.862313
v -0.583531 0.038351 -0.867640
v -0.554503 0.009323 -0.867640
v -0.595555 0.079565 0.838612
v -0.554503 0.079565 0.879664
v -0.554503 0.120616 0.838612
v -0.583531 0.079565 0.867640
v -0.578204 0.103266 0.862313
v -0.554503 0.108593 0.867640
v -0.583531 0.108593 0.838612
v -0.554503 -0.002700 0.838612
v -0.554503 0.038351 0.879664
v -0.595555 0.038351 0.838612
v -0.554503 0.009323 0.867640
v -0.578204 0.014650 0.862313
v -0.583531 0.038351 0.867640
v -0.583531 0.009323 0.838612
v -0.595555 0.038351 0.000000
v -0.554503 -0.002700 0.002445
v -0.583531 0.009323 0.000716
v 0.958412 0.079565 0.133606
v 0.999463 0.079565 0.092555
v 0.917360 0.120616 0.051503
v 0.970436 0.079565 0.104578
v 0.958412 0.103266 0.092555
v 0.958412 0.108593 0.080531
v 0.946388 0.108593 0.092555
v -0.554503 0.120616 0.002445
v -0.595555 0.079565 0.000000
v -0.583531 0.108593 0.000716
v 0.917360 -0.002700 0.051503
v 0.999463 0.038351 0.092555
v 0.958412 0.038351 0.133606
v 0.958412 0.009323 0.080531
v 0.958412 0.014650 0.092555
v 0.970436 0.038351 0.104578
v 0.946388 0.009323 0.092555
v -0.595555 0.079565 -0.439832
v -0.554503 0.120616 -0.442277
v -0.583531 0.108593 -0.440548
v 0.958412 0.038351 -0.573438
v 0.999463 0.038351 -0.532387
v 0.917360 -0.002700 -0.491335
v 0.970436 0.038351 -0.544410
v 0.958412 0.014650 -0.532387
v 0.958412 0.009323 -0.520363
v 0.946388 0.009323 -0.532387
v -0.595555 0.038351 -0.439832
v -0.554503 -0.002700 -0.442277
v -0.583531 0.009323 -0.440548
v 0.958412 0.079565 -0.573438
v 0.917360 0.120616 -0.491335
v 0.999463 0.079565 -0.532387
v 0.946388 0.108593 -0.532387
v 0.958412 0.103266 -0.532386
v 0.958412 0.108593 -0.520363
v 0.970436 0.079565 -0.544410
v 1.033435 0.120616 -0.491335
v 1.074487 0.079565 -0.491335
v 1.033435 0.079565 -0.532387
v 1.062463 0.108593 -0.491335
v 1.057136 0.103266 -0.515036
v 1.062463 0.079565 -0.520363
v 1.033435 0.108593 -0.520363
v 1.033435 0.120616 0.051503
v 1.033435 0.079565 0.092555
v 1.074487 0.079565 0.051503
v 1.033435 0.108593 0.080531
v 1.057136 0.103266 0.075204
v 1.062463 0.079565 0.080531
v 1.062463 0.108593 0.051503
v 1.033435 0.038351 0.092555
v 1.033435 -0.002700 0.051503
v 1.074487 0.038351 0.051503
v 1.033435 0.009323 0.080531
v 1.057136 0.014650 0.075204
v 1.062463 0.009323 0.051503
v 1.062463 0.038351 0.080531
v 1.033435 -0.002700 -0.491335
v 1.033435 0.038351 -0.532387
v 1.074487 0.038351 -0.491335
v 1.033435 0.009323 -0.520363
v 1.057136 0.014650 -0.515036
v 1.062463 0.038351 -0.520363
v 1.062463 0.009323 -0.491335
vn 0.9673 0.1794 -0.1794
vn 0.1794 0.1794 -0.9673
vn 0.1794 0.9673 -0.1794
vn 0.6965 0.1726 -0.6965
vn 0.5773 0.5774 -0.5774
vn 0.1726 0.6965 -0.6965
vn 0.6965 0.6965 -0.1726
vn 0.1794 -0.9673 -0.1794
vn 0.1794 -0.1794 -0.9673
vn 0.9673 -0.1794 -0.1794
vn 0.1726 -0.6965 -0.6965
vn 0.5773 -0.5774 -0.5774
vn 0.6965 -0.1726 -0.6965
vn 0.6965 -0.6965 -0.1726
vn 0.9673 0.1794 0.1794
vn 0.1794 0.9673 0.1794
vn 0.1794 0.1794 0.9673
vn 0.6965 0.6965 0.1726
vn 0.5774 0.5774 0.5774
vn 0.1726 0.6965 0.6965
vn 0.6965 0.1726 0.6965
vn 0.9673 -0.1794 0.1794
vn 0.1794 -0.1794 0.9673
vn 0.1794 -0.9673 0.1794
vn 0.6965 -0.1726 0.6965
vn 0.5773 -0.5774 0.5774
vn 0.1726 -0.6965 0.6965
vn 0.6965 -0.6965 0.1726
vn -0.1794 0.1794 -0.9673
vn -0.9673 0.1794 -0.1794
vn -0.1794 0.9673 -0.1794
vn -0.6965 0.1726 -0.6965
vn -0.5773 0.5774 -0.5774
vn -0.6965 0.6965 -0.1726
vn -0.1726 0.6965 -0.6965
vn -0.1794 -0.9673 -0.1794
vn -0.9673 -0.1794 -0.1794
vn -0.1794 -0.1794 -0.9673
vn -0.6965 -0.6965 -0.1726
vn -0.5773 -0.5774 -0.5774
vn -0.6965 -0.1726 -0.6965
vn -0.1726 -0.6965 -0.6965
vn -0.9673 0.1794 0.1794
vn -0.1794 0.1794 0.9673
vn -0.1794 0.9673 0.1794
vn -0.6965 0.1726 0.6965
vn -0.5773 0.5774 0.5774
vn -0.1726 0.6965 0.6965
vn -0.6965 0.6965 0.1726
vn -0.1794 -0.9673 0.1794
vn -0.1794 -0.1794 0.9673
vn -0.9673 -0.1794 0.1794
vn -0.1726 -0.6965 0.6965
vn -0.5773 -0.5774 0.5774
vn -0.6965 -0.1726 0.6965
vn -0.6965 -0.6965 0.1726
vn -0.9808 -0.1951 -0.0000
vn -0.1951 -0.9808 -0.0000
vn -0.7071 -0.7071 -0.0000
vn 0.9556 0.2514 0.1535
vn 0.1535 0.2514 0.9556
vn 0.0507 0.9974 0.0507
vn 0.6462 0.4061 0.6462
vn 0.4524 0.7686 0.4524
vn 0.1446 0.8862 0.4402
vn 0.4402 0.8862 0.1446
vn -0.1951 0.9808 -0.0000
vn -0.9808 0.1951 -0.0000
vn -0.7071 0.7071 -0.0000
vn 0.0507 -0.9974 0.0507
vn 0.1535 -0.2514 0.9556
vn 0.9556 -0.2514 0.1535
vn 0.1446 -0.8862 0.4402
vn 0.4524 -0.7686 0.4524
vn 0.6462 -0.4061 0.6462
vn 0.4402 -0.8862 0.1446
vn 0.9556 -0.2514 -0.1535
vn 0.1535 -0.2514 -0.9556
vn 0.0507 -0.9974 -0.0507
vn 0.6462 -0.4061 -0.6462
vn 0.4524 -0.7686 -0.4524
vn 0.1446 -0.8862 -0.4402
vn 0.4402 -0.8862 -0.1446
vn 0.9556 0.2514 -0.1535
vn 0.0507 0.9974 -0.0507
vn 0.1535 0.2514 -0.9556
vn 0.4402 0.8862 -0.1446
vn 0.4524 0.7686 -0.4524
vn 0.1446 0.8862 -0.4402
vn 0.6462 0.4061 -0.6462
vn 0.5774 0.5774 -0.5773
vn 0.5774 0.5773 0.5773
vn 0.5774 -0.5774 0.5773
vn 0.5774 -0.5774 -0.5773
vt 0.131604 0.625000
vt 0.368396 0.619078
vt 0.368396 0.743571
vt 0.131604 0.744083
vt 0.631604 0.619078
vt 0.868396 0.625000
vt 0.868396 0.744083
vt 0.631604 0.743571
vt 0.458224 0.005833
vt 0.541776 0.005833
vt 0.541776 0.125000
vt 0.458224 0.125000
vt 0.458224 0.187500
vt 0.541776 0.187500
vt 0.541776 0.244167
vt 0.458224 0.244167
vt 0.458224 0.756604
vt 0.541776 0.756604
vt 0.541776 0.993396
vt 0.458224 0.993396
vt 0.631604 0.507262
vt 0.868396 0.505935
vt 0.868396 0.562500
vt 0.631604 0.569145
vt 0.458224 0.562500
vt 0.541776 0.562500
vt 0.458224 0.562500
vt 0.625000 0.566606
vt 0.625000 0.620894
vt 0.541776 0.625000
vt 0.458224 0.625000
vt 0.131604 0.505935
vt 0.368396 0.507262
vt 0.368396 0.569145
vt 0.131604 0.562500
vt 0.458224 0.631519
vt 0.541776 0.631519
vt 0.541776 0.743481
vt 0.458224 0.743481
vt 0.458224 0.256604
vt 0.541776 0.256604
vt 0.541776 0.493396
vt 0.458224 0.493396
vt 0.131604 0.562500
vt 0.368396 0.566482
vt 0.368396 0.621018
vt 0.131604 0.625000
vt 0.458224 0.566606
vt 0.541776 0.566606
vt 0.541776 0.620894
vt 0.458224 0.620894
vt 0.631604 0.566482
vt 0.631604 0.621018
vt 0.375000 0.620894
vt 0.375000 0.566606
vt 0.375000 0.566606
vt 0.541776 0.507388
vt 0.541776 0.500000
vt 0.613275 0.500110
vt 0.625000 0.507388
vt 0.625000 0.493396
vt 0.631604 0.500000
vt 0.368396 0.500000
vt 0.385794 0.501041
vt 0.375000 0.507388
vt 0.458224 0.500000
vt 0.375000 0.493396
vt 0.458224 0.507388
vt 0.625000 0.743481
vt 0.614206 0.749082
vt 0.541776 0.750000
vt 0.631604 0.750000
vt 0.625000 0.756604
vt 0.458224 0.750000
vt 0.386725 0.750012
vt 0.375000 0.743481
vt 0.375000 0.756604
vt 0.368396 0.750000
vt 0.541776 0.250000
vt 0.589826 0.250000
vt 0.625000 0.256604
vt 0.625000 0.244167
vt 0.625000 0.247535
vt 0.868396 0.500000
vt 0.872209 0.500000
vt 0.875000 0.505833
vt 0.125000 0.505833
vt 0.125000 0.502465
vt 0.131604 0.500000
vt 0.458224 0.250000
vt 0.410174 0.250000
vt 0.375000 0.244167
vt 0.375000 0.256604
vt 0.375000 0.252791
vt 0.541776 0.000000
vt 0.589826 0.000000
vt 0.625000 0.005833
vt 0.625000 0.993396
vt 0.625000 0.997209
vt 0.541776 1.000000
vt 0.875000 0.744167
vt 0.875000 0.747535
vt 0.868396 0.750000
vt 0.131604 0.750000
vt 0.127791 0.750000
vt 0.125000 0.744167
vt 0.458224 1.000000
vt 0.410174 1.000000
vt 0.375000 0.993396
vt 0.375000 0.005833
vt 0.375000 0.002465
vt 0.458224 0.000000
vt 0.613276 0.625000
vt 0.625000 0.625000
vt 0.375000 0.625000
vt 0.386725 0.625000
vt 0.458224 0.625000
vt 0.458224 0.555112
vt 0.458224 0.562500
vt 0.386725 0.562500
vt 0.375000 0.562500
vt 0.541776 0.555112
vt 0.625000 0.562500
vt 0.613276 0.562500
vt 0.625000 0.566606
vt 0.613275 0.563078
vt 0.613275 0.624422
vt 0.386725 0.624422
vt 0.386725 0.563078
vt 0.125000 0.625102
vt 0.375000 0.124898
vt 0.875000 0.562398
vt 0.625000 0.187602
vt 0.125000 0.625000
vt 0.125000 0.562500
vt 0.375000 0.187500
vt 0.375000 0.125000
vt 0.875000 0.625102
vt 0.625000 0.124898
vt 0.875000 0.562500
vt 0.875000 0.625000
vt 0.625000 0.125000
vt 0.625000 0.187500
vt 0.125000 0.562398
vt 0.375000 0.187602
s 1
usemtl Chão
f 58/1/58 70/2/70 24/3/24 50/4/50
f 62/5/62 67/6/67 45/7/45 16/8/16
f 52/9/52 43/10/43 68/11/68 57/12/57
f 87/13/57 77/14/68 30/15/30 37/16/37
f 23/17/23 17/18/17 44/19/44 51/20/51
f 3/21/3 31/22/31 78/23/67 91/24/85
f 81/25/78 92/26/86 99/26/2 119/27/9
f 91/28/85 62/29/62 104/29/16 97/28/3
f 57/12/57 68/11/68 77/14/68 87/13/57
f 61/30/61 71/31/71 111/31/23 105/30/17
f 36/32/36 8/33/8 82/34/79 88/35/58
f 72/36/72 60/37/60 15/38/15 22/39/22
f 38/40/38 29/41/29 2/42/2 9/43/9
f 88/44/58 82/45/79 70/46/70 58/47/58
f 120/48/10 98/49/1 106/50/15 113/51/22
f 91/52/85 78/23/67 67/6/67 62/53/62
f 70/54/70 82/55/79 118/56/8 112/54/24
f 1/57/1 4/58/4 5/59/5 7/60/7
f 2/42/2 6/61/6 5/59/5 4/58/4
f 3/21/3 7/60/7 5/59/5 6/62/6
f 8/33/8 11/63/11 12/64/12 14/65/14
f 9/43/9 13/66/13 12/64/12 11/67/11
f 10/68/10 14/65/14 12/64/12 13/66/13
f 15/38/15 18/69/18 19/70/19 21/71/21
f 16/8/16 20/72/20 19/70/19 18/69/18
f 17/18/17 21/71/21 19/70/19 20/73/20
f 22/39/22 25/74/25 26/75/26 28/76/28
f 23/17/23 27/77/27 26/75/26 25/74/25
f 24/3/24 28/76/28 26/75/26 27/78/27
f 29/41/29 32/79/32 33/80/33 35/81/35
f 30/15/30 34/82/34 33/83/33 32/79/32
f 31/22/31 35/84/35 33/85/33 34/86/34
f 36/32/36 39/87/39 40/88/40 42/89/42
f 37/16/37 41/90/41 40/91/40 39/92/39
f 38/40/38 42/93/42 40/94/40 41/90/41
f 43/10/43 46/95/46 47/96/47 49/97/49
f 44/19/44 48/98/48 47/99/47 46/100/46
f 45/7/45 49/101/49 47/102/47 48/103/48
f 50/4/50 53/104/53 54/105/54 56/106/56
f 51/20/51 55/107/55 54/108/54 53/109/53
f 52/9/52 56/110/56 54/111/54 55/112/55
f 60/37/60 63/30/63 64/113/64 66/114/66
f 61/30/61 65/114/65 64/113/64 63/30/63
f 62/5/62 66/114/66 64/113/64 65/114/65
f 70/54/70 73/115/73 74/116/74 76/115/76
f 71/31/71 75/117/75 74/116/74 73/115/73
f 72/36/72 76/115/76 74/116/74 75/117/75
f 80/118/77 83/119/80 84/120/81 86/121/83
f 81/25/78 85/121/82 84/120/81 83/119/80
f 82/34/79 86/121/83 84/120/81 85/121/82
f 90/122/84 93/123/87 94/124/88 96/26/90
f 91/28/85 95/123/89 94/124/88 93/123/87
f 92/26/86 96/26/90 94/124/88 95/123/89
f 97/28/3 100/125/7 101/126/91 103/123/6
f 98/49/1 102/26/4 101/126/91 100/125/7
f 99/26/2 103/123/6 101/126/91 102/26/4
f 104/29/16 107/114/20 108/127/92 110/29/18
f 105/30/17 109/30/21 108/127/92 107/114/20
f 106/50/15 110/29/18 108/127/92 109/30/21
f 111/31/23 114/115/27 115/128/93 117/117/25
f 112/54/24 116/54/28 115/128/93 114/115/27
f 113/51/22 117/117/25 115/128/93 116/54/28
f 118/56/8 121/121/11 122/129/94 124/55/14
f 119/27/9 123/119/13 122/129/94 121/121/11
f 120/48/10 124/55/14 122/129/94 123/119/13
f 58/1/58 50/4/50 56/106/56 59/130/59
f 59/131/59 56/110/56 52/9/52 57/12/57
f 8/33/8 36/32/36 42/89/42 11/63/11
f 11/67/11 42/93/42 38/40/38 9/43/9
f 1/57/1 10/68/10 13/66/13 4/58/4
f 4/58/4 13/66/13 9/43/9 2/42/2
f 51/20/51 44/19/44 46/100/46 55/107/55
f 55/112/55 46/95/46 43/10/43 52/9/52
f 17/18/17 23/17/23 25/74/25 21/71/21
f 21/71/21 25/74/25 22/39/22 15/38/15
f 29/41/29 38/40/38 41/90/41 32/79/32
f 32/79/32 41/90/41 37/16/37 30/15/30
f 16/8/16 45/7/45 48/103/48 20/72/20
f 20/73/20 48/98/48 44/19/44 17/18/17
f 62/5/62 16/8/16 18/69/18 66/114/66
f 66/114/66 18/69/18 15/38/15 60/37/60
f 50/4/50 24/3/24 27/78/27 53/104/53
f 53/109/53 27/77/27 23/17/23 51/20/51
f 78/23/67 31/22/31 34/86/34 79/132/69
f 79/133/69 34/82/34 30/15/30 77/14/68
f 31/22/31 3/21/3 6/62/6 35/84/35
f 35/81/35 6/61/6 2/42/2 29/41/29
f 82/34/79 8/33/8 14/65/14 86/121/83
f 86/121/83 14/65/14 10/68/10 80/118/77
f 88/44/58 58/47/58 59/134/59 89/135/59
f 89/136/59 59/137/59 57/12/57 87/13/57
f 45/7/45 67/6/67 69/138/69 49/101/49
f 49/97/49 69/139/69 68/11/68 43/10/43
f 24/3/24 70/2/70 76/115/76 28/76/28
f 28/76/28 76/115/76 72/36/72 22/39/22
f 60/37/60 72/36/72 75/117/75 63/30/63
f 63/30/63 75/117/75 71/31/71 61/30/61
f 67/6/67 78/23/67 79/140/69 69/141/69
f 69/142/69 79/143/69 77/14/68 68/11/68
f 36/32/36 88/35/58 89/144/59 39/87/39
f 39/92/39 89/145/59 87/13/57 37/16/37
f 3/21/3 91/24/85 93/123/87 7/60/7
f 7/60/7 93/123/87 90/122/84 1/57/1
f 92/26/86 81/25/78 83/119/80 96/26/90
f 96/26/90 83/119/80 80/118/77 90/122/84
f 97/28/3 104/29/16 110/29/18 100/125/7
f 100/125/7 110/29/18 106/50/15 98/49/1
f 105/30/17 111/31/23 117/117/25 109/30/21
f 109/30/21 117/117/25 113/51/22 106/50/15
f 112/54/24 118/56/8 124/55/14 116/54/28
f 116/54/28 124/55/14 120/48/10 113/51/22
f 98/49/1 120/48/10 123/119/13 102/26/4
f 102/26/4 123/119/13 119/27/9 99/26/2
f 81/25/78 119/27/9 121/121/11 85/121/82
f 85/121/82 121/121/11 118/56/8 82/55/79
f 111/31/23 71/31/71 73/115/73 114/115/27
f 114/115/27 73/115/73 70/54/70 112/54/24
f 91/28/85 97/28/3 103/123/6 95/123/89
f 95/123/89 103/123/6 99/26/2 92/26/86
f 61/30/61 105/30/17 107/114/20 65/114/65
f 65/114/65 107/114/20 104/29/16 62/29/62
f 10/68/10 1/57/1 90/122/84 80/118/77
o Cube.001
v -0.172293 0.906038 0.000653
v -0.172293 0.906038 -0.523860
v 0.119280 0.073185 0.000653
v 0.119280 0.073185 -0.523859
v 0.119280 0.636610 0.764417
v 0.119280 0.636610 -0.763111
v -0.172293 0.906038 -0.261603
v 0.676207 0.073185 -0.261603
v 0.930290 0.636610 -0.261603
v 0.119280 0.073185 -0.261603
v -0.172293 0.906038 0.675275
v 0.119280 0.073185 0.675275
v -0.172293 0.906038 0.260801
v 0.676207 0.073185 0.209366
v 0.119280 0.073185 0.260801
v 0.389965 0.957019 -0.485946
v 0.389965 0.636610 -0.763111
v 0.389965 0.073185 -0.037260
v 0.389965 0.073185 -0.485946
v 0.389965 0.636610 0.764417
v 0.389965 0.073185 -0.261603
v 0.389965 0.957019 0.670850
v 0.389965 0.073185 0.670850
v 0.389965 0.073185 0.235802
v 0.530845 0.762729 0.002581
v 0.817087 0.636610 0.209366
v -0.390530 0.073185 0.717299
v -0.384374 0.120304 0.764417
v -0.437648 0.120304 0.717299
v -0.387452 0.086986 0.750616
v -0.416433 0.093099 0.744503
v -0.422122 0.120304 0.750514
v -0.423848 0.086986 0.717299
v -0.139950 0.874068 0.764417
v -0.172293 0.906038 0.717299
v -0.162820 0.896674 0.750616
v -0.437648 0.120304 -0.715993
v -0.384374 0.120304 -0.763111
v -0.390530 0.073185 -0.715993
v -0.420770 0.120304 -0.749310
v -0.416433 0.093100 -0.743196
v -0.387452 0.086986 -0.749310
v -0.425123 0.086986 -0.715993
v -0.139950 0.874068 -0.763111
v -0.172293 0.906038 -0.715993
v -0.162820 0.896674 -0.749310
v 0.676207 0.120304 0.717299
v 0.629089 0.120304 0.764417
v 0.629089 0.073185 0.717299
v 0.662407 0.120304 0.750617
v 0.656293 0.093100 0.744503
v 0.629089 0.086986 0.750617
v 0.662407 0.086986 0.717299
v 0.641146 0.731513 0.717299
v 0.629089 0.678013 0.764417
v 0.676207 0.652917 0.717299
v 0.635118 0.714521 0.750617
v 0.658841 0.692076 0.744503
v 0.659910 0.658946 0.750617
v 0.668435 0.696776 0.717299
v 0.629089 0.120304 -0.763111
v 0.676207 0.120304 -0.715993
v 0.629089 0.073185 -0.715993
v 0.662407 0.120304 -0.749310
v 0.656293 0.093100 -0.743196
v 0.662407 0.086986 -0.715993
v 0.629089 0.086986 -0.749310
v 0.629089 0.678013 -0.763111
v 0.640691 0.725718 -0.716219
v 0.676207 0.646273 -0.715993
v 0.642090 0.710020 -0.749362
v 0.660240 0.689645 -0.743155
v 0.665805 0.689176 -0.715673
v 0.662407 0.662143 -0.749310
v -0.390530 0.073185 0.000653
v -0.437648 0.120304 0.000653
v -0.423848 0.086986 0.000653
v 0.723326 0.120304 -0.077352
v 0.723326 0.073185 -0.077352
v 0.723326 0.120304 -0.077352
v 0.723326 0.096744 -0.077352
v 0.712160 0.097153 -0.077352
v 0.723326 0.096744 -0.077352
v 0.723326 0.120304 -0.077352
v 0.676379 0.713094 -0.060702
v 0.723326 0.652917 -0.077352
v 0.723326 0.652917 -0.077352
v 0.676207 0.715133 -0.122410
v 0.695375 0.690131 -0.072449
v 0.691693 0.689724 -0.080709
v 0.723326 0.652917 -0.077352
v 0.699832 0.690654 -0.090548
v 0.675091 0.708547 -0.085201
v 0.676207 0.120304 -0.492973
v 0.723326 0.120304 -0.445854
v 0.629089 0.073185 -0.398736
v 0.690008 0.120304 -0.459655
v 0.676207 0.093099 -0.445854
v 0.676207 0.086986 -0.432054
v 0.662407 0.086986 -0.445854
v -0.390530 0.073185 -0.523859
v -0.437648 0.120304 -0.523859
v -0.423848 0.086986 -0.523859
v 0.676207 0.616769 -0.492973
v 0.642860 0.692893 -0.450525
v 0.723326 0.681176 -0.404794
v 0.723326 0.610946 -0.445854
v 0.666441 0.657545 -0.471427
v 0.685930 0.653064 -0.447086
v 0.680239 0.681124 -0.424379
v 0.723326 0.651033 -0.433828
v 0.690008 0.613858 -0.459655
v 0.883172 0.681176 -0.404794
v 0.930290 0.632798 -0.398736
v 0.883172 0.610946 -0.445854
v 0.916490 0.666746 -0.401765
v 0.910376 0.647652 -0.427220
v 0.916490 0.617085 -0.430799
v 0.883172 0.651294 -0.435082
v 0.930290 0.664204 -0.124470
v 0.883172 0.715128 -0.122395
v 0.883172 0.652917 -0.077352
v 0.916459 0.699336 -0.120319
v 0.910376 0.686159 -0.096181
v 0.883172 0.690652 -0.090543
v 0.916490 0.658561 -0.091153
v 0.930290 0.120304 -0.124470
v 0.883172 0.120304 -0.077352
v 0.883172 0.073185 -0.124470
v 0.916490 0.120304 -0.091153
v 0.910376 0.093100 -0.097267
v 0.883172 0.086986 -0.091153
v 0.916490 0.086986 -0.124470
v 0.883172 0.073185 -0.398736
v 0.883172 0.120304 -0.445854
v 0.930290 0.120304 -0.398736
v 0.883172 0.086986 -0.432054
v 0.910376 0.093100 -0.425940
v 0.916490 0.120304 -0.432054
v 0.916490 0.086986 -0.398736
v -0.404585 0.670181 0.717299
v -0.437648 0.589492 0.717299
v -0.384128 0.636610 0.764417
v -0.427964 0.632642 0.717299
v -0.420581 0.634581 0.744503
v -0.422037 0.611746 0.750532
v -0.400192 0.658523 0.750733
v -0.437648 0.589492 -0.715993
v -0.404585 0.670181 -0.715993
v -0.384128 0.636610 -0.763111
v -0.427964 0.632642 -0.715993
v -0.420581 0.634581 -0.743197
v -0.400192 0.658523 -0.749427
v -0.422037 0.611746 -0.749226
v 0.629089 0.636610 -0.763111
v 0.676207 0.630377 -0.715993
v 0.662407 0.634785 -0.749310
v 0.676207 0.636610 0.717299
v 0.629089 0.636610 0.764417
v 0.662407 0.636610 0.750616
v 0.723326 0.636610 -0.077352
v 0.723326 0.636610 -0.077352
v 0.723326 0.636610 -0.077352
v -0.404585 0.670181 0.000653
v -0.437648 0.589492 0.000653
v -0.427964 0.632642 0.000653
v 0.676207 0.600873 -0.492973
v 0.723326 0.594639 -0.445854
v 0.690008 0.596465 -0.459655
v -0.404585 0.670181 -0.523859
v -0.437648 0.589492 -0.523859
v -0.427964 0.632642 -0.523859
v 0.930290 0.636610 -0.124470
v 0.883172 0.636610 -0.077352
v 0.916490 0.636610 -0.091153
v 0.883172 0.594639 -0.445854
v 0.930290 0.605373 -0.398736
v 0.916490 0.597783 -0.432054
v 0.119280 0.120304 -0.763111
v 0.119280 0.073185 -0.715993
v 0.119280 0.086986 -0.749310
v 0.086100 1.166580 -0.715993
v 0.154341 1.168558 -0.715993
v 0.119280 1.135547 -0.763111
v 0.119831 1.181017 -0.715993
v 0.119673 1.172823 -0.743197
v 0.143469 1.159444 -0.749295
v 0.096041 1.157673 -0.749331
v 0.119280 0.073185 0.717299
v 0.119280 0.120304 0.764417
v 0.119280 0.086986 0.750616
v 0.119280 1.135547 0.764417
v 0.154341 1.168558 0.717299
v 0.086100 1.166580 0.717299
v 0.143469 1.159444 0.750601
v 0.119673 1.172823 0.744503
v 0.119831 1.181017 0.717299
v 0.096041 1.157673 0.750637
v 0.086100 1.166580 0.000653
v 0.144079 1.159971 0.000830
v 0.116825 1.178502 0.000705
v 0.086100 1.166580 -0.523859
v 0.154341 1.168558 -0.518949
v 0.119831 1.181017 -0.522421
v -0.437648 0.120304 -0.261603
v -0.390530 0.073185 -0.261603
v -0.423848 0.086986 -0.261603
v 0.723326 0.738662 -0.302664
v 0.637708 0.767815 -0.304694
v 0.676207 0.746658 -0.216491
v 0.678731 0.748480 -0.300985
v 0.678872 0.755283 -0.271234
v 0.660960 0.762240 -0.261010
v 0.699824 0.750576 -0.260418
v 0.883172 0.746663 -0.216508
v 0.930290 0.710077 -0.261603
v 0.883172 0.738662 -0.302664
v 0.916461 0.737929 -0.235567
v 0.910376 0.744240 -0.260944
v 0.916513 0.732577 -0.286506
v 0.883172 0.750578 -0.260423
v 0.930290 0.120304 -0.261603
v 0.883172 0.073185 -0.261603
v 0.916490 0.086986 -0.261603
v -0.437648 0.589492 -0.261603
v -0.404585 0.670181 -0.261603
v -0.427964 0.632642 -0.261603
v 0.156308 1.170897 -0.261603
v 0.086100 1.166580 -0.261603
v 0.120407 1.181702 -0.261603
v -0.437648 0.120304 0.675275
v -0.390530 0.073185 0.675275
v -0.423848 0.086986 0.675275
v 0.676207 0.652917 0.713218
v 0.723326 0.652918 0.666099
v 0.723326 0.700036 0.618774
v 0.641146 0.731513 0.666499
v 0.690008 0.652875 0.679900
v 0.685725 0.690084 0.666062
v 0.723326 0.686235 0.652152
v 0.679739 0.709255 0.642636
v 0.665938 0.695454 0.689858
v 0.629089 0.073185 0.619053
v 0.723326 0.120304 0.666171
v 0.676207 0.120304 0.713289
v 0.676207 0.086986 0.652370
v 0.676207 0.093099 0.666171
v 0.690008 0.120304 0.679972
v 0.662407 0.086986 0.666171
v -0.404585 0.670181 0.675275
v -0.437648 0.589492 0.675275
v -0.427964 0.632642 0.675275
v 0.723326 0.636610 0.666171
v 0.676207 0.636610 0.713289
v 0.690008 0.636610 0.679972
v 0.154341 1.168558 0.674702
v 0.086100 1.166580 0.675275
v 0.119831 1.181017 0.675107
v -0.437648 0.589492 0.260801
v -0.404585 0.670181 0.260801
v -0.427964 0.632642 0.260801
v -0.437648 0.120304 0.260801
v -0.390530 0.073185 0.260801
v -0.423848 0.086986 0.260801
v 0.154341 1.168558 0.257563
v 0.086100 1.166580 0.260801
v 0.119831 1.181017 0.259853
v 0.389965 0.892654 -0.763111
v 0.389965 0.957019 -0.715993
v 0.389965 0.938167 -0.749310
v 0.389965 0.120304 0.764417
v 0.389965 0.073185 0.717299
v 0.389965 0.086986 0.750616
v 0.363713 0.803857 -0.020026
v 0.446516 0.762729 0.002581
v 0.398839 0.774775 -0.004040
v 0.389965 0.120304 -0.763111
v 0.389965 0.073185 -0.715993
v 0.389965 0.086986 -0.749310
v 0.389965 0.892654 0.764417
v 0.389965 0.957019 0.717299
v 0.389965 0.938167 0.750616
v 0.389965 0.954066 -0.222783
v 0.389965 0.980758 -0.308463
v 0.352937 1.016164 -0.261603
v 0.389965 0.975536 -0.263958
v 0.482765 0.926065 0.271521
v 0.446154 0.926860 0.199600
v 0.345430 0.997001 0.239915
v 0.464438 0.939119 0.235659
v 0.414791 0.952276 0.236765
v 0.393374 0.957819 0.223907
v 0.408128 0.956042 0.251658
v 0.641146 0.731513 0.546633
v 0.723326 0.700036 0.579469
v 0.694110 0.736323 0.490476
v 0.679739 0.709255 0.563051
v 0.682585 0.712857 0.536644
v 0.709282 0.710657 0.533910
v 0.663557 0.726704 0.516434
v 0.817087 0.120304 0.209366
v 0.769969 0.073185 0.209366
v 0.803286 0.086986 0.209366
v 0.769969 0.120304 -0.077352
v 0.817087 0.120304 -0.030234
v 0.769969 0.073185 -0.030234
v 0.803286 0.120304 -0.063551
v 0.797172 0.093100 -0.057437
v 0.803286 0.086986 -0.030234
v 0.769969 0.086986 -0.063551
v 0.769969 0.652917 -0.077352
v 0.760390 0.712453 -0.061519
v 0.817087 0.682636 -0.030234
v 0.764213 0.689979 -0.072676
v 0.794952 0.689772 -0.065201
v 0.800664 0.704590 -0.051275
v 0.803286 0.667777 -0.063551
v 0.769969 0.636610 -0.077352
v 0.817087 0.636610 -0.030234
v 0.803286 0.636610 -0.063551
v 0.769969 0.700036 0.579469
v 0.817087 0.652917 0.508708
v 0.785041 0.736540 0.490226
v 0.803286 0.686235 0.544089
v 0.800296 0.700418 0.527972
v 0.807540 0.707668 0.502169
v 0.777203 0.710719 0.533839
v 0.769969 0.700036 0.618774
v 0.769969 0.652918 0.666099
v 0.817087 0.652917 0.618981
v 0.769969 0.686235 0.652152
v 0.797172 0.680121 0.646065
v 0.803286 0.652918 0.652298
v 0.803286 0.686235 0.618834
v 0.817087 0.636610 0.619052
v 0.769969 0.636610 0.666171
v 0.803286 0.636610 0.652370
v 0.769969 0.073185 0.619053
v 0.817087 0.120304 0.619052
v 0.769969 0.120304 0.666171
v 0.803286 0.086986 0.619052
v 0.797172 0.093100 0.646256
v 0.803286 0.120304 0.652370
v 0.769969 0.086986 0.652370
v 0.760757 0.937175 0.211161
v 0.784469 0.936062 0.283193
v 0.817087 0.908168 0.243760
v 0.771814 0.949546 0.247689
v 0.798125 0.943152 0.248074
v 0.807238 0.929668 0.271998
v 0.800765 0.929692 0.222189
v 0.618668 0.926061 0.271526
v 0.593669 0.927093 0.199408
v 0.600090 0.939187 0.235606
vn -0.7113 0.7029 -0.0000
vn -0.0000 -1.0000 -0.0000
vn -0.0000 -0.0000 1.0000
vn -0.0000 -0.0000 -1.0000
vn 1.0000 -0.0000 -0.0000
vn 0.6780 0.7332 -0.0526
vn 0.6681 0.7441 -0.0000
vn -0.0030 0.7768 -0.6297
vn -0.1817 -0.9660 0.1837
vn -0.1587 -0.1762 0.9715
vn -0.9634 -0.1780 0.2002
vn -0.1633 -0.6900 0.7052
vn -0.5580 -0.5703 0.6028
vn -0.6687 -0.1661 0.7247
vn -0.6962 -0.6927 0.1884
vn -0.1474 0.1478 0.9780
vn -0.6988 0.6917 0.1824
vn -0.5145 0.5118 0.6880
vn -0.9632 -0.1661 -0.2114
vn -0.1608 -0.1752 -0.9713
vn -0.1787 -0.9664 -0.1848
vn -0.6600 -0.1558 -0.7350
vn -0.5576 -0.5602 -0.6126
vn -0.1631 -0.6886 -0.7066
vn -0.7034 -0.6826 -0.1982
vn -0.1474 0.1478 -0.9780
vn -0.6988 0.6917 -0.1824
vn -0.5145 0.5118 -0.6880
vn 0.9673 -0.1794 0.1794
vn 0.1794 -0.1794 0.9673
vn 0.1794 -0.9673 0.1794
vn 0.6965 -0.1726 0.6965
vn 0.5774 -0.5774 0.5774
vn 0.1726 -0.6965 0.6965
vn 0.6965 -0.6965 0.1726
vn 0.7159 0.6697 0.1976
vn 0.2565 0.1159 0.9596
vn 0.9791 0.0942 0.1802
vn 0.5276 0.4703 0.7075
vn 0.7283 0.3245 0.6036
vn 0.7005 0.0966 0.7071
vn 0.9025 0.3960 0.1696
vn 0.1794 -0.1794 -0.9673
vn 0.9673 -0.1794 -0.1794
vn 0.1794 -0.9673 -0.1794
vn 0.6965 -0.1726 -0.6965
vn 0.5774 -0.5774 -0.5773
vn 0.6965 -0.6965 -0.1726
vn 0.1726 -0.6965 -0.6965
vn 0.2443 0.1088 -0.9636
vn 0.7447 0.6565 -0.1201
vn 0.9819 0.0979 -0.1623
vn 0.5854 0.4803 -0.6532
vn 0.7819 0.3496 -0.5161
vn 0.9131 0.3976 -0.0901
vn 0.7349 0.1047 -0.6701
vn -0.1951 -0.9808 -0.0000
vn -0.9808 -0.1951 -0.0000
vn -0.7071 -0.7071 -0.0000
vn 0.0386 0.2499 -0.9675
vn 0.1097 -0.9939 0.0113
vn 0.0113 0.2491 0.9684
vn 0.1731 0.0821 -0.9815
vn 0.0563 0.0530 0.9970
vn -0.0000 1.0000 -0.0000
vn 0.1919 0.8512 -0.4886
vn 0.2159 0.5287 -0.8209
vn 0.1722 0.5725 0.8016
vn 0.2712 0.8608 0.4307
vn 0.4382 0.5768 -0.6894
vn 0.7122 0.7005 0.0456
vn 0.3872 0.9201 0.0588
vn 0.3460 0.7208 0.6006
vn 0.5039 0.8563 0.1128
vn 0.9556 -0.2514 -0.1535
vn 0.1535 -0.2514 -0.9556
vn 0.0507 -0.9974 -0.0507
vn 0.6462 -0.4061 -0.6462
vn 0.4524 -0.7686 -0.4524
vn 0.1446 -0.8862 -0.4402
vn 0.4402 -0.8862 -0.1446
vn -0.1935 -0.9811 0.0003
vn -0.9816 -0.1911 0.0008
vn -0.7084 -0.7058 0.0012
vn 0.9745 0.1399 -0.1754
vn 0.6857 0.7002 -0.1989
vn 0.1206 0.7963 -0.5928
vn 0.1935 0.1446 -0.9704
vn 0.8504 0.4750 -0.2264
vn 0.5592 0.5075 -0.6555
vn 0.4153 0.7407 -0.5280
vn 0.1729 0.5070 -0.8444
vn 0.6894 0.1757 -0.7027
vn 0.1778 0.7910 -0.5854
vn 0.9572 0.1492 -0.2482
vn 0.1855 0.1268 -0.9744
vn 0.6788 0.5744 -0.4575
vn 0.5673 0.4163 -0.7105
vn 0.6909 0.1249 -0.7121
vn 0.1677 0.4937 -0.8533
vn 0.9648 0.1510 0.2152
vn 0.1782 0.8771 0.4460
vn 0.1727 0.1476 0.9739
vn 0.6882 0.6257 0.3672
vn 0.5549 0.4853 0.6757
vn 0.1505 0.5798 0.8008
vn 0.6820 0.1501 0.7158
vn 0.1871 -0.1394 0.9724
vn 0.2124 -0.9450 0.2487
vn 0.2136 -0.5732 0.7911
vn -0.7671 0.6235 0.1514
vn -0.9775 0.0858 0.1929
vn -0.2401 0.1230 0.9629
vn -0.9193 0.3698 0.1348
vn -0.7748 0.3424 0.5315
vn -0.7105 0.1052 0.6958
vn -0.6023 0.4649 0.6489
vn -0.9764 0.0855 -0.1984
vn -0.7671 0.6235 -0.1514
vn -0.2408 0.1229 -0.9628
vn -0.9193 0.3698 -0.1348
vn -0.7748 0.3424 -0.5315
vn -0.6023 0.4649 -0.6489
vn -0.7099 0.1046 -0.6965
vn 0.1951 -0.0000 -0.9808
vn 0.9808 -0.0000 -0.1951
vn 0.7071 -0.0000 -0.7071
vn 0.9794 0.0150 0.2015
vn 0.1995 0.0040 0.9799
vn 0.7117 0.0204 0.7022
vn -0.0000 0.7071 0.7071
vn -0.0000 0.7071 -0.7071
vn -0.7854 0.6189 -0.0000
vn -0.9939 0.1102 -0.0000
vn -0.9253 0.3792 -0.0000
vn 0.9808 -0.0000 0.1951
vn 0.1951 -0.0000 0.9808
vn 0.7071 -0.0000 0.7071
vn 0.1978 0.0078 -0.9802
vn 0.9802 0.0030 -0.1979
vn 0.7039 0.0118 -0.7102
vn -0.0000 -0.1951 -0.9808
vn -0.0000 -0.9808 -0.1951
vn -0.0000 -0.7071 -0.7071
vn -0.5647 0.8071 -0.1725
vn 0.5175 0.8366 -0.1795
vn -0.0131 0.2595 -0.9657
vn -0.0275 0.9859 -0.1652
vn -0.0277 0.8231 -0.5673
vn 0.3384 0.6348 -0.6946
vn -0.3820 0.6194 -0.6859
vn -0.0000 -0.9808 0.1951
vn -0.0000 -0.1951 0.9808
vn -0.0000 -0.7071 0.7071
vn -0.0131 0.2595 0.9657
vn 0.5175 0.8366 0.1795
vn -0.5647 0.8071 0.1725
vn 0.3384 0.6348 0.6946
vn -0.0277 0.8231 0.5673
vn -0.0275 0.9859 0.1652
vn -0.3820 0.6194 0.6859
vn -0.5567 0.8307 0.0002
vn 0.6172 0.7867 0.0142
vn 0.0261 0.9997 0.0020
vn -0.5632 0.8263 -0.0002
vn 0.5013 0.8652 -0.0145
vn -0.0370 0.9993 -0.0020
vn 0.0903 0.9246 -0.3702
vn 0.5821 0.7882 -0.1998
vn 0.2755 0.9109 0.3072
vn 0.3325 0.8941 -0.3002
vn 0.3082 0.9502 -0.0458
vn 0.4788 0.8751 0.0706
vn 0.1337 0.9908 -0.0222
vn 0.1781 0.9588 0.2212
vn 0.9641 0.2635 -0.0316
vn 0.1688 0.9027 -0.3958
vn 0.6828 0.7191 0.1288
vn 0.5422 0.8361 -0.0838
vn 0.6687 0.6925 -0.2708
vn 0.1373 0.9864 -0.0903
vn 0.9808 -0.1951 -0.0000
vn 0.1951 -0.9808 -0.0000
vn 0.7071 -0.7071 -0.0000
vn 0.5492 0.8328 0.0696
vn -0.5611 0.8277 0.0006
vn -0.0107 0.9999 0.0088
vn 0.9788 0.1315 0.1571
vn 0.1956 0.2002 0.9600
vn 0.1346 0.9739 0.1828
vn 0.6700 0.7400 0.0592
vn 0.6845 0.2042 0.6998
vn 0.5764 0.5994 0.5554
vn 0.1955 0.6899 0.6970
vn 0.4608 0.8599 0.2198
vn 0.8393 0.5073 0.1955
vn 0.0507 -0.9974 0.0507
vn 0.1535 -0.2514 0.9556
vn 0.9556 -0.2514 0.1535
vn 0.1446 -0.8862 0.4402
vn 0.4524 -0.7686 0.4524
vn 0.6462 -0.4061 0.6462
vn 0.4402 -0.8862 0.1446
vn 0.1951 0.0022 0.9808
vn 0.9808 0.0004 0.1948
vn 0.7074 0.0016 0.7068
vn 0.5133 0.8582 -0.0000
vn -0.5621 0.8270 -0.0000
vn -0.0290 0.9996 -0.0000
vn 0.5700 0.8192 -0.0640
vn -0.5589 0.8293 -0.0006
vn 0.0045 1.0000 -0.0087
vn 0.1302 0.1447 -0.9809
vn 0.6667 0.7236 -0.1784
vn 0.4786 0.5290 -0.7008
vn 0.6358 0.7705 0.0453
vn 0.1492 0.9027 -0.4035
vn 0.3947 0.9028 -0.1709
vn 0.1325 0.1467 0.9803
vn 0.6545 0.7280 0.2042
vn 0.4673 0.5184 0.7162
vn 0.6391 0.6978 0.3234
vn 0.6691 0.7395 -0.0746
vn 0.7125 0.6877 0.1392
vn 0.6823 0.7164 0.1460
vn 0.1199 0.8865 0.4468
vn 0.1446 0.8411 -0.5212
vn 0.6769 0.7218 -0.1443
vn 0.1644 0.9831 -0.0807
vn 0.3681 0.9125 -0.1784
vn 0.4636 0.7885 -0.4041
vn 0.4573 0.8837 0.0999
vn 0.5536 0.8273 0.0954
vn 0.0822 0.9922 0.0935
vn 0.0731 0.8226 0.5639
vn 0.3256 0.9414 0.0885
vn 0.2448 0.9260 0.2873
vn 0.0628 0.9332 0.3537
vn 0.3211 0.8739 0.3650
vn 0.2085 -0.1386 -0.9681
vn 0.2375 -0.9547 -0.1792
vn 0.5773 -0.5774 -0.5774
vn 0.3218 -0.5683 -0.7573
vn 0.1827 0.0541 -0.9817
vn 0.1327 0.6365 -0.7597
vn 0.9581 0.1418 -0.2489
vn 0.1382 0.3126 -0.9398
vn 0.5105 0.3133 -0.8008
vn 0.6344 0.5015 -0.5882
vn 0.6920 0.0886 -0.7164
vn 0.2167 0.9704 0.1063
vn 0.9875 0.1408 0.0705
vn 0.2696 0.7520 0.6016
vn 0.8160 0.5560 0.1579
vn 0.7540 0.5592 0.3447
vn 0.8314 0.4361 0.3443
vn 0.3003 0.8626 0.4072
vn 0.1793 0.9674 0.1790
vn 0.1793 0.1833 0.9666
vn 0.9672 0.1801 0.1793
vn 0.1723 0.6981 0.6950
vn 0.5770 0.5788 0.5763
vn 0.6962 0.1753 0.6961
vn 0.6962 0.6969 0.1723
vn 0.9807 0.0004 0.1954
vn 0.1950 0.0022 0.9808
vn 0.7068 0.0016 0.7074
vn 0.5774 -0.5773 0.5774
vn 0.1179 0.8599 -0.4967
vn 0.1828 0.8258 0.5336
vn 0.9624 0.2649 -0.0607
vn 0.1073 0.9942 -0.0005
vn 0.5456 0.8356 -0.0631
vn 0.7390 0.6114 0.2830
vn 0.6224 0.6767 -0.3932
vn -0.0428 0.8505 0.5242
vn -0.0097 0.8716 -0.4900
vn -0.0260 0.9996 0.0144
vt 0.500000 0.262012
vt 0.598603 0.274886
vt 0.610693 0.375000
vt 0.500000 0.375000
vt 0.385454 0.125000
vt 0.489546 0.125000
vt 0.489546 0.167922
vt 0.385454 0.167922
vt 0.500000 0.760575
vt 0.555014 0.760576
vt 0.599889 0.814246
vt 0.500000 0.814246
vt 0.764224 0.735411
vt 0.875000 0.735411
vt 0.875000 0.742288
vt 0.764224 0.742288
vt 0.385454 0.742408
vt 0.500000 0.742408
vt 0.500000 0.743003
vt 0.385454 0.743003
vt 0.385454 0.261957
vt 0.385454 0.375000
vt 0.696277 0.621292
vt 0.744434 0.625000
vt 0.742131 0.667577
vt 0.699241 0.667577
vt 0.625000 0.592587
vt 0.689246 0.588385
vt 0.695532 0.620378
vt 0.625000 0.614504
vt 0.532138 0.625000
vt 0.500000 0.625000
vt 0.532138 0.625000
vt 0.515575 0.167922
vt 0.625000 0.167922
vt 0.625000 0.210843
vt 0.515575 0.210843
vt 0.500000 0.435754
vt 0.599889 0.435754
vt 0.555014 0.489425
vt 0.500000 0.489425
vt 0.632825 0.505965
vt 0.689246 0.506657
vt 0.689246 0.539157
vt 0.632485 0.539157
vt 0.515575 0.210843
vt 0.625000 0.242288
vt 0.515575 0.242288
vt 0.250000 0.507712
vt 0.310754 0.506657
vt 0.310754 0.539157
vt 0.250000 0.539157
vt 0.385454 0.582078
vt 0.500000 0.582078
vt 0.500000 0.614024
vt 0.385454 0.614024
vt 0.625000 0.548722
vt 0.625000 0.572513
vt 0.625000 0.572513
vt 0.625000 0.548722
vt 0.375000 0.625000
vt 0.375000 0.582078
vt 0.375000 0.614024
vt 0.135575 0.539157
vt 0.250000 0.582078
vt 0.135575 0.582078
vt 0.532138 0.625000
vt 0.375000 0.550133
vt 0.375000 0.550133
vt 0.386004 0.550133
vt 0.500000 0.550133
vt 0.632485 0.539157
vt 0.689246 0.573113
vt 0.633114 0.572316
vt 0.364424 0.506014
vt 0.364425 0.546190
vt 0.135575 0.582078
vt 0.250000 0.625000
vt 0.135575 0.625000
vt 0.135575 0.735411
vt 0.250000 0.735411
vt 0.250000 0.742289
vt 0.135575 0.742288
vt 0.632869 0.735411
vt 0.689246 0.735411
vt 0.689246 0.742653
vt 0.632869 0.742979
vt 0.385679 0.505815
vt 0.500000 0.505815
vt 0.500000 0.533341
vt 0.386064 0.533341
vt 0.764224 0.507712
vt 0.875000 0.507712
vt 0.875000 0.539157
vt 0.764224 0.539157
vt 0.135575 0.507712
vt 0.135575 0.539157
vt 0.310754 0.735411
vt 0.310754 0.742653
vt 0.250000 0.742288
vt 0.385454 0.210843
vt 0.489546 0.210843
vt 0.489546 0.242288
vt 0.385454 0.242288
vt 0.135575 0.625000
vt 0.250000 0.667577
vt 0.135575 0.667577
vt 0.764224 0.539157
vt 0.875000 0.582078
vt 0.764224 0.582078
vt 0.764224 0.625000
vt 0.875000 0.625000
vt 0.875000 0.667577
vt 0.764224 0.667577
vt 0.515575 0.007712
vt 0.625000 0.007712
vt 0.625000 0.014589
vt 0.515575 0.014589
vt 0.742131 0.735411
vt 0.742131 0.742337
vt 0.689246 0.742653
vt 0.385454 0.760575
vt 0.500000 0.760576
vt 0.385454 0.814246
vt 0.385454 0.014589
vt 0.489546 0.014589
vt 0.489546 0.082423
vt 0.385454 0.082423
vt 0.489546 0.167922
vt 0.385454 0.082423
vt 0.489546 0.082423
vt 0.515575 0.125000
vt 0.625000 0.125000
vt 0.310754 0.582078
vt 0.385576 0.625435
vt 0.310754 0.625000
vt 0.573370 0.582078
vt 0.544186 0.614024
vt 0.515575 0.082423
vt 0.625000 0.082423
vt 0.545367 0.550133
vt 0.386295 0.539157
vt 0.500000 0.539157
vt 0.386295 0.539157
vt 0.742131 0.539157
vt 0.741689 0.582078
vt 0.697557 0.582078
vt 0.689246 0.573113
vt 0.632869 0.717373
vt 0.699241 0.668019
vt 0.689246 0.625000
vt 0.689246 0.660968
vt 0.689246 0.660968
vt 0.500000 0.735411
vt 0.385453 0.735411
vt 0.385454 0.735411
vt 0.385454 0.875000
vt 0.500000 0.875000
vt 0.500000 0.987988
vt 0.385454 0.988043
vt 0.610693 0.875000
vt 0.598603 0.975114
vt 0.742131 0.667577
vt 0.375000 0.728414
vt 0.375000 0.667577
vt 0.375000 0.728414
vt 0.681507 0.673354
vt 0.634072 0.708766
vt 0.634126 0.708726
vt 0.681506 0.673354
vt 0.385454 0.631997
vt 0.500000 0.631997
vt 0.500000 0.667577
vt 0.385454 0.667577
vt 0.385453 0.625000
vt 0.385454 0.625000
vt 0.385454 0.625000
vt 0.693610 0.621740
vt 0.375000 0.631997
vt 0.135575 0.667577
vt 0.515575 0.014589
vt 0.515575 0.082423
vt 0.310754 0.667577
vt 0.364425 0.728202
vt 0.532138 0.539157
vt 0.532138 0.539157
vt 0.385454 0.435754
vt 0.385454 0.489425
vt 0.532138 0.742403
vt 0.532138 0.743008
vt 0.500000 0.743003
vt 0.638382 0.625000
vt 0.637725 0.625000
vt 0.531329 0.505815
vt 0.531329 0.533341
vt 0.364425 0.728184
vt 0.364424 0.742947
vt 0.742131 0.507495
vt 0.385454 0.375000
vt 0.532139 0.735411
vt 0.532139 0.735411
vt 0.385576 0.625794
vt 0.686816 0.661506
vt 0.637725 0.625000
vt 0.634289 0.673355
vt 0.681506 0.673354
vt 0.641147 0.627536
vt 0.688626 0.662847
vt 0.641042 0.662847
vt 0.500000 0.728414
vt 0.385454 0.728414
vt 0.601625 0.667577
vt 0.522234 0.711912
vt 0.530338 0.728389
vt 0.500000 0.631997
vt 0.562370 0.631663
vt 0.601625 0.667577
vt 0.625000 0.722550
vt 0.625000 0.728399
vt 0.625000 0.614507
vt 0.625000 0.592583
vt 0.364425 0.551102
vt 0.136266 0.750000
vt 0.129762 0.750000
vt 0.125000 0.742288
vt 0.385454 1.000000
vt 0.379418 1.000000
vt 0.375000 0.988734
vt 0.385454 0.007712
vt 0.375000 0.007712
vt 0.375000 0.003259
vt 0.385454 0.000000
vt 0.385454 0.250000
vt 0.379418 0.250000
vt 0.375000 0.242288
vt 0.375000 0.261266
vt 0.375000 0.254762
vt 0.125000 0.507712
vt 0.125000 0.503259
vt 0.136266 0.500000
vt 0.385454 0.750000
vt 0.376473 0.750504
vt 0.375000 0.743003
vt 0.375000 0.760575
vt 0.385454 0.750000
vt 0.364424 0.750000
vt 0.631723 0.750000
vt 0.620195 0.749017
vt 0.625000 0.743023
vt 0.544019 0.750000
vt 0.625000 0.756723
vt 0.385454 0.500000
vt 0.374983 0.500819
vt 0.375000 0.489425
vt 0.375000 0.505815
vt 0.364425 0.500000
vt 0.625000 0.494646
vt 0.618174 0.500587
vt 0.550320 0.500000
vt 0.625000 0.505928
vt 0.630354 0.500000
vt 0.550320 0.500000
vt 0.376772 0.625000
vt 0.375000 0.625000
vt 0.625000 0.625000
vt 0.619919 0.625000
vt 0.625157 0.625000
vt 0.620902 0.624115
vt 0.376591 0.539157
vt 0.375000 0.539157
vt 0.625000 0.536063
vt 0.622536 0.539139
vt 0.537876 0.539157
vt 0.625000 0.545252
vt 0.626294 0.534331
vt 0.625000 0.539157
vt 0.537876 0.539157
vt 0.625000 0.547821
vt 0.618159 0.539910
vt 0.544237 0.539157
vt 0.625000 0.547821
vt 0.544237 0.539157
vt 0.625000 0.616050
vt 0.615884 0.624010
vt 0.543260 0.625000
vt 0.543260 0.625000
vt 0.376473 0.623454
vt 0.375000 0.614024
vt 0.375000 0.614024
vt 0.376591 0.540703
vt 0.500000 0.007712
vt 0.500000 0.003259
vt 0.513849 0.000000
vt 0.489547 0.007712
vt 0.494484 0.000000
vt 0.499550 0.000000
vt 0.500000 0.007712
vt 0.513849 1.000000
vt 0.503481 1.000000
vt 0.491582 0.997350
vt 0.500000 0.242288
vt 0.501010 0.248914
vt 0.494484 0.250000
vt 0.513849 0.250000
vt 0.506622 0.256598
vt 0.750000 0.507712
vt 0.750000 0.503259
vt 0.764020 0.500000
vt 0.742465 0.500000
vt 0.746915 0.500000
vt 0.625000 0.360980
vt 0.625000 0.369251
vt 0.613290 0.387121
vt 0.625000 0.867465
vt 0.625000 0.871915
vt 0.612517 0.882340
vt 0.750000 0.742288
vt 0.750000 0.746741
vt 0.742465 0.750000
vt 0.764020 0.750000
vt 0.755749 0.750000
vt 0.625000 0.573788
vt 0.625000 0.581295
vt 0.625000 0.582078
vt 0.627164 0.582078
vt 0.625000 0.581546
vt 0.625000 0.589205
vt 0.625000 0.581991
vt 0.625000 0.582078
vt 0.625000 0.574766
vt 0.602198 0.589205
vt 0.531934 0.735411
vt 0.620096 0.735417
vt 0.625000 0.738960
vt 0.625000 0.735411
vt 0.531934 0.735411
vt 0.625000 0.731950
vt 0.625000 0.738960
vt 0.625000 0.731922
vt 0.375000 0.735411
vt 0.376473 0.735411
vt 0.385454 0.735411
vt 0.375000 0.735411
vt 0.385454 0.735411
vt 0.688346 0.582413
vt 0.686627 0.575618
vt 0.689246 0.667577
vt 0.688464 0.668053
vt 0.686481 0.669641
vt 0.689246 0.666367
vt 0.686481 0.669641
vt 0.688630 0.666570
vt 0.625000 0.720107
vt 0.625018 0.715738
vt 0.629138 0.712450
vt 0.625000 0.715539
vt 0.629138 0.712450
vt 0.376473 0.625986
vt 0.375000 0.631997
vt 0.618257 0.625095
vt 0.561423 0.625000
vt 0.625000 0.627302
vt 0.640058 0.625490
vt 0.625000 0.627302
vt 0.625000 0.717286
vt 0.625000 0.715399
vt 0.625000 0.712214
vt 0.629419 0.712240
vt 0.611975 0.734427
vt 0.625000 0.728408
vt 0.532258 0.735411
vt 0.625000 0.735411
vt 0.532258 0.735411
vt 0.376473 0.734425
vt 0.638221 0.667577
vt 0.626965 0.667578
vt 0.625000 0.662702
vt 0.625000 0.672874
vt 0.638221 0.667577
vt 0.605264 0.672642
vt 0.125000 0.735411
vt 0.375000 0.014589
vt 0.385454 0.014589
vt 0.624992 1.000000
vt 0.624992 0.000000
vt 0.250000 0.500000
vt 0.375000 0.375000
vt 0.687142 0.500000
vt 0.625000 0.437858
vt 0.499797 0.500000
vt 0.500000 0.750000
vt 0.310754 0.750000
vt 0.375000 0.814246
vt 0.874993 0.750000
vt 0.625000 0.889020
vt 0.625000 0.999993
vt 0.125000 0.625000
vt 0.125000 0.582078
vt 0.375000 0.167922
vt 0.375000 0.125000
vt 0.688440 0.625184
vt 0.125000 0.539157
vt 0.375000 0.210843
vt 0.501799 0.539157
vt 0.503098 0.539157
vt 0.494484 1.000000
vt 0.624992 0.250000
vt 0.537876 0.539157
vt 0.500000 0.210843
vt 0.500000 0.167922
vt 0.500000 0.125000
vt 0.500000 0.082423
vt 0.310754 0.500000
vt 0.375000 0.435754
vt 0.874993 0.500000
vt 0.625000 0.250007
vt 0.250000 0.750000
vt 0.375000 0.875000
vt 0.689246 0.750000
vt 0.625000 0.814246
vt 0.750000 0.539274
vt 0.750000 0.625004
vt 0.750000 0.582078
vt 0.750000 0.735397
vt 0.627164 0.582078
vt 0.687993 0.582078
vt 0.125000 0.667577
vt 0.375000 0.082423
vt 0.500000 0.014589
vt 0.500000 0.007712
vt 0.489546 0.014589
vt 0.750000 0.667499
vt 0.688186 0.667577
vt 0.689246 0.500000
vt 0.625000 0.382535
vt 0.625000 0.435754
vt 0.687142 0.750000
vt 0.625000 0.812142
vt 0.500060 0.735411
vt 0.532258 0.735411
vt 0.625000 0.672874
s 1
usemtl Parede
f 274/146/214 168/147/120 308/148/241 130/149/98
f 200/150/152 289/151/228 349/152/228 329/153/152
f 283/154/223 179/155/131 404/156/313 144/157/97
f 381/158/302 135/159/95 159/160/111 318/161/251
f 369/162/293 378/163/299 282/164/222 171/165/123
f 162/166/114 274/146/214 130/149/98 303/167/236
f 398/168/310 324/169/257 389/170/304 413/171/322
f 334/172/264 407/173/316 398/174/310 212/175/163
f 211/176/162 285/177/225 298/177/231 246/178/197
f 350/179/227 131/180/95 126/181/95 294/182/227
f 141/183/98 392/184/307 192/185/144 279/186/219
f 193/187/145 393/188/308 140/189/100 229/190/180
f 294/191/227 126/181/95 169/192/121 273/193/213
f 304/194/237 402/195/237 143/196/96 128/197/96
f 346/198/276 133/199/99 297/200/230 251/201/123
f 230/202/181 332/203/262 341/204/271 237/205/188
f 203/206/155 132/207/96 347/207/277 253/208/203
f 225/209/176 128/197/96 134/210/96 330/211/151
f 286/177/226 210/212/161 435/212/338 442/177/219
f 132/207/96 220/213/171 258/214/139 347/207/277
f 260/215/138 301/216/234 133/199/99 346/198/276
f 229/217/180 140/189/100 408/218/317 333/219/263
f 402/195/237 187/220/139 220/221/171 143/196/96
f 330/222/151 134/210/96 127/223/96 199/224/151
f 356/225/151 136/226/96 313/227/246 151/228/103
f 361/229/285 146/230/101 405/231/314 178/232/130
f 186/233/138 280/234/220 291/235/220 218/236/169
f 306/237/239 169/238/121 126/239/95 326/240/259
f 163/241/115 304/194/237 128/197/96 225/242/176
f 136/226/96 147/243/96 396/244/246 313/245/246
f 130/149/98 308/148/241 392/184/307 141/183/98
f 226/246/177 295/247/228 272/248/212 161/249/113
f 199/250/151 127/223/96 139/251/96 387/252/151
f 326/253/259 126/239/95 131/254/95 353/255/280
f 323/256/256 125/257/95 137/258/95 390/259/305
f 265/260/205 159/261/111 135/262/95 374/263/227
f 146/230/101 380/264/301 317/265/250 405/266/314
f 172/267/124 283/268/223 144/157/97 395/269/247
f 355/270/152 375/271/228 383/272/228 386/273/152
f 329/153/152 349/274/228 295/247/228 226/246/177
f 386/275/152 383/276/228 289/151/228 200/150/152
f 288/277/227 125/278/95 131/180/95 350/179/227
f 145/279/96 132/207/96 203/280/155 142/281/96
f 133/199/99 340/282/270 244/283/195 297/200/230
f 384/284/227 137/285/95 125/278/95 288/277/227
f 301/216/234 238/286/189 340/282/270 133/199/99
f 219/287/170 292/288/219 300/288/233 259/289/137
f 140/189/100 327/290/260 352/291/279 409/292/318 408/293/317
f 418/294/327 413/295/322 146/230/101 361/229/285
f 399/296/311 412/297/321 477/298/371 149/296/102
f 377/299/298 368/300/292 464/301/124 460/299/360
f 314/302/247 129/303/97 267/304/207 152/305/104
f 129/303/97 316/306/249 158/307/110 267/304/207
f 413/171/322 389/308/304 380/264/301 146/230/101
f 367/309/291 138/310/96 426/310/277 462/311/125
f 411/312/320 420/313/329 447/314/347 476/315/370
f 429/316/138 443/317/220 150/318/99 425/319/276
f 202/320/154 286/177/226 442/177/219 428/321/334
f 353/255/280 131/254/95 125/257/95 323/256/256
f 285/177/225 204/322/156 252/321/202 298/177/231
f 407/173/316 409/292/318 352/291/279 324/169/257 398/323/310
f 138/310/96 203/206/155 430/324/335 426/310/277
f 387/325/151 139/251/96 136/226/96 356/225/151
f 390/259/305 137/258/95 135/159/95 381/158/302
f 374/326/227 135/262/95 137/285/95 384/327/227
f 127/223/96 142/281/96 148/328/96 139/251/96
f 139/251/96 148/328/96 147/243/96 136/226/96
f 148/328/96 138/310/96 367/329/291 147/243/96
f 128/197/96 143/196/96 145/279/96 134/210/96
f 292/288/219 231/330/182 239/331/190 300/288/233
f 401/332/236 141/183/98 279/186/219 185/333/137
f 378/163/299 358/334/282 180/335/132 282/336/222
f 209/337/160 399/296/311 149/296/102 436/338/339
f 280/234/220 194/339/146 228/340/179 291/235/220
f 147/243/96 367/341/291 173/342/125 396/244/246
f 393/188/308 307/343/240 327/290/260 140/189/100
f 303/344/236 130/149/98 141/183/98 401/332/236
f 134/210/96 145/279/96 142/281/96 127/223/96
f 144/157/97 404/156/313 316/306/249 129/303/97
f 395/269/247 144/157/97 129/303/97 314/302/247
f 359/345/283 377/299/298 460/299/360 453/346/353
f 142/281/96 203/347/155 138/310/96 148/328/96
f 477/348/371 436/349/339 149/296/102
f 470/350/364 476/351/370 447/314/347
f 436/352/339 477/353/371 469/354/363
f 425/319/276 150/318/99 459/355/359 463/356/123
f 150/318/99 471/357/365 446/358/346 454/359/354 459/355/359
f 443/360/220 437/361/340 471/362/365 150/318/99
f 419/363/328 360/364/284 452/364/352 445/363/345
f 334/172/264 212/175/163 245/365/196 339/366/269
f 143/196/96 220/367/171 132/207/96 145/279/96
f 151/228/103 154/368/106 155/369/107 157/370/109
f 152/305/104 156/371/108 155/372/107 154/373/106
f 153/374/105 157/375/109 155/376/107 156/377/108
f 161/249/113 164/378/116 165/379/117 167/380/119
f 162/166/114 166/381/118 165/382/117 164/378/116
f 163/241/115 167/383/119 165/384/117 166/385/118
f 171/165/123 174/386/126 175/387/127 177/388/129
f 172/267/124 176/389/128 175/387/127 174/390/126
f 173/342/125 177/388/129 175/387/127 176/391/128
f 178/232/130 181/392/133 182/393/134 184/394/136
f 179/155/131 183/395/135 182/393/134 181/396/133
f 180/335/132 184/394/136 182/393/134 183/395/135
f 185/333/137 188/397/140 189/398/141 191/399/143
f 186/233/138 190/400/142 189/398/141 188/397/140
f 187/220/139 191/401/143 189/398/141 190/400/142
f 192/185/144 195/402/147 196/403/148 198/404/150
f 193/187/145 197/405/149 196/403/148 195/406/147
f 194/339/146 198/407/150 196/403/148 197/405/149
f 202/320/154 205/206/157 206/408/98 208/321/159
f 203/206/155 207/206/158 206/408/98 205/206/157
f 204/322/156 208/321/159 206/408/98 207/409/158
f 209/337/160 213/410/164 214/411/165 217/412/168
f 210/212/161 215/212/166 214/411/165 213/410/164
f 211/176/162 216/410/167 214/411/165 215/212/166
f 212/175/163 217/412/168 214/411/165 216/413/167
f 218/236/169 221/289/172 222/414/173 224/415/175
f 219/287/170 223/415/174 222/414/173 221/289/172
f 220/221/171 224/415/175 222/414/173 223/415/174
f 228/340/179 232/416/183 233/417/184 236/418/187
f 229/217/180 234/419/185 233/417/184 232/420/183
f 230/202/181 235/421/186 233/417/184 234/419/185
f 231/330/182 236/422/187 233/417/184 235/421/186
f 237/205/188 240/423/191 241/424/192 243/421/194
f 238/286/189 242/425/193 241/424/192 240/426/191
f 239/331/190 243/421/194 241/424/192 242/427/193
f 244/283/195 247/428/198 248/429/199 250/430/201
f 245/365/196 249/410/200 248/429/199 247/428/198
f 246/178/197 250/431/201 248/429/199 249/410/200
f 251/201/123 254/321/126 255/432/127 257/433/129
f 252/321/202 256/206/204 255/432/127 254/321/126
f 253/208/203 257/434/129 255/432/127 256/206/204
f 258/214/139 261/415/143 262/435/141 264/214/142
f 259/289/137 263/289/140 262/435/141 261/415/143
f 260/215/138 264/214/142 262/435/141 263/289/140
f 265/260/205 268/436/208 269/437/209 271/438/211
f 266/439/206 270/440/210 269/441/209 268/442/208
f 267/304/207 271/443/211 269/444/209 270/445/210
f 272/248/212 275/446/215 276/447/216 278/448/218
f 273/193/213 277/449/217 276/447/216 275/446/215
f 274/146/214 278/448/218 276/447/216 277/450/217
f 306/237/239 309/451/242 310/452/243 312/453/245
f 307/343/240 311/454/244 310/455/243 309/451/242
f 308/148/241 312/456/245 310/457/243 311/458/244
f 316/306/249 319/459/252 320/460/253 322/461/255
f 317/265/250 321/462/254 320/463/253 319/464/252
f 318/161/251 322/465/255 320/466/253 321/462/254
f 332/203/262 335/467/265 336/468/266 338/469/268
f 333/219/263 337/470/267 336/468/266 335/467/265
f 334/172/264 338/469/268 336/468/266 337/471/267
f 339/366/269 342/472/272 343/473/273 345/474/275
f 340/282/270 344/475/274 343/473/273 342/476/272
f 341/204/271 345/474/275 343/473/273 344/475/274
f 358/334/282 362/477/286 363/478/287 366/479/290
f 359/345/283 364/480/288 363/478/287 362/481/286
f 360/364/284 365/482/289 363/478/287 364/480/288
f 361/229/285 366/483/290 363/478/287 365/484/289
f 367/309/291 370/485/294 371/486/295 373/485/297
f 368/300/292 372/487/296 371/486/295 370/485/294
f 369/162/293 373/488/297 371/486/295 372/489/296
f 407/173/316 410/490/319 409/292/318
f 410/490/319 408/491/317 409/292/318
f 411/312/320 414/492/323 415/493/324 417/494/326
f 412/297/321 416/495/325 415/493/324 414/492/323
f 413/295/322 417/496/326 415/493/324 416/497/325
f 418/294/327 421/498/330 422/499/331 424/500/333
f 419/363/328 423/501/332 422/499/331 421/498/330
f 420/313/329 424/502/333 422/499/331 423/501/332
f 428/321/334 431/321/140 432/503/336 434/206/337
f 429/316/138 433/504/142 432/503/336 431/321/140
f 430/324/335 434/206/337 432/503/336 433/324/142
f 435/212/338 438/410/341 439/505/342 441/506/344
f 436/352/339 440/507/343 439/505/342 438/508/341
f 437/361/340 441/506/344 439/505/342 440/509/343
f 445/363/345 448/510/348 449/511/349 451/501/351
f 446/358/346 450/512/350 449/511/349 448/510/348
f 447/314/347 451/501/351 449/511/349 450/513/350
f 452/364/352 455/480/355 456/514/356 458/515/358
f 453/346/353 457/516/357 456/514/356 455/517/355
f 454/359/354 458/515/358 456/514/356 457/518/357
f 462/311/125 465/311/129 466/519/362 468/488/128
f 463/356/123 467/487/126 466/519/362 465/311/129
f 464/301/124 468/485/128 466/519/362 467/487/126
f 469/354/363 472/520/366 473/521/367 475/522/369
f 470/350/364 474/523/368 473/521/367 472/524/366
f 471/362/365 475/522/369 473/521/367 474/525/368
f 356/225/151 151/228/103 157/370/109 357/526/153
f 357/527/153 157/375/109 153/374/105 355/528/152
f 267/304/207 158/307/110 160/529/112 271/443/211
f 271/438/211 160/530/112 159/261/111 265/260/205
f 274/146/214 162/166/114 164/378/116 278/448/218
f 278/448/218 164/378/116 161/249/113 272/248/212
f 304/194/237 163/241/115 166/385/118 305/531/238
f 305/532/238 166/381/118 162/166/114 303/167/236
f 393/188/308 193/187/145 195/406/147 394/533/309
f 394/534/309 195/402/147 192/185/144 392/184/307
f 280/234/220 186/233/138 188/397/140 281/535/221
f 281/535/221 188/397/140 185/333/137 279/186/219
f 220/221/171 187/220/139 190/400/142 224/415/175
f 224/415/175 190/400/142 186/233/138 218/236/169
f 361/229/285 178/232/130 184/394/136 366/483/290
f 366/483/290 184/394/136 180/335/132 358/334/282
f 283/268/223 172/267/124 174/386/126 284/536/224
f 284/536/224 174/386/126 171/165/123 282/164/222
f 396/244/246 173/342/125 176/391/128 397/537/248
f 397/538/248 176/389/128 172/267/124 395/269/247
f 318/161/251 159/160/111 160/539/112 322/465/255
f 322/540/255 160/541/112 158/307/110 316/306/249
f 330/222/151 199/224/151 201/542/153 331/543/153
f 331/544/153 201/545/153 200/150/152 329/153/152
f 399/296/311 209/337/160 217/412/168 400/546/312
f 400/546/312 217/412/168 212/175/163 398/174/310
f 286/177/226 202/320/154 208/321/159 287/177/159
f 287/177/159 208/321/159 204/322/156 285/177/225
f 163/241/115 225/242/176 227/547/178 167/383/119
f 167/380/119 227/548/178 226/246/177 161/249/113
f 193/187/145 229/190/180 232/416/183 197/405/149
f 197/405/149 232/416/183 228/340/179 194/339/146
f 292/288/219 219/287/170 221/289/172 293/549/221
f 293/549/221 221/289/172 218/236/169 291/235/220
f 339/366/269 245/365/196 247/428/198 342/472/272
f 342/472/272 247/428/198 244/283/195 340/282/270
f 298/177/231 252/321/202 254/321/126 299/177/232
f 299/177/232 254/321/126 251/201/123 297/200/230
f 347/207/277 258/214/139 264/214/142 348/207/278
f 348/207/278 264/214/142 260/215/138 346/198/276
f 301/216/234 260/215/138 263/289/140 302/550/235
f 302/550/235 263/289/140 259/289/137 300/288/233
f 211/176/162 246/178/197 249/410/200 216/410/167
f 216/410/167 249/410/200 245/365/196 212/175/163
f 239/331/190 231/330/182 235/421/186 243/421/194
f 243/421/194 235/421/186 230/202/181 237/205/188
f 258/214/139 220/213/171 223/415/174 261/415/143
f 261/415/143 223/415/174 219/287/170 259/289/137
f 203/206/155 253/208/203 256/206/204 207/206/158
f 207/206/158 256/206/204 252/321/202 204/322/156
f 152/305/104 267/304/207 270/551/210 156/371/108
f 156/377/108 270/440/210 266/439/206 153/374/105
f 168/147/120 274/146/214 277/449/217 170/552/122
f 170/552/122 277/449/217 273/193/213 169/192/121
f 194/339/146 280/234/220 281/535/221 198/407/150
f 198/407/150 281/535/221 279/186/219 192/185/144
f 179/155/131 283/154/223 284/536/224 183/395/135
f 183/395/135 284/536/224 282/336/222 180/335/132
f 210/212/161 286/177/226 287/177/159 215/212/166
f 215/212/166 287/177/159 285/177/225 211/176/162
f 231/330/182 292/288/219 293/549/221 236/553/187
f 236/553/187 293/549/221 291/235/220 228/340/179
f 246/178/197 298/177/231 299/177/232 250/431/201
f 250/431/201 299/177/232 297/200/230 244/283/195
f 238/286/189 301/216/234 302/550/235 242/425/193
f 242/425/193 302/550/235 300/288/233 239/331/190
f 350/179/227 294/182/227 296/554/229 351/555/229
f 351/555/229 296/554/229 295/247/228 349/274/228
f 384/284/227 288/277/227 290/556/229 385/557/229
f 385/557/229 290/556/229 289/151/228 383/276/228
f 294/191/227 273/193/213 275/446/215 296/554/229
f 296/554/229 275/446/215 272/248/212 295/247/228
f 402/195/237 304/194/237 305/531/238 403/558/238
f 403/559/238 305/532/238 303/344/236 401/332/236
f 169/238/121 306/237/239 312/453/245 170/560/122
f 170/561/122 312/456/245 308/148/241 168/147/120
f 151/228/103 313/227/246 315/562/248 154/368/106
f 154/373/106 315/563/248 314/302/247 152/305/104
f 405/266/314 317/265/250 319/464/252 406/564/315
f 406/565/315 319/459/252 316/306/249 404/156/313
f 306/237/239 326/240/259 328/566/261 309/451/242
f 309/451/242 328/566/261 327/290/260 307/343/240
f 353/255/280 323/256/256 325/567/258 354/568/281
f 354/568/281 325/567/258 324/169/257 352/291/279
f 381/158/302 318/161/251 321/462/254 382/569/303
f 382/569/303 321/462/254 317/265/250 380/264/301
f 225/209/176 330/211/151 331/543/153 227/547/178
f 227/548/178 331/544/153 329/153/152 226/246/177
f 229/217/180 333/219/263 335/467/265 234/419/185
f 234/419/185 335/467/265 332/203/262 230/202/181
f 237/205/188 341/204/271 344/475/274 240/423/191
f 240/423/191 344/475/274 340/282/270 238/286/189
f 253/208/203 347/207/277 348/207/278 257/434/129
f 257/434/129 348/207/278 346/198/276 251/201/123
f 288/277/227 350/179/227 351/555/229 290/556/229
f 290/556/229 351/555/229 349/152/228 289/151/228
f 326/253/259 353/255/280 354/568/281 328/566/261
f 328/566/261 354/568/281 352/291/279 327/290/260
f 407/173/316 334/172/264 337/570/267 410/571/319
f 410/571/319 337/570/267 333/219/263 408/218/317
f 334/172/264 339/366/269 345/474/275 338/469/268
f 338/469/268 345/474/275 341/204/271 332/203/262
f 387/325/151 356/225/151 357/526/153 388/572/153
f 388/573/153 357/527/153 355/270/152 386/273/152
f 418/294/327 361/229/285 365/482/289 421/498/330
f 421/498/330 365/482/289 360/364/284 419/363/328
f 173/342/125 367/341/291 373/488/297 177/388/129
f 177/388/129 373/488/297 369/162/293 171/165/123
f 265/260/205 374/263/227 376/574/229 268/575/208
f 268/575/208 376/574/229 375/576/228 266/439/206
f 390/259/305 381/158/302 382/569/303 391/577/306
f 391/577/306 382/569/303 380/264/301 389/308/304
f 378/163/299 369/162/293 372/487/296 379/299/300
f 379/299/300 372/487/296 368/300/292 377/299/298
f 358/334/282 378/163/299 379/299/300 362/477/286
f 362/477/286 379/299/300 377/299/298 359/345/283
f 374/326/227 384/327/227 385/557/229 376/574/229
f 376/574/229 385/557/229 383/272/228 375/271/228
f 199/250/151 387/252/151 388/572/153 201/542/153
f 201/545/153 388/573/153 386/275/152 200/150/152
f 477/298/371 412/297/321 414/492/323 478/578/372
f 478/578/372 414/492/323 411/312/320 476/315/370
f 419/363/328 445/363/345 451/501/351 423/501/332
f 423/501/332 451/501/351 447/314/347 420/313/329
f 323/256/256 390/259/305 391/577/306 325/567/258
f 325/567/258 391/577/306 389/170/304 324/169/257
f 367/309/291 462/311/125 468/488/128 370/485/294
f 370/485/294 468/488/128 464/301/124 368/300/292
f 307/343/240 393/188/308 394/579/309 311/454/244
f 311/580/244 394/581/309 392/184/307 308/148/241
f 313/245/246 396/244/246 397/537/248 315/562/248
f 315/563/248 397/538/248 395/269/247 314/302/247
f 187/220/139 402/195/237 403/558/238 191/401/143
f 191/399/143 403/559/238 401/332/236 185/333/137
f 178/232/130 405/231/314 406/582/315 181/392/133
f 181/396/133 406/583/315 404/156/313 179/155/131
f 398/168/310 413/171/322 416/495/325 400/546/312
f 400/546/312 416/495/325 412/297/321 399/296/311
f 413/295/322 418/294/327 424/500/333 417/494/326
f 417/494/326 424/500/333 420/313/329 411/312/320
f 202/320/154 428/321/334 434/206/337 205/206/157
f 205/206/157 434/206/337 430/324/335 203/206/155
f 426/310/277 430/324/335 433/324/142 427/310/278
f 427/310/278 433/324/142 429/316/138 425/319/276
f 443/317/220 429/316/138 431/321/140 444/177/221
f 444/177/221 431/321/140 428/321/334 442/177/219
f 437/361/340 443/360/220 444/177/221 441/506/344
f 441/506/344 444/177/221 442/177/219 435/212/338
f 445/363/345 452/364/352 458/515/358 448/510/348
f 448/510/348 458/515/358 454/359/354 446/358/346
f 460/299/360 464/301/124 467/487/126 461/584/361
f 461/584/361 467/487/126 463/356/123 459/355/359
f 453/346/353 460/299/360 461/584/361 457/585/357
f 457/585/357 461/584/361 459/355/359 454/359/354
f 462/311/125 426/310/277 427/310/278 465/311/129
f 465/311/129 427/310/278 425/319/276 463/356/123
f 436/352/339 469/354/363 475/522/369 440/507/343
f 440/507/343 475/522/369 471/362/365 437/361/340
f 476/351/370 470/350/364 472/524/366 478/578/372
f 478/578/372 472/524/366 469/354/363 477/353/371
f 470/350/364 447/314/347 450/512/350 474/586/368
f 474/586/368 450/512/350 446/358/346 471/357/365
f 359/345/283 453/346/353 455/517/355 364/480/288
f 364/480/288 455/517/355 452/364/352 360/364/284
f 435/212/338 210/212/161 213/410/164 438/410/341
f 438/410/341 213/410/164 209/337/160 436/338/339
f 153/374/105 266/439/206 375/576/228 355/528/152
o Cube.002
v 0.183247 1.248117 -0.182620
v 0.066445 1.249165 -0.182620
v 0.066445 1.249165 0.648934
v 0.183247 1.248117 0.648934
v 0.183247 1.248117 0.239183
v 0.066445 1.249165 0.239183
v -0.460443 0.604427 -0.773583
v -0.503410 0.604427 -0.773583
v -0.481927 0.625910 -0.803964
v -0.481927 0.595528 -0.773583
v -0.481927 0.601104 -0.791124
v -0.497117 0.610719 -0.795066
v -0.466736 0.610719 -0.795066
v -0.497885 0.641868 -0.803964
v -0.519368 0.620385 -0.773583
v -0.519368 0.663352 -0.773583
v -0.513076 0.626678 -0.795066
v -0.522691 0.641868 -0.791124
v -0.528267 0.641868 -0.773583
v -0.513076 0.657059 -0.795066
v 0.183247 1.248117 -0.773583
v 0.161763 1.226634 -0.803965
v 0.176954 1.241825 -0.795066
v 0.102839 1.285558 -0.773583
v 0.145805 1.285558 -0.773583
v 0.124322 1.264075 -0.803965
v 0.124322 1.294457 -0.773583
v 0.124322 1.288882 -0.791124
v 0.139513 1.279266 -0.795066
v 0.109131 1.279266 -0.795066
v -0.481927 0.625910 0.841758
v -0.503410 0.604427 0.811376
v -0.460443 0.604427 0.811376
v -0.497117 0.610719 0.832860
v -0.481926 0.601104 0.828918
v -0.481926 0.595528 0.811376
v -0.466735 0.610719 0.832860
v -0.519368 0.663352 0.811376
v -0.519368 0.620385 0.811376
v -0.497885 0.641868 0.841758
v -0.528267 0.641868 0.811376
v -0.522691 0.641868 0.828917
v -0.513076 0.626678 0.832860
v -0.513076 0.657059 0.832860
v 0.161763 1.226634 0.841758
v 0.183247 1.248117 0.811376
v 0.176954 1.241825 0.832859
v 0.102839 1.285558 0.811376
v 0.124322 1.264075 0.841758
v 0.145805 1.285558 0.811376
v 0.109131 1.279266 0.832859
v 0.124322 1.288882 0.828917
v 0.139513 1.279266 0.832859
v 0.124322 1.294457 0.811376
v 0.125370 1.233207 -0.803965
v 0.146853 1.168757 -0.773583
v 0.103887 1.168757 -0.773583
v 0.131662 1.196532 -0.795066
v 0.125370 1.190240 -0.791124
v 0.125370 1.177656 -0.773583
v 0.119078 1.196532 -0.795066
v 0.087929 1.227682 -0.803965
v 0.066445 1.249165 -0.773583
v 0.072738 1.242873 -0.795066
v 0.103887 1.168757 0.811376
v 0.146853 1.168757 0.811376
v 0.125370 1.233207 0.841758
v 0.125370 1.177656 0.811376
v 0.125370 1.190240 0.828918
v 0.131662 1.196532 0.832859
v 0.119078 1.196532 0.832859
v 0.087929 1.227682 0.841758
v 0.066445 1.249165 0.811376
v 0.072738 1.242873 0.832859
v 0.767493 0.620904 0.811376
v 0.764014 0.667350 0.811376
v 0.746009 0.642387 0.841758
v 0.774652 0.644127 0.811376
v 0.770081 0.643123 0.828917
v 0.759461 0.659318 0.832859
v 0.761921 0.626476 0.832859
v 0.764013 0.667351 -0.773583
v 0.767493 0.620904 -0.773583
v 0.746009 0.642387 -0.803965
v 0.775359 0.643305 -0.773583
v 0.770081 0.643123 -0.791124
v 0.761200 0.627196 -0.795066
v 0.759460 0.659318 -0.795066
v 0.752583 0.605994 0.811376
v 0.731099 0.627477 0.841758
v 0.706137 0.609473 0.811376
v 0.746290 0.612286 0.832859
v 0.730364 0.603405 0.828917
v 0.714169 0.614026 0.832859
v 0.730182 0.598127 0.811376
v 0.731099 0.627477 -0.803965
v 0.752583 0.605994 -0.773583
v 0.706136 0.609474 -0.773583
v 0.747011 0.611566 -0.795066
v 0.730364 0.603406 -0.791124
v 0.729359 0.598835 -0.773583
v 0.714168 0.614026 -0.795066
v 0.102839 1.285558 -0.182620
v 0.145805 1.285558 -0.182620
v 0.124322 1.294457 -0.182620
v -0.460443 0.604427 -0.182620
v -0.503410 0.604427 -0.182620
v -0.481927 0.595528 -0.182620
v -0.519368 0.620385 -0.182620
v -0.519368 0.663352 -0.182620
v -0.528267 0.641868 -0.182620
v 0.146853 1.168757 -0.182620
v 0.103887 1.168757 -0.182620
v 0.125370 1.177656 -0.182620
v 0.767493 0.620904 -0.213002
v 0.763873 0.667490 -0.182620
v 0.750821 0.637575 -0.163458
v 0.775321 0.643363 -0.198838
v 0.771518 0.641686 -0.184468
v 0.763990 0.654943 -0.169651
v 0.762610 0.625787 -0.185907
v 0.752583 0.605994 -0.213002
v 0.735911 0.622665 -0.163458
v 0.705997 0.609613 -0.182620
v 0.747700 0.610877 -0.185907
v 0.731801 0.601969 -0.184468
v 0.718544 0.609496 -0.169651
v 0.730124 0.598166 -0.198837
v 0.145805 1.285558 0.648934
v 0.102839 1.285558 0.648934
v 0.124322 1.294457 0.648934
v -0.503410 0.604427 0.648934
v -0.460443 0.604427 0.648934
v -0.481926 0.595528 0.648934
v -0.519368 0.663352 0.648934
v -0.519368 0.620385 0.648934
v -0.528267 0.641868 0.648934
v 0.103887 1.168757 0.648934
v 0.146853 1.168757 0.648934
v 0.125370 1.177656 0.648934
v 0.767493 0.620904 0.679316
v 0.750632 0.637765 0.630107
v 0.763875 0.667489 0.648934
v 0.762554 0.625843 0.652318
v 0.771462 0.641742 0.650856
v 0.763822 0.655120 0.636151
v 0.775321 0.643363 0.665151
v 0.752583 0.605994 0.679316
v 0.705998 0.609612 0.648934
v 0.735722 0.622855 0.630107
v 0.730124 0.598166 0.665151
v 0.731745 0.602024 0.650856
v 0.718367 0.609665 0.636151
v 0.747644 0.610933 0.652318
v -0.519368 0.620385 0.239183
v -0.519368 0.663352 0.239183
v -0.528267 0.641868 0.239183
v 0.146853 1.168757 0.239183
v 0.103887 1.168757 0.239183
v 0.125370 1.177656 0.239183
v 0.396556 1.034807 0.239182
v 0.417392 0.971005 0.258010
v 0.417202 0.971195 0.220020
v 0.411385 1.007457 0.242693
v 0.413593 0.999611 0.239097
v 0.410352 0.978045 0.239084
v 0.411505 1.007334 0.235432
v 0.402292 0.956285 0.220020
v 0.402482 0.956095 0.258010
v 0.338679 0.976931 0.239182
v 0.395442 0.963135 0.239084
v 0.373875 0.959894 0.239097
v 0.366030 0.962102 0.242693
v 0.366153 0.961982 0.235432
v 0.145805 1.285558 0.239183
v 0.102839 1.285558 0.239183
v 0.124322 1.294457 0.239183
v -0.503410 0.604427 0.239183
v -0.460443 0.604427 0.239183
v -0.481927 0.595528 0.239183
vn 0.7071 0.7071 -0.0000
vn -0.7071 0.7071 -0.0000
vn 0.5571 -0.8108 -0.1794
vn -0.5571 -0.8108 -0.1794
vn -0.0000 -0.2537 -0.9673
vn -0.0000 -0.9850 -0.1726
vn -0.0000 -0.8165 -0.5774
vn -0.3705 -0.6145 -0.6965
vn 0.3705 -0.6145 -0.6965
vn -0.2537 -0.0000 -0.9673
vn -0.8108 -0.5571 -0.1794
vn -0.8108 0.5571 -0.1794
vn -0.6145 -0.3705 -0.6965
vn -0.8165 -0.0000 -0.5774
vn -0.9850 -0.0000 -0.1726
vn -0.6145 0.3705 -0.6965
vn 0.6935 0.6935 -0.1951
vn 0.1380 0.1380 -0.9808
vn 0.5000 0.5000 -0.7071
vn -0.5571 0.8108 -0.1794
vn 0.5571 0.8108 -0.1794
vn -0.0000 0.2537 -0.9673
vn -0.0000 0.9850 -0.1726
vn -0.0000 0.8165 -0.5774
vn 0.3705 0.6145 -0.6965
vn -0.3705 0.6145 -0.6965
vn -0.0000 -0.2537 0.9673
vn -0.5571 -0.8108 0.1794
vn 0.5571 -0.8108 0.1794
vn -0.3705 -0.6145 0.6965
vn -0.0000 -0.8165 0.5774
vn -0.0000 -0.9850 0.1726
vn 0.3705 -0.6145 0.6965
vn -0.8108 0.5571 0.1794
vn -0.8108 -0.5571 0.1794
vn -0.2537 -0.0000 0.9673
vn -0.9850 -0.0000 0.1726
vn -0.8165 -0.0000 0.5774
vn -0.6145 -0.3705 0.6965
vn -0.6145 0.3705 0.6965
vn 0.1380 0.1380 0.9808
vn 0.6935 0.6935 0.1951
vn 0.5000 0.5000 0.7071
vn -0.5571 0.8108 0.1794
vn -0.0000 0.2537 0.9673
vn 0.5571 0.8108 0.1794
vn -0.3705 0.6145 0.6965
vn -0.0000 0.8165 0.5774
vn 0.3705 0.6145 0.6965
vn -0.0000 0.9850 0.1726
vn -0.0000 -0.0800 -0.9968
vn -0.5672 -0.7843 -0.2514
vn 0.5672 -0.7843 -0.2514
vn -0.2091 -0.4135 -0.8862
vn -0.0000 -0.6398 -0.7686
vn -0.0000 -0.9138 -0.4061
vn 0.2091 -0.4135 -0.8862
vn -0.1380 0.1380 -0.9808
vn -0.6935 0.6935 -0.1951
vn -0.5000 0.5000 -0.7071
vn 0.5672 -0.7843 0.2514
vn -0.5672 -0.7843 0.2514
vn -0.0000 -0.0800 0.9968
vn -0.0000 -0.9138 0.4061
vn -0.0000 -0.6398 0.7686
vn -0.2091 -0.4135 0.8862
vn 0.2091 -0.4135 0.8862
vn -0.1380 0.1380 0.9808
vn -0.6935 0.6935 0.1951
vn -0.5000 0.5000 0.7071
vn 0.8324 -0.5295 0.1636
vn 0.7982 0.5765 0.1744
vn 0.2566 0.0040 0.9665
vn 0.9861 0.0657 0.1525
vn 0.8297 0.0478 0.5562
vn 0.6151 0.3874 0.6867
vn 0.6408 -0.3613 0.6774
vn 0.7966 0.5784 -0.1756
vn 0.8294 -0.5315 -0.1722
vn 0.2596 0.0049 -0.9657
vn 0.9852 0.0485 -0.1647
vn 0.8217 0.0389 -0.5687
vn 0.6326 -0.3488 -0.6915
vn 0.6140 0.3860 -0.6885
vn 0.5315 -0.8294 0.1722
vn -0.0049 -0.2596 0.9657
vn -0.5783 -0.7967 0.1756
vn 0.3488 -0.6326 0.6915
vn -0.0389 -0.8217 0.5687
vn -0.3860 -0.6140 0.6885
vn -0.0485 -0.9852 0.1646
vn -0.0040 -0.2566 -0.9665
vn 0.5297 -0.8324 -0.1630
vn -0.5765 -0.7983 -0.1743
vn 0.3613 -0.6408 -0.6774
vn -0.0478 -0.8297 -0.5562
vn -0.0650 -0.9863 -0.1517
vn -0.3874 -0.6151 -0.6867
vn -0.5556 0.8315 -0.0000
vn 0.5556 0.8315 -0.0000
vn -0.0000 1.0000 -0.0000
vn 0.5556 -0.8315 -0.0000
vn -0.5556 -0.8315 -0.0000
vn -0.0000 -1.0000 -0.0000
vn -0.8315 -0.5556 -0.0000
vn -0.8315 0.5556 -0.0000
vn -1.0000 -0.0000 -0.0000
vn 0.8284 -0.5514 0.0982
vn 0.8509 0.5017 0.1560
vn 0.5937 -0.4061 0.6947
vn 0.9924 -0.0091 0.1231
vn 0.9030 -0.1696 0.3948
vn 0.8430 0.0288 0.5372
vn 0.7280 -0.5429 0.4187
vn 0.5458 -0.8321 0.0981
vn 0.4061 -0.5937 0.6947
vn -0.5009 -0.8514 0.1559
vn 0.5429 -0.7280 0.4187
vn 0.1696 -0.9030 0.3948
vn -0.0288 -0.8430 0.5372
vn 0.0077 -0.9924 0.1226
vn 0.8320 -0.5458 -0.0989
vn 0.5864 -0.4017 -0.7034
vn 0.8513 0.4995 -0.1606
vn 0.7251 -0.5419 -0.4249
vn 0.8996 -0.1708 -0.4020
vn 0.8371 0.0288 -0.5464
vn 0.9922 -0.0093 -0.1246
vn 0.5516 -0.8281 -0.0999
vn -0.5002 -0.8508 -0.1607
vn 0.4017 -0.5864 -0.7034
vn 0.0103 -0.9920 -0.1257
vn 0.1708 -0.8996 -0.4020
vn -0.0288 -0.8371 -0.5464
vn 0.5419 -0.7251 -0.4249
vn 0.7566 0.6539 -0.0003
vn 0.6603 -0.3614 -0.6584
vn 0.6681 -0.3664 0.6477
vn 0.9101 0.3251 -0.2571
vn 0.9985 0.0542 -0.0012
vn 0.9408 -0.3390 -0.0051
vn 0.9107 0.3220 0.2586
vn 0.3664 -0.6681 0.6477
vn 0.3614 -0.6603 -0.6584
vn -0.6539 -0.7566 -0.0003
vn 0.3390 -0.9408 -0.0051
vn -0.0542 -0.9985 -0.0012
vn -0.3251 -0.9101 -0.2571
vn -0.3220 -0.9107 0.2586
vt 0.375000 0.236322
vt 0.375000 0.241926
vt 0.375000 0.236322
vt 0.629615 0.508074
vt 0.654292 0.508074
vt 0.654292 0.521752
vt 0.629615 0.521752
vt 0.629615 0.521752
vt 0.654292 0.741926
vt 0.629615 0.741926
vt 0.780612 0.521752
vt 0.870385 0.521752
vt 0.870385 0.741926
vt 0.780612 0.741926
vt 0.466147 0.513678
vt 0.533853 0.521752
vt 0.533853 0.741926
vt 0.466147 0.741926
vt 0.375000 0.254615
vt 0.533853 0.254615
vt 0.533853 0.344388
vt 0.375000 0.344388
vt 0.466147 0.754615
vt 0.533853 0.754615
vt 0.533853 0.779292
vt 0.466147 0.779292
vt 0.375000 0.470708
vt 0.375000 0.495385
vt 0.375000 0.470708
vt 0.375000 0.508074
vt 0.375000 0.513678
vt 0.375000 0.513678
vt 0.375000 0.508074
vt 0.466147 0.905612
vt 0.533853 0.905612
vt 0.533853 0.995385
vt 0.466147 0.995385
vt 0.129615 0.508074
vt 0.214772 0.508074
vt 0.214772 0.513678
vt 0.129615 0.513678
vt 0.780612 0.508074
vt 0.870385 0.508074
vt 0.370385 0.521752
vt 0.345708 0.521752
vt 0.345708 0.521752
vt 0.370385 0.521752
vt 0.533853 0.470708
vt 0.533853 0.495385
vt 0.375000 0.495385
vt 0.466147 0.236322
vt 0.533853 0.228248
vt 0.533853 0.241926
vt 0.375000 0.408463
vt 0.375000 0.408463
vt 0.716537 0.508074
vt 0.716537 0.521752
vt 0.533853 0.408463
vt 0.283463 0.521752
vt 0.219388 0.521752
vt 0.219388 0.521752
vt 0.283463 0.521752
vt 0.466147 0.008074
vt 0.533853 0.008074
vt 0.466147 0.236322
vt 0.716537 0.741926
vt 0.375000 0.254615
vt 0.345708 0.529827
vt 0.370385 0.529827
vt 0.370385 0.741926
vt 0.345708 0.741926
vt 0.533853 0.508074
vt 0.466147 0.513678
vt 0.219388 0.521752
vt 0.129615 0.521752
vt 0.350324 0.508074
vt 0.370385 0.508074
vt 0.370385 0.513678
vt 0.350324 0.513678
vt 0.286323 0.508074
vt 0.342848 0.508074
vt 0.342848 0.513678
vt 0.286323 0.513678
vt 0.654292 0.741926
vt 0.466147 0.779292
vt 0.533853 0.841537
vt 0.466147 0.841537
vt 0.219388 0.529827
vt 0.283463 0.529827
vt 0.283463 0.741926
vt 0.219388 0.741926
vt 0.466147 0.841537
vt 0.533853 0.841537
vt 0.222299 0.508074
vt 0.280552 0.508074
vt 0.280552 0.513678
vt 0.222299 0.513678
vt 0.283463 0.529827
vt 0.345708 0.741926
vt 0.533853 0.470708
vt 0.129615 0.741926
vt 0.129615 0.750000
vt 0.126951 0.750000
vt 0.125000 0.741926
vt 0.466147 1.000000
vt 0.413523 1.000000
vt 0.375000 0.995385
vt 0.375000 0.008074
vt 0.375000 0.003413
vt 0.466147 0.000000
vt 0.533853 0.000000
vt 0.586477 0.000000
vt 0.625000 0.008074
vt 0.625000 0.995385
vt 0.625000 0.998049
vt 0.533853 1.000000
vt 0.875000 0.741926
vt 0.875000 0.746587
vt 0.870385 0.750000
vt 0.870385 0.500000
vt 0.873049 0.500000
vt 0.875000 0.508074
vt 0.533853 0.250000
vt 0.586477 0.250000
vt 0.625000 0.254615
vt 0.625000 0.241926
vt 0.625000 0.246587
vt 0.466147 0.750000
vt 0.387841 0.749513
vt 0.375000 0.741926
vt 0.375000 0.754615
vt 0.466147 0.750000
vt 0.370385 0.750000
vt 0.629615 0.750000
vt 0.612809 0.748862
vt 0.625000 0.741926
vt 0.533853 0.750000
vt 0.625000 0.754615
vt 0.533853 0.750000
vt 0.625000 0.508074
vt 0.612159 0.500487
vt 0.629615 0.500000
vt 0.533853 0.500000
vt 0.625000 0.508074
vt 0.625000 0.495385
vt 0.533853 0.500000
vt 0.375000 0.228248
vt 0.126951 0.521752
vt 0.125000 0.521752
vt 0.129615 0.529827
vt 0.125000 0.521753
vt 0.374350 0.521752
vt 0.375000 0.521752
vt 0.370385 0.521752
vt 0.370385 0.500000
vt 0.374350 0.501138
vt 0.375000 0.500000
vt 0.375000 0.251951
vt 0.375000 0.250000
vt 0.125000 0.508074
vt 0.125000 0.503412
vt 0.129615 0.500000
vt 0.375000 0.513678
vt 0.374350 0.520615
vt 0.375000 0.236322
vt 0.375000 0.231660
vt 0.375000 0.228248
vt 0.129615 0.521752
vt 0.126951 0.521752
vt 0.125000 0.513678
vt 0.216924 0.500000
vt 0.219107 0.500000
vt 0.219388 0.508074
vt 0.375000 0.347145
vt 0.375000 0.345157
vt 0.375000 0.341924
vt 0.219388 0.508074
vt 0.219388 0.503412
vt 0.222145 0.500000
vt 0.219388 0.513678
vt 0.219551 0.520615
vt 0.216924 0.521752
vt 0.222145 0.521752
vt 0.219388 0.513678
vt 0.216924 0.521752
vt 0.222145 0.521752
vt 0.345708 0.508074
vt 0.345708 0.503413
vt 0.348172 0.500000
vt 0.342983 0.500000
vt 0.344939 0.500000
vt 0.375000 0.473172
vt 0.375000 0.471000
vt 0.375000 0.467983
vt 0.348172 0.521752
vt 0.345549 0.520615
vt 0.345708 0.513678
vt 0.342983 0.521752
vt 0.342983 0.521752
vt 0.375000 0.408527
vt 0.283463 0.508074
vt 0.283463 0.503412
vt 0.283463 0.500000
vt 0.283389 0.500000
vt 0.283463 0.513678
vt 0.283460 0.520615
vt 0.283463 0.513678
vt 0.875000 0.521752
vt 0.625000 0.228248
vt 0.654292 0.500000
vt 0.625000 0.470708
vt 0.625000 0.521752
vt 0.466147 0.750000
vt 0.345708 0.750000
vt 0.375000 0.779292
vt 0.780612 0.750000
vt 0.625000 0.905612
vt 0.375000 0.341924
vt 0.780612 0.500000
vt 0.625000 0.344388
vt 0.219388 0.750000
vt 0.375000 0.905612
vt 0.716537 0.750000
vt 0.625000 0.841537
vt 0.716537 0.500000
vt 0.625000 0.408463
vt 0.283463 0.750000
vt 0.375000 0.841537
vt 0.654292 0.750000
vt 0.625000 0.779292
vt 0.375000 0.467983
s 1
usemtl Telhadus
f 533/587/423 500/588/390 562/588/452 574/589/464
f 526/590/416 608/591/471 481/592/374 551/593/441
f 551/594/441 481/592/374 613/595/478 516/596/406
f 480/597/374 541/598/431 494/599/384 588/600/478
f 545/601/435 550/602/440 518/603/408 509/604/399
f 499/605/389 503/606/393 582/607/472 479/608/373
f 510/609/400 517/610/407 614/611/477 610/612/475
f 482/613/373 524/614/414 554/614/444 621/615/496
f 523/616/413 545/617/435 568/618/458 555/619/445
f 585/620/475 587/621/477 493/622/383 486/623/376
f 561/624/451 593/625/480 600/626/487 575/627/465
f 581/628/471 502/629/392 541/598/431 480/597/374
f 544/630/434 617/631/475 627/632/502 569/633/459
f 482/613/373 607/634/472 528/635/418 524/636/414
f 533/637/423 540/638/430 504/639/394 500/588/390
f 479/608/373 483/640/373 639/641/508 594/608/481
f 654/642/471 581/628/471 480/597/374 484/643/374
f 479/608/373 582/607/472 653/644/472 483/640/373
f 636/645/475 590/646/475 602/647/489 648/648/517
f 487/649/377 492/650/382 540/638/430 533/651/423
f 484/643/374 480/597/374 588/600/478 634/652/478
f 499/605/389 479/608/373 594/608/481 560/653/450
f 616/654/474 543/655/433 511/656/401 611/657/474
f 523/616/413 527/658/417 550/602/440 545/659/435
f 590/660/475 534/661/424 576/661/466 602/647/489
f 619/662/494 553/663/443 567/664/457 626/665/501
f 640/666/509 620/667/495 628/668/503 647/669/516
f 481/592/374 484/643/374 634/652/478 613/670/478
f 610/671/475 614/611/477 633/672/477 656/673/475
f 591/674/474 637/675/474 657/676/474 584/677/474
f 656/678/475 633/679/477 587/621/477 585/620/475
f 608/591/471 654/642/471 484/643/374 481/592/374
f 595/680/482 641/681/510 646/682/515 601/683/488
f 637/684/474 616/654/474 611/685/474 657/676/474
f 617/631/475 636/645/475 648/648/517 627/632/502
f 483/640/373 653/644/472 607/686/472 482/613/373
f 483/640/373 482/613/373 621/615/496 639/640/508
f 485/687/375 488/688/378 489/689/379 491/690/381
f 486/623/376 490/691/380 489/692/379 488/693/378
f 487/649/377 491/694/381 489/695/379 490/696/380
f 492/650/382 495/697/385 496/698/386 498/699/388
f 493/622/383 497/700/387 496/701/386 495/702/385
f 494/599/384 498/703/388 496/704/386 497/705/387
f 502/629/392 505/706/395 506/707/396 508/708/398
f 503/606/393 507/709/397 506/710/396 505/711/395
f 504/639/394 508/712/398 506/713/396 507/709/397
f 509/604/399 512/714/402 513/715/403 515/716/405
f 510/609/400 514/717/404 513/715/403 512/718/402
f 511/656/401 515/716/405 513/715/403 514/719/404
f 516/596/406 519/720/409 520/721/410 522/722/412
f 517/610/407 521/723/411 520/721/410 519/724/409
f 518/603/408 522/722/412 520/721/410 521/725/411
f 526/590/416 529/726/419 530/727/420 532/728/422
f 527/658/417 531/729/421 530/727/420 529/730/419
f 528/635/418 532/731/422 530/727/420 531/732/421
f 533/587/423 536/733/426 537/733/427 539/733/429
f 534/661/424 538/661/428 537/734/427 536/735/426
f 535/736/425 539/737/429 537/735/427 538/661/428
f 543/655/433 546/633/436 547/738/437 549/739/439
f 544/630/434 548/739/438 547/738/437 546/740/436
f 545/601/435 549/739/439 547/738/437 548/739/438
f 553/663/443 556/741/446 557/742/447 559/616/449
f 554/614/444 558/743/448 557/742/447 556/636/446
f 555/619/445 559/616/449 557/742/447 558/743/448
f 560/653/450 563/605/453 564/744/454 566/745/456
f 561/624/451 565/746/455 564/747/454 563/748/453
f 562/588/452 566/745/456 564/745/454 565/588/455
f 567/664/457 570/749/460 571/750/461 573/633/463
f 568/618/458 572/739/462 571/750/461 570/749/460
f 569/633/459 573/633/463 571/750/461 572/739/462
f 574/589/464 577/751/467 578/752/468 580/753/470
f 575/627/465 579/754/469 578/755/468 577/756/467
f 576/661/466 580/735/470 578/735/468 579/754/469
f 593/625/480 596/757/483 597/758/484 599/759/486
f 594/608/481 598/760/485 597/761/484 596/762/483
f 595/680/482 599/763/486 597/764/484 598/765/485
f 600/626/487 603/766/490 604/767/491 606/768/493
f 601/683/488 605/769/492 604/767/491 603/770/490
f 602/647/489 606/771/493 604/767/491 605/772/492
f 619/662/494 622/773/497 623/774/498 625/775/500
f 620/667/495 624/776/499 623/777/498 622/773/497
f 621/615/496 625/778/500 623/779/498 624/780/499
f 626/665/501 629/781/504 630/782/505 632/783/507
f 627/632/502 631/784/506 630/782/505 629/781/504
f 628/668/503 632/783/507 630/782/505 631/785/506
f 639/640/508 642/641/511 643/786/512 645/641/514
f 640/666/509 644/787/513 643/788/512 642/789/511
f 641/681/510 645/789/514 643/790/512 644/787/513
f 646/682/515 649/791/518 650/792/519 652/648/521
f 647/669/516 651/648/520 650/792/519 649/793/518
f 648/648/517 652/648/521 650/792/519 651/648/520
f 535/736/425 485/687/375 491/690/381 539/737/429
f 539/733/429 491/694/381 487/649/377 533/651/423
f 486/623/376 493/622/383 495/702/385 490/691/380
f 490/696/380 495/697/385 492/650/382 487/649/377
f 541/598/431 502/629/392 508/708/398 542/794/432
f 542/795/432 508/712/398 504/639/394 540/638/430
f 503/606/393 499/605/389 501/745/391 507/709/397
f 507/709/397 501/745/391 500/588/390 504/639/394
f 608/591/471 526/590/416 532/728/422 609/796/473
f 609/797/473 532/731/422 528/635/418 607/634/472
f 527/658/417 523/616/413 525/743/415 531/732/421
f 531/732/421 525/743/415 524/636/414 528/635/418
f 551/594/441 516/596/406 522/722/412 552/798/442
f 552/798/442 522/722/412 518/603/408 550/602/440
f 517/610/407 510/609/400 512/799/402 521/725/411
f 521/725/411 512/799/402 509/604/399 518/603/408
f 611/657/474 511/656/401 514/719/404 612/800/476
f 612/801/476 514/717/404 510/609/400 610/612/475
f 588/600/478 494/599/384 497/705/387 589/802/479
f 589/803/479 497/700/387 493/622/383 587/621/477
f 494/599/384 541/598/431 542/794/432 498/703/388
f 498/699/388 542/795/432 540/638/430 492/650/382
f 511/656/401 543/655/433 549/739/439 515/716/405
f 515/716/405 549/739/439 545/601/435 509/604/399
f 526/590/416 551/593/441 552/798/442 529/730/419
f 529/730/419 552/798/442 550/602/440 527/658/417
f 591/674/474 535/736/425 538/661/428 592/660/476
f 592/660/476 538/661/428 534/661/424 590/660/475
f 593/625/480 561/624/451 563/748/453 596/757/483
f 596/804/483 563/605/453 560/653/450 594/608/481
f 567/664/457 553/663/443 559/616/449 570/749/460
f 570/749/460 559/616/449 555/619/445 568/618/458
f 561/624/451 575/627/465 577/756/467 565/746/455
f 565/588/455 577/751/467 574/589/464 562/588/452
f 602/647/489 576/661/466 579/754/469 606/771/493
f 606/771/493 579/754/469 575/627/465 600/626/487
f 544/630/434 569/633/459 572/739/462 548/739/438
f 548/739/438 572/739/462 568/618/458 545/617/435
f 554/614/444 524/614/414 525/743/415 558/743/448
f 558/743/448 525/743/415 523/616/413 555/619/445
f 499/605/389 560/653/450 566/745/456 501/745/391
f 501/745/391 566/745/456 562/588/452 500/588/390
f 576/661/466 534/661/424 536/735/426 580/735/470
f 580/753/470 536/733/426 533/587/423 574/589/464
f 502/629/392 581/628/471 583/805/473 505/706/395
f 505/711/395 583/806/473 582/607/472 503/606/393
f 485/687/375 584/677/474 586/807/476 488/688/378
f 488/693/378 586/808/476 585/620/475 486/623/376
f 634/652/478 588/600/478 589/802/479 635/809/479
f 635/810/479 589/803/479 587/621/477 633/679/477
f 637/675/474 591/674/474 592/660/476 638/645/476
f 638/645/476 592/660/476 590/646/475 636/645/475
f 641/681/510 595/680/482 598/765/485 645/789/514
f 645/641/514 598/760/485 594/608/481 639/641/508
f 648/648/517 602/647/489 605/769/492 652/648/521
f 652/648/521 605/769/492 601/683/488 646/682/515
f 595/680/482 601/683/488 603/766/490 599/763/486
f 599/763/486 603/766/490 600/626/487 593/625/480
f 654/642/471 608/591/471 609/796/473 655/811/473
f 655/812/473 609/797/473 607/686/472 653/644/472
f 657/676/474 611/685/474 612/800/476 658/813/476
f 658/814/476 612/801/476 610/671/475 656/673/475
f 516/596/406 613/595/478 615/815/479 519/720/409
f 519/724/409 615/816/479 614/611/477 517/610/407
f 543/655/433 616/654/474 618/631/476 546/633/436
f 546/633/436 618/631/476 617/631/475 544/630/434
f 553/663/443 619/662/494 625/775/500 556/741/446
f 556/636/446 625/778/500 621/615/496 554/614/444
f 569/633/459 627/632/502 629/781/504 573/633/463
f 573/633/463 629/781/504 626/665/501 567/664/457
f 619/662/494 626/665/501 632/783/507 622/773/497
f 622/773/497 632/783/507 628/668/503 620/667/495
f 613/670/478 634/652/478 635/809/479 615/815/479
f 615/816/479 635/810/479 633/672/477 614/611/477
f 616/654/474 637/684/474 638/645/476 618/631/476
f 618/631/476 638/645/476 636/645/475 617/631/475
f 620/667/495 640/666/509 642/789/511 624/776/499
f 624/817/499 642/641/511 639/640/508 621/615/496
f 627/632/502 648/648/517 651/648/520 631/785/506
f 631/785/506 651/648/520 647/669/516 628/668/503
f 581/628/471 654/642/471 655/811/473 583/805/473
f 583/806/473 655/812/473 653/644/472 582/607/472
f 584/677/474 657/676/474 658/813/476 586/807/476
f 586/808/476 658/814/476 656/678/475 585/620/475
f 640/666/509 647/669/516 649/791/518 644/787/513
f 644/787/513 649/791/518 646/682/515 641/681/510
f 535/736/425 591/674/474 584/677/474 485/687/375
o Cube.003
v 0.529485 0.804220 -0.320264
v 0.495772 0.780381 -0.296425
v 0.505646 0.797238 -0.313282
v 0.529485 0.845767 -0.231039
v 0.529485 0.845767 -0.278717
v 0.495772 0.821928 -0.254878
v 0.529485 0.855641 -0.254878
v 0.510020 0.849455 -0.254878
v 0.505646 0.838785 -0.271735
v 0.505646 0.838785 -0.238022
v 0.986296 0.780381 -0.296425
v 0.952582 0.804220 -0.320264
v 0.976421 0.797238 -0.313282
v 0.952582 0.845767 -0.231039
v 0.986296 0.821928 -0.254878
v 0.952582 0.845767 -0.278717
v 0.976421 0.838785 -0.238022
v 0.972047 0.849455 -0.254878
v 0.976421 0.838785 -0.271735
v 0.952582 0.855641 -0.254878
v 0.529485 0.716158 -0.232202
v 0.495772 0.787675 -0.256041
v 0.529485 0.716158 -0.279880
v 0.505646 0.746979 -0.249059
v 0.510020 0.739997 -0.256041
v 0.505646 0.746979 -0.263024
v 0.529485 0.726033 -0.256041
v 0.495772 0.781544 -0.214494
v 0.529485 0.805383 -0.190655
v 0.505646 0.798401 -0.197638
v 0.952582 0.716158 -0.232202
v 0.952582 0.716158 -0.279880
v 0.986296 0.787675 -0.256041
v 0.952582 0.726033 -0.256041
v 0.972047 0.739997 -0.256041
v 0.976421 0.746979 -0.263024
v 0.976421 0.746979 -0.249059
v 0.952582 0.805383 -0.190655
v 0.986296 0.781544 -0.214494
v 0.976421 0.798401 -0.197638
v 0.986296 0.686224 -0.390582
v 0.952582 0.710063 -0.414421
v 0.976421 0.703081 -0.407439
v 0.529485 0.710063 -0.414421
v 0.495772 0.686224 -0.390582
v 0.505646 0.703081 -0.407439
v 0.952582 0.645840 -0.350198
v 0.986296 0.669679 -0.374037
v 0.976421 0.652822 -0.357181
v 0.495772 0.669679 -0.374037
v 0.529485 0.645840 -0.350198
v 0.505646 0.652822 -0.357181
v 0.495772 0.684137 -0.117087
v 0.529485 0.707976 -0.093248
v 0.505646 0.700994 -0.100231
v 0.952582 0.707976 -0.093248
v 0.986296 0.684137 -0.117087
v 0.976421 0.700994 -0.100231
v 0.986296 0.666429 -0.134795
v 0.952582 0.642590 -0.158634
v 0.976421 0.649572 -0.151652
v 0.529485 0.642590 -0.158634
v 0.495772 0.666429 -0.134795
v 0.505646 0.649572 -0.151652
v 0.952582 0.592666 -0.531818
v 0.986296 0.568827 -0.507979
v 0.952582 0.544988 -0.531818
v 0.976421 0.585684 -0.524835
v 0.972047 0.568827 -0.535506
v 0.976421 0.551971 -0.524835
v 0.952582 0.568827 -0.541692
v 0.529485 0.592666 -0.531818
v 0.529485 0.544988 -0.531818
v 0.495772 0.568827 -0.507979
v 0.529485 0.568827 -0.541692
v 0.510020 0.568827 -0.535506
v 0.505646 0.551971 -0.524836
v 0.505646 0.585684 -0.524836
v 0.986296 0.552282 -0.491434
v 0.952582 0.528443 -0.467595
v 0.952582 0.528443 -0.515273
v 0.976421 0.535426 -0.474577
v 0.972047 0.524756 -0.491434
v 0.952582 0.518569 -0.491434
v 0.976421 0.535426 -0.508291
v 0.495772 0.552282 -0.491434
v 0.529485 0.528443 -0.515273
v 0.529485 0.528443 -0.467595
v 0.505646 0.535426 -0.508291
v 0.510020 0.524756 -0.491434
v 0.529485 0.518569 -0.491434
v 0.505646 0.535426 -0.474577
v 0.529485 0.590579 0.024148
v 0.495772 0.566740 0.000309
v 0.529485 0.542901 0.024148
v 0.505646 0.583597 0.017166
v 0.510020 0.566740 0.027836
v 0.505646 0.549884 0.017166
v 0.529485 0.566740 0.034023
v 0.952582 0.590579 0.024148
v 0.952582 0.542901 0.024148
v 0.986296 0.566740 0.000309
v 0.952582 0.566740 0.034023
v 0.972047 0.566740 0.027836
v 0.976421 0.549884 0.017166
v 0.976421 0.583597 0.017166
v 0.952582 0.525193 -0.041238
v 0.986296 0.549032 -0.017399
v 0.952582 0.525193 0.006440
v 0.976421 0.532176 -0.034255
v 0.972047 0.521505 -0.017399
v 0.976421 0.532176 -0.000542
v 0.952582 0.515319 -0.017399
v 0.529485 0.525193 -0.041238
v 0.529485 0.525193 0.006440
v 0.495772 0.549032 -0.017399
v 0.529485 0.515319 -0.017399
v 0.510020 0.521505 -0.017399
v 0.505646 0.532176 -0.000542
v 0.505646 0.532176 -0.034255
vn -0.1951 0.6935 -0.6935
vn -0.9808 0.1379 -0.1379
vn -0.7071 0.5000 -0.5000
vn -0.1794 0.8108 0.5571
vn -0.1794 0.8108 -0.5571
vn -0.9673 0.2537 -0.0000
vn -0.1726 0.9850 -0.0000
vn -0.5774 0.8165 -0.0000
vn -0.6965 0.6145 -0.3705
vn -0.6965 0.6145 0.3705
vn 0.9808 0.1379 -0.1379
vn 0.1951 0.6935 -0.6935
vn 0.7071 0.5000 -0.5000
vn 0.1794 0.8108 0.5571
vn 0.9673 0.2537 -0.0000
vn 0.1794 0.8108 -0.5571
vn 0.6965 0.6145 0.3705
vn 0.5773 0.8165 -0.0000
vn 0.6965 0.6145 -0.3705
vn 0.1726 0.9850 -0.0000
vn -0.2514 -0.7843 -0.5672
vn -0.9968 -0.0800 -0.0000
vn -0.2514 -0.7843 0.5672
vn -0.8862 -0.4135 -0.2091
vn -0.7686 -0.6398 -0.0000
vn -0.8862 -0.4135 0.2091
vn -0.4061 -0.9138 -0.0000
vn -0.9808 0.1379 0.1379
vn -0.1951 0.6935 0.6935
vn -0.7071 0.5000 0.5000
vn 0.2514 -0.7843 -0.5672
vn 0.2514 -0.7843 0.5672
vn 0.9968 -0.0800 -0.0000
vn 0.4061 -0.9138 -0.0000
vn 0.7686 -0.6398 -0.0000
vn 0.8862 -0.4135 0.2091
vn 0.8862 -0.4135 -0.2091
vn 0.1951 0.6935 0.6935
vn 0.9808 0.1379 0.1379
vn 0.7071 0.5000 0.5000
vn 0.1951 -0.6935 0.6935
vn 0.9808 -0.1379 0.1379
vn 0.7071 -0.5000 0.5000
vn -0.9808 -0.1379 0.1379
vn -0.1951 -0.6935 0.6935
vn -0.7071 -0.5000 0.5000
vn 0.9808 -0.1379 -0.1379
vn 0.1951 -0.6935 -0.6935
vn 0.7071 -0.5000 -0.5000
vn -0.1951 -0.6935 -0.6935
vn -0.9808 -0.1379 -0.1379
vn -0.7071 -0.5000 -0.5000
vn 0.1794 0.5571 -0.8108
vn 0.9673 -0.0000 -0.2537
vn 0.1794 -0.5571 -0.8108
vn 0.6965 0.3705 -0.6145
vn 0.5773 -0.0000 -0.8165
vn 0.6965 -0.3705 -0.6145
vn 0.1726 -0.0000 -0.9850
vn -0.1794 0.5571 -0.8108
vn -0.1794 -0.5571 -0.8108
vn -0.9673 -0.0000 -0.2537
vn -0.1726 -0.0000 -0.9850
vn -0.5774 -0.0000 -0.8165
vn -0.6965 -0.3705 -0.6145
vn -0.6965 0.3705 -0.6145
vn 0.9673 -0.2537 -0.0000
vn 0.1794 -0.8108 0.5571
vn 0.1794 -0.8108 -0.5571
vn 0.6965 -0.6145 0.3705
vn 0.5773 -0.8165 -0.0000
vn 0.1726 -0.9850 -0.0000
vn 0.6965 -0.6145 -0.3705
vn -0.9673 -0.2537 -0.0000
vn -0.1794 -0.8108 -0.5571
vn -0.1794 -0.8108 0.5571
vn -0.6965 -0.6145 -0.3705
vn -0.5773 -0.8165 -0.0000
vn -0.1726 -0.9850 -0.0000
vn -0.6965 -0.6145 0.3705
vn -0.1794 0.5571 0.8108
vn -0.9673 -0.0000 0.2537
vn -0.1794 -0.5571 0.8108
vn -0.6965 0.3705 0.6145
vn -0.5773 -0.0000 0.8165
vn -0.6965 -0.3705 0.6145
vn -0.1726 -0.0000 0.9850
vn 0.1794 0.5571 0.8108
vn 0.1794 -0.5571 0.8108
vn 0.9673 -0.0000 0.2537
vn 0.1726 -0.0000 0.9850
vn 0.5773 -0.0000 0.8165
vn 0.6965 -0.3705 0.6145
vn 0.6965 0.3705 0.6145
vn 0.5774 -0.8165 -0.0000
vn -0.5774 -0.8165 -0.0000
vt 0.375000 0.236322
vt 0.375000 0.241926
vt 0.375000 0.236322
vt 0.375000 0.267182
vt 0.375000 0.482818
vt 0.375000 0.482818
vt 0.375000 0.508074
vt 0.533853 0.508074
vt 0.533853 0.521752
vt 0.466147 0.513678
vt 0.375000 0.513678
vt 0.375000 0.513678
vt 0.142182 0.521752
vt 0.357818 0.521752
vt 0.357818 0.521752
vt 0.142182 0.521752
vt 0.642182 0.508074
vt 0.857818 0.508074
vt 0.857818 0.521752
vt 0.642182 0.521752
vt 0.466147 0.236322
vt 0.533853 0.228248
vt 0.533853 0.241926
vt 0.466147 0.228248
vt 0.466147 0.228248
vt 0.466147 0.521752
vt 0.642182 0.521752
vt 0.357818 0.521752
vt 0.526803 0.509857
vt 0.449756 0.347151
vt 0.317426 0.423021
vt 0.456015 0.513475
vt 0.533853 0.228248
vt 0.533853 0.521752
vt 0.466147 0.521753
vt 0.375000 0.508074
vt 0.375000 0.489653
vt 0.375000 0.494745
vt 0.375000 0.255256
vt 0.375000 0.260347
vt 0.857818 0.521752
vt 0.857818 0.500000
vt 0.867738 0.500000
vt 0.875000 0.508074
vt 0.533853 0.267182
vt 0.533853 0.250000
vt 0.586477 0.250000
vt 0.625000 0.267182
vt 0.625000 0.241926
vt 0.625000 0.246587
vt 0.533853 0.250000
vt 0.625000 0.508074
vt 0.612159 0.498717
vt 0.642182 0.500000
vt 0.533853 0.500000
vt 0.533853 0.482818
vt 0.625000 0.482818
vt 0.125000 0.521752
vt 0.142182 0.521752
vt 0.375000 0.228248
vt 0.132262 0.521752
vt 0.372579 0.521752
vt 0.375000 0.521752
vt 0.375000 0.500000
vt 0.375000 0.498717
vt 0.375000 0.267182
vt 0.375000 0.251283
vt 0.375000 0.250000
vt 0.372579 0.520615
vt 0.375000 0.501580
vt 0.375000 0.231660
vt 0.375000 0.248420
vt 0.375000 0.236773
vt 0.875000 0.521752
vt 0.586477 0.228248
vt 0.625000 0.228248
vt 0.625000 0.248420
vt 0.625000 0.236773
vt 0.442706 0.335256
vt 0.614580 0.521752
vt 0.625000 0.521752
vt 0.533853 0.521752
vt 0.625000 0.501580
vt 0.385420 0.521752
vt 0.132262 0.521752
vt 0.307294 0.414744
vt 0.202047 0.476525
vt 0.625000 0.228248
s 1
usemtl Telhadus.001
f 680/818/543 660/819/523 703/819/523 708/820/565
f 659/821/522 670/822/533 700/823/533 702/821/522
f 669/824/532 673/825/536 697/826/560 691/827/554
f 669/824/532 691/828/554 706/829/563 699/824/532
f 702/821/522 700/822/533 723/823/574 730/821/581
f 679/830/542 689/831/552 718/832/569 720/833/571
f 672/834/535 662/835/525 687/836/550 696/837/559
f 680/838/543 686/839/549 664/840/527 660/819/523
f 686/839/549 680/841/543 721/842/572 711/839/549
f 691/843/554 697/826/560 715/826/560 717/843/568
f 696/844/559 687/836/550 712/836/550 714/837/559
f 690/832/553 681/830/544 709/830/566 705/831/562
f 720/830/571 718/831/569 765/845/590 772/830/596
f 708/820/565 703/819/523 732/819/583 744/820/595
f 759/846/610 753/847/604 773/848/597 767/849/589
f 711/839/549 721/842/572 774/841/595 752/850/603
f 705/832/562 709/833/566 746/830/597 738/831/589
f 717/843/568 715/826/560 760/851/611 766/852/588
f 699/824/532 706/829/563 737/828/588 724/853/575
f 725/854/576 739/855/590 745/856/596 731/857/582
f 714/844/559 712/836/550 751/858/602 758/844/609
f 662/835/525 665/859/528 666/860/529 668/861/531
f 663/862/526 667/863/530 666/864/529 665/865/528
f 664/840/527 668/866/531 666/867/529 667/868/530
f 672/834/535 675/869/538 676/870/539 678/871/541
f 673/825/536 677/872/540 676/870/539 675/869/538
f 674/873/537 678/874/541 676/870/539 677/872/540
f 679/830/542 682/875/545 683/875/546 685/876/548
f 680/818/543 684/877/547 683/877/546 682/877/545
f 681/830/544 685/876/548 683/878/546 684/875/547
f 689/831/552 692/831/555 693/879/556 695/880/558
f 690/832/553 694/880/557 693/879/556 692/832/555
f 691/843/554 695/880/558 693/879/556 694/880/557
f 723/823/574 726/881/577 727/882/578 729/823/580
f 724/853/575 728/824/579 727/882/578 726/881/577
f 725/854/576 729/822/580 727/882/578 728/824/579
f 730/821/581 733/883/584 734/884/585 736/885/587
f 731/857/582 735/819/586 734/884/585 733/883/584
f 732/819/583 736/885/587 734/884/585 735/819/586
f 737/828/588 740/880/591 741/886/592 743/829/594
f 738/831/589 742/831/593 741/886/592 740/880/591
f 739/855/590 743/829/594 741/886/592 742/887/593
f 744/820/595 747/820/598 748/888/599 750/877/601
f 745/856/596 749/889/600 748/890/599 747/820/598
f 746/830/597 750/875/601 748/875/599 749/876/600
f 751/858/602 754/891/605 755/891/606 757/836/608
f 752/850/603 756/839/607 755/892/606 754/893/605
f 753/847/604 757/894/608 755/895/606 756/896/607
f 758/844/609 761/837/612 762/897/613 764/898/615
f 759/846/610 763/899/614 762/897/613 761/900/612
f 760/851/611 764/898/615 762/897/613 763/851/614
f 765/845/590 768/880/594 769/901/616 771/832/593
f 766/852/588 770/843/591 769/901/616 768/880/594
f 767/849/589 771/831/593 769/901/616 770/843/591
f 772/830/596 775/876/600 776/902/617 778/875/598
f 773/848/597 777/903/601 776/904/617 775/876/600
f 774/841/595 778/877/598 776/877/617 777/842/601
f 687/836/550 662/835/525 668/861/531 688/891/551
f 688/905/551 668/866/531 664/840/527 686/839/549
f 663/862/526 659/821/522 661/885/524 667/868/530
f 667/868/530 661/885/524 660/819/523 664/840/527
f 662/835/525 672/834/535 678/871/541 665/859/528
f 665/865/528 678/874/541 674/873/537 663/862/526
f 673/825/536 669/824/532 671/881/534 677/872/540
f 677/872/540 671/881/534 670/823/533 674/873/537
f 672/834/535 696/837/559 698/898/561 675/869/538
f 675/869/538 698/898/561 697/826/560 673/825/536
f 689/831/552 679/830/542 685/876/548 692/831/555
f 692/831/555 685/876/548 681/830/544 690/832/553
f 690/832/553 705/831/562 707/880/564 694/880/557
f 694/880/557 707/880/564 706/829/563 691/828/554
f 700/823/533 670/822/533 671/881/534 701/881/534
f 701/881/534 671/881/534 669/824/532 699/824/532
f 659/821/522 702/821/522 704/885/524 661/885/524
f 661/885/524 704/885/524 703/819/523 660/819/523
f 709/830/566 681/830/544 684/875/547 710/875/567
f 710/877/567 684/877/547 680/818/543 708/820/565
f 696/844/559 714/837/559 716/898/561 698/898/561
f 698/898/561 716/898/561 715/826/560 697/826/560
f 718/832/569 689/831/552 695/880/558 719/880/570
f 719/880/570 695/880/558 691/843/554 717/843/568
f 686/839/549 711/839/549 713/905/551 688/905/551
f 688/891/551 713/891/551 712/836/550 687/836/550
f 679/830/542 720/833/571 722/875/573 682/875/545
f 682/877/545 722/877/573 721/842/572 680/841/543
f 725/854/576 731/857/582 733/883/584 729/823/580
f 729/823/580 733/883/584 730/821/581 723/823/574
f 739/855/590 725/854/576 728/824/579 743/829/594
f 743/829/594 728/824/579 724/853/575 737/828/588
f 731/857/582 745/856/596 747/820/598 735/819/586
f 735/819/586 747/820/598 744/820/595 732/819/583
f 738/831/589 746/830/597 749/876/600 742/831/593
f 742/887/593 749/889/600 745/856/596 739/855/590
f 753/847/604 759/846/610 761/900/612 757/894/608
f 757/836/608 761/837/612 758/844/609 751/858/602
f 767/849/589 773/848/597 775/876/600 771/831/593
f 771/831/593 775/876/600 772/830/596 765/845/590
f 759/846/610 767/849/589 770/843/591 763/899/614
f 763/899/614 770/843/591 766/852/588 760/851/611
f 752/850/603 774/841/595 777/842/601 756/839/607
f 756/896/607 777/903/601 773/848/597 753/847/604
f 705/832/562 738/831/589 740/880/591 707/880/564
f 707/880/564 740/880/591 737/828/588 706/829/563
f 723/823/574 700/822/533 701/881/534 726/881/577
f 726/881/577 701/881/534 699/824/532 724/853/575
f 714/844/559 758/844/609 764/898/615 716/898/561
f 716/898/561 764/898/615 760/851/611 715/826/560
f 765/845/590 718/831/569 719/880/570 768/880/594
f 768/880/594 719/880/570 717/843/568 766/852/588
f 711/839/549 752/850/603 754/893/605 713/905/551
f 713/891/551 754/891/605 751/858/602 712/836/550
f 702/821/522 730/821/581 736/885/587 704/885/524
f 704/885/524 736/885/587 732/819/583 703/819/523
f 746/830/597 709/833/566 710/875/567 750/875/601
f 750/877/601 710/877/567 708/820/565 744/820/595
f 720/830/571 772/830/596 778/875/598 722/875/573
f 722/877/573 778/877/598 774/841/595 721/842/572
f 659/821/522 663/862/526 674/873/537 670/823/533
o Cube.004
v 0.409183 1.031473 0.181561
v 0.375470 1.007634 0.205400
v 0.385344 1.024491 0.188544
v 0.409183 1.073020 0.270786
v 0.409183 1.073020 0.223108
v 0.375470 1.049181 0.246947
v 0.409183 1.082895 0.246947
v 0.389719 1.076708 0.246947
v 0.385344 1.066038 0.230091
v 0.385344 1.066038 0.263804
v 0.865994 1.007634 0.205400
v 0.832281 1.031473 0.181561
v 0.856120 1.024491 0.188544
v 0.832281 1.073020 0.270786
v 0.865994 1.049181 0.246947
v 0.832281 1.073020 0.223108
v 0.856120 1.066038 0.263804
v 0.851745 1.076708 0.246947
v 0.856120 1.066038 0.230091
v 0.832281 1.082895 0.246947
v 0.409183 0.943412 0.269623
v 0.375470 1.014928 0.245784
v 0.409183 0.943411 0.221945
v 0.385344 0.974233 0.252766
v 0.389718 0.967250 0.245784
v 0.385344 0.974233 0.238802
v 0.409183 0.953286 0.245784
v 0.375470 1.008797 0.287331
v 0.409183 1.032636 0.311170
v 0.385344 1.025654 0.304188
v 0.832281 0.943412 0.269623
v 0.832281 0.943411 0.221945
v 0.865994 1.014928 0.245784
v 0.832281 0.953286 0.245784
v 0.851745 0.967250 0.245784
v 0.856120 0.974233 0.238802
v 0.856120 0.974233 0.252766
v 0.832281 1.032636 0.311170
v 0.865994 1.008797 0.287331
v 0.856120 1.025654 0.304188
v 0.865994 0.893477 0.091243
v 0.832281 0.917316 0.067404
v 0.856120 0.910334 0.074387
v 0.409183 0.917316 0.067404
v 0.375470 0.893477 0.091243
v 0.385344 0.910334 0.074386
v 0.832281 0.853093 0.131627
v 0.865994 0.876932 0.107788
v 0.856120 0.860076 0.124645
v 0.375470 0.876932 0.107788
v 0.409183 0.853093 0.131627
v 0.385344 0.860076 0.124645
v 0.375470 0.911390 0.384738
v 0.409183 0.935229 0.408577
v 0.385344 0.928247 0.401595
v 0.832281 0.935229 0.408577
v 0.865994 0.911390 0.384738
v 0.856120 0.928247 0.401595
v 0.865994 0.893682 0.367030
v 0.832281 0.869843 0.343191
v 0.856120 0.876826 0.350174
v 0.409183 0.869843 0.343191
v 0.375470 0.893682 0.367030
v 0.385344 0.876826 0.350174
v 0.832281 0.564882 -0.156585
v 0.832281 0.564882 -0.204263
v 0.865994 0.588721 -0.180424
v 0.832281 0.555007 -0.180424
v 0.851745 0.561194 -0.180424
v 0.856120 0.571864 -0.197280
v 0.856120 0.571864 -0.163567
v 0.865994 0.605265 -0.196969
v 0.832281 0.581427 -0.220807
v 0.832281 0.629104 -0.220807
v 0.856120 0.588409 -0.213825
v 0.851745 0.605265 -0.224495
v 0.832281 0.605265 -0.230682
v 0.856120 0.622122 -0.213825
v 0.409183 0.564882 -0.204263
v 0.409183 0.564882 -0.156585
v 0.375470 0.588720 -0.180424
v 0.409183 0.555007 -0.180424
v 0.389719 0.561194 -0.180424
v 0.385344 0.571864 -0.163567
v 0.385344 0.571864 -0.197280
v 0.409183 0.581427 -0.220808
v 0.375470 0.605265 -0.196969
v 0.409183 0.629104 -0.220808
v 0.385344 0.588409 -0.213825
v 0.389719 0.605265 -0.224495
v 0.385344 0.622122 -0.213825
v 0.409183 0.605265 -0.230682
v 0.832281 0.683178 0.660628
v 0.865994 0.659340 0.636789
v 0.856120 0.676196 0.653646
v 0.409183 0.617793 0.595242
v 0.375470 0.641632 0.619081
v 0.385344 0.624775 0.602224
v 0.865994 0.641631 0.619081
v 0.832281 0.617793 0.595242
v 0.856120 0.624775 0.602224
v 0.375470 0.659340 0.636789
v 0.409183 0.683179 0.660628
v 0.385344 0.676196 0.653646
v 0.409183 0.615094 0.728713
v 0.375470 0.591255 0.704874
v 0.409183 0.567416 0.728713
v 0.385344 0.608111 0.721731
v 0.389719 0.591255 0.732401
v 0.385344 0.574398 0.721731
v 0.409183 0.591255 0.738587
v 0.832281 0.615094 0.728713
v 0.832281 0.567416 0.728713
v 0.865994 0.591255 0.704874
v 0.832281 0.591255 0.738587
v 0.851745 0.591255 0.732401
v 0.856120 0.574398 0.721731
v 0.856120 0.608111 0.721731
v 0.375470 0.573547 0.687166
v 0.409183 0.549708 0.663327
v 0.409183 0.549708 0.711005
v 0.385344 0.556690 0.670309
v 0.389719 0.546020 0.687166
v 0.409183 0.539833 0.687166
v 0.385344 0.556690 0.704023
v 0.865994 0.573547 0.687166
v 0.832281 0.549708 0.711005
v 0.832281 0.549708 0.663327
v 0.856120 0.556690 0.704023
v 0.851745 0.546020 0.687166
v 0.832281 0.539833 0.687166
v 0.856120 0.556690 0.670309
vn -0.1951 0.6935 -0.6935
vn -0.9808 0.1379 -0.1379
vn -0.7071 0.5000 -0.5000
vn -0.1794 0.8108 0.5571
vn -0.1794 0.8108 -0.5571
vn -0.9673 0.2537 -0.0000
vn -0.1726 0.9850 -0.0000
vn -0.5774 0.8165 -0.0000
vn -0.6965 0.6145 -0.3705
vn -0.6965 0.6145 0.3705
vn 0.9808 0.1379 -0.1379
vn 0.1951 0.6935 -0.6935
vn 0.7071 0.5000 -0.5000
vn 0.1794 0.8108 0.5571
vn 0.9673 0.2537 -0.0000
vn 0.1794 0.8108 -0.5571
vn 0.6965 0.6145 0.3705
vn 0.5773 0.8165 -0.0000
vn 0.6965 0.6145 -0.3705
vn 0.1726 0.9850 -0.0000
vn -0.2514 -0.7843 -0.5672
vn -0.9968 -0.0800 -0.0000
vn -0.2514 -0.7843 0.5672
vn -0.8862 -0.4135 -0.2091
vn -0.7686 -0.6398 -0.0000
vn -0.8862 -0.4135 0.2091
vn -0.4061 -0.9138 -0.0000
vn -0.9808 0.1379 0.1379
vn -0.1951 0.6935 0.6935
vn -0.7071 0.5000 0.5000
vn 0.2514 -0.7843 -0.5672
vn 0.2514 -0.7843 0.5672
vn 0.9968 -0.0800 -0.0000
vn 0.4061 -0.9138 -0.0000
vn 0.7686 -0.6398 -0.0000
vn 0.8862 -0.4135 0.2091
vn 0.8862 -0.4135 -0.2091
vn 0.1951 0.6935 0.6935
vn 0.9808 0.1379 0.1379
vn 0.7071 0.5000 0.5000
vn 0.1951 -0.6935 0.6935
vn 0.9808 -0.1379 0.1379
vn 0.7071 -0.5000 0.5000
vn -0.9808 -0.1379 0.1380
vn -0.1951 -0.6935 0.6935
vn -0.7071 -0.5000 0.5000
vn 0.9808 -0.1379 -0.1379
vn 0.1951 -0.6935 -0.6935
vn 0.7071 -0.5000 -0.5000
vn -0.1951 -0.6935 -0.6935
vn -0.9808 -0.1379 -0.1380
vn -0.7071 -0.5000 -0.5000
vn 0.1794 -0.8108 0.5571
vn 0.1794 -0.8108 -0.5571
vn 0.9673 -0.2537 -0.0000
vn 0.1726 -0.9850 -0.0000
vn 0.5774 -0.8165 -0.0000
vn 0.6965 -0.6145 -0.3705
vn 0.6965 -0.6145 0.3705
vn 0.9673 -0.0000 -0.2537
vn 0.1794 -0.5571 -0.8108
vn 0.1794 0.5571 -0.8108
vn 0.6965 -0.3705 -0.6145
vn 0.5773 -0.0000 -0.8165
vn 0.1726 -0.0000 -0.9850
vn 0.6965 0.3705 -0.6145
vn -0.1794 -0.8108 -0.5571
vn -0.1794 -0.8108 0.5571
vn -0.9673 -0.2537 -0.0000
vn -0.1726 -0.9850 -0.0000
vn -0.5774 -0.8165 -0.0000
vn -0.6965 -0.6145 0.3705
vn -0.6965 -0.6145 -0.3705
vn -0.1794 -0.5571 -0.8108
vn -0.9673 -0.0000 -0.2537
vn -0.1794 0.5571 -0.8108
vn -0.6965 -0.3705 -0.6145
vn -0.5773 -0.0000 -0.8165
vn -0.6965 0.3705 -0.6145
vn -0.1726 -0.0000 -0.9850
vn -0.1794 0.5571 0.8108
vn -0.9673 -0.0000 0.2537
vn -0.1794 -0.5571 0.8108
vn -0.6965 0.3705 0.6145
vn -0.5774 -0.0000 0.8165
vn -0.6965 -0.3705 0.6145
vn -0.1726 -0.0000 0.9850
vn 0.1794 0.5571 0.8108
vn 0.1794 -0.5571 0.8108
vn 0.9673 -0.0000 0.2537
vn 0.1726 -0.0000 0.9850
vn 0.5774 -0.0000 0.8165
vn 0.6965 -0.3705 0.6145
vn 0.6965 0.3705 0.6145
vn -0.5773 -0.8165 -0.0000
vt 0.375000 0.236322
vt 0.375000 0.241926
vt 0.375000 0.236322
vt 0.375000 0.267182
vt 0.375000 0.482818
vt 0.375000 0.482818
vt 0.375000 0.508074
vt 0.533853 0.508074
vt 0.533853 0.521752
vt 0.466147 0.513678
vt 0.375000 0.513678
vt 0.375000 0.513678
vt 0.375000 0.267182
vt 0.142182 0.521752
vt 0.357818 0.521752
vt 0.357818 0.521752
vt 0.642182 0.508074
vt 0.857818 0.508074
vt 0.857818 0.521752
vt 0.642182 0.521752
vt 0.466147 0.236322
vt 0.533853 0.228248
vt 0.533853 0.241926
vt 0.466147 0.228248
vt 0.466147 0.228248
vt 0.466147 0.521752
vt 0.466147 0.521752
vt 0.642182 0.521752
vt 0.357818 0.521752
vt 0.142182 0.521752
vt 0.375000 0.489653
vt 0.375000 0.494744
vt 0.375000 0.255256
vt 0.375000 0.260347
vt 0.466147 0.521752
vt 0.466147 0.521752
vt 0.857818 0.521752
vt 0.533853 0.521752
vt 0.533853 0.521752
vt 0.375000 0.508074
vt 0.533853 0.228248
vt 0.466147 0.228248
vt 0.466147 0.228248
vt 0.533853 0.228248
vt 0.142182 0.521752
vt 0.456015 0.513475
vt 0.526803 0.509857
vt 0.449756 0.347151
vt 0.317426 0.423021
vt 0.857818 0.500000
vt 0.867738 0.500000
vt 0.875000 0.508074
vt 0.533853 0.267182
vt 0.533853 0.250000
vt 0.586477 0.250000
vt 0.625000 0.267182
vt 0.625000 0.241926
vt 0.625000 0.246587
vt 0.625000 0.508074
vt 0.612159 0.498717
vt 0.642182 0.500000
vt 0.533853 0.500000
vt 0.533853 0.482818
vt 0.625000 0.482818
vt 0.125000 0.521752
vt 0.142182 0.521752
vt 0.375000 0.228248
vt 0.132262 0.521752
vt 0.372579 0.521752
vt 0.375000 0.521752
vt 0.372579 0.520615
vt 0.375000 0.501580
vt 0.375000 0.508074
vt 0.375000 0.498717
vt 0.375000 0.500000
vt 0.375000 0.248420
vt 0.375000 0.236773
vt 0.375000 0.236322
vt 0.375000 0.231660
vt 0.375000 0.251283
vt 0.375000 0.267182
vt 0.375000 0.250000
vt 0.375000 0.241926
vt 0.875000 0.521752
vt 0.586477 0.228248
vt 0.625000 0.228248
vt 0.625000 0.248420
vt 0.625000 0.236773
vt 0.442706 0.335256
vt 0.614580 0.521752
vt 0.625000 0.521752
vt 0.625000 0.501580
vt 0.466147 0.228248
vt 0.132262 0.521752
vt 0.307294 0.414744
vt 0.202046 0.476525
vt 0.466147 0.521752
vt 0.385420 0.521752
s 1
usemtl Telhadus.002
f 800/906/639 780/907/619 823/907/619 828/908/661
f 779/909/618 790/910/629 820/911/629 822/909/618
f 789/912/628 793/913/632 817/914/656 811/915/650
f 789/912/628 811/916/650 826/917/659 819/912/628
f 822/909/618 820/910/629 852/910/679 866/918/693
f 799/919/638 809/920/648 838/921/665 840/919/667
f 792/922/631 782/923/621 807/924/646 816/925/655
f 800/926/639 806/927/645 784/928/623 780/907/619
f 806/927/645 800/929/639 841/930/668 831/927/645
f 811/931/650 817/914/656 835/914/656 837/932/664
f 816/933/655 807/924/646 832/924/646 834/925/655
f 810/934/649 801/935/640 829/935/662 825/934/658
f 851/936/678 844/937/671 857/938/684 864/939/691
f 825/921/658 829/919/662 858/919/685 843/934/670
f 837/940/664 835/914/656 872/914/656 877/941/664
f 834/933/655 832/924/646 881/924/646 871/925/655
f 871/933/655 881/924/646 883/942/698 890/925/705
f 840/935/667 838/934/665 878/921/665 874/919/667
f 877/941/664 872/943/656 892/944/707 904/941/672
f 819/912/628 826/917/659 845/917/672 850/945/677
f 831/927/645 841/930/668 875/929/668 880/927/645
f 828/908/661 823/907/619 865/907/692 859/908/686
f 880/946/645 875/947/668 897/948/686 884/949/699
f 874/935/667 878/934/665 906/921/671 898/950/684
f 905/951/670 891/952/706 885/953/700 899/954/685
f 782/923/621 785/955/624 786/956/625 788/957/627
f 783/958/622 787/959/626 786/960/625 785/961/624
f 784/928/623 788/962/627 786/963/625 787/959/626
f 792/922/631 795/964/634 796/965/635 798/966/637
f 793/913/632 797/967/636 796/965/635 795/964/634
f 794/968/633 798/969/637 796/965/635 797/967/636
f 799/919/638 802/970/641 803/970/642 805/971/644
f 800/906/639 804/972/643 803/972/642 802/972/641
f 801/935/640 805/971/644 803/973/642 804/970/643
f 809/920/648 812/934/651 813/974/652 815/975/654
f 810/934/649 814/975/653 813/974/652 812/921/651
f 811/931/650 815/975/654 813/974/652 814/975/653
f 843/934/670 846/920/673 847/976/674 849/975/676
f 844/937/671 848/917/675 847/976/674 846/977/673
f 845/917/672 849/975/676 847/976/674 848/916/675
f 850/945/677 853/978/680 854/979/681 856/980/683
f 851/936/678 855/911/682 854/979/681 853/978/680
f 852/910/679 856/980/683 854/979/681 855/911/682
f 857/938/684 860/981/687 861/982/688 863/908/690
f 858/919/685 862/970/689 861/970/688 860/971/687
f 859/908/686 863/983/690 861/984/688 862/972/689
f 864/939/691 867/907/694 868/985/695 870/986/697
f 865/907/692 869/987/696 868/985/695 867/988/694
f 866/918/693 870/986/697 868/985/695 869/987/696
f 883/942/698 886/989/701 887/989/702 889/924/704
f 884/949/699 888/949/703 887/990/702 886/991/701
f 885/953/700 889/992/704 887/993/702 888/994/703
f 890/925/705 893/925/708 894/995/709 896/996/711
f 891/952/706 895/914/710 894/995/709 893/997/708
f 892/944/707 896/996/711 894/995/709 895/914/710
f 897/948/686 900/972/690 901/972/712 903/998/689
f 898/950/684 902/971/687 901/999/712 900/970/690
f 899/954/685 903/1000/689 901/1001/712 902/971/687
f 904/941/672 907/1002/676 908/1003/674 910/975/675
f 905/951/670 909/920/673 908/1003/674 907/1002/676
f 906/921/671 910/975/675 908/1003/674 909/934/673
f 807/924/646 782/923/621 788/957/627 808/989/647
f 808/991/647 788/962/627 784/928/623 806/927/645
f 783/958/622 779/909/618 781/987/620 787/959/626
f 787/959/626 781/987/620 780/907/619 784/928/623
f 782/923/621 792/922/631 798/966/637 785/955/624
f 785/961/624 798/969/637 794/968/633 783/958/622
f 793/913/632 789/912/628 791/980/630 797/967/636
f 797/967/636 791/980/630 790/911/629 794/968/633
f 792/922/631 816/925/655 818/996/657 795/964/634
f 795/964/634 818/996/657 817/914/656 793/913/632
f 809/920/648 799/919/638 805/971/644 812/934/651
f 812/934/651 805/971/644 801/935/640 810/934/649
f 810/934/649 825/934/658 827/975/660 814/975/653
f 814/975/653 827/975/660 826/917/659 811/916/650
f 820/911/629 790/910/629 791/980/630 821/980/630
f 821/980/630 791/980/630 789/912/628 819/912/628
f 779/909/618 822/909/618 824/987/620 781/987/620
f 781/987/620 824/987/620 823/907/619 780/907/619
f 829/935/662 801/935/640 804/970/643 830/970/663
f 830/972/663 804/972/643 800/906/639 828/908/661
f 816/933/655 834/925/655 836/996/657 818/996/657
f 818/996/657 836/996/657 835/914/656 817/914/656
f 838/921/665 809/920/648 815/975/654 839/975/666
f 839/975/666 815/975/654 811/931/650 837/932/664
f 806/927/645 831/927/645 833/991/647 808/991/647
f 808/989/647 833/989/647 832/924/646 807/924/646
f 799/919/638 840/919/667 842/970/669 802/970/641
f 802/972/641 842/972/669 841/930/668 800/929/639
f 864/939/691 857/938/684 863/908/690 867/907/694
f 867/907/694 863/908/690 859/908/686 865/907/692
f 840/935/667 874/919/667 876/970/669 842/970/669
f 842/972/669 876/972/669 875/929/668 841/930/668
f 831/927/645 880/927/645 882/991/647 833/991/647
f 833/989/647 882/989/647 881/924/646 832/924/646
f 858/919/685 829/919/662 830/970/663 862/970/689
f 862/972/689 830/972/663 828/908/661 859/908/686
f 834/933/655 871/925/655 873/996/657 836/996/657
f 836/996/657 873/996/657 872/914/656 835/914/656
f 843/934/670 858/919/685 860/971/687 846/920/673
f 846/977/673 860/981/687 857/938/684 844/937/671
f 822/909/618 866/918/693 869/987/696 824/987/620
f 824/987/620 869/987/696 865/907/692 823/907/619
f 878/921/665 838/934/665 839/975/666 879/975/666
f 879/975/666 839/975/666 837/940/664 877/941/664
f 852/910/679 820/910/629 821/980/630 856/980/683
f 856/980/683 821/980/630 819/912/628 850/945/677
f 851/936/678 864/939/691 870/986/697 855/911/682
f 855/911/682 870/986/697 866/918/693 852/910/679
f 844/937/671 851/936/678 853/978/680 848/917/675
f 848/917/675 853/978/680 850/945/677 845/917/672
f 825/921/658 843/934/670 849/975/676 827/975/660
f 827/975/660 849/975/676 845/917/672 826/917/659
f 885/953/700 891/952/706 893/997/708 889/992/704
f 889/924/704 893/925/708 890/925/705 883/942/698
f 884/949/699 897/948/686 903/998/689 888/949/703
f 888/994/703 903/1000/689 899/954/685 885/953/700
f 891/952/706 905/951/670 907/1002/676 895/914/710
f 895/914/710 907/1002/676 904/941/672 892/944/707
f 905/951/670 899/954/685 902/971/687 909/934/673
f 909/934/673 902/971/687 898/950/684 906/921/671
f 880/946/645 884/949/699 886/991/701 882/991/647
f 882/989/647 886/989/701 883/942/698 881/924/646
f 892/944/707 872/943/656 873/996/657 896/996/711
f 896/996/711 873/996/657 871/933/655 890/925/705
f 906/921/671 878/934/665 879/975/666 910/975/675
f 910/975/675 879/975/666 877/941/664 904/941/672
f 874/935/667 898/950/684 900/970/690 876/970/669
f 876/972/669 900/972/690 897/948/686 875/947/668
f 779/909/618 783/958/622 794/968/633 790/911/629
o Torus.006
v 0.904682 0.400004 -0.374221
v 0.942410 0.399061 -0.328696
v 0.942410 0.434390 -0.371543
v 0.942410 0.422423 -0.327035
v 0.942410 0.467748 -0.358450
v 0.942410 0.443114 -0.318914
v 0.942410 0.495766 -0.336107
v 0.942410 0.460492 -0.305056
v 0.942410 0.515952 -0.306499
v 0.942410 0.473013 -0.286691
v 0.942410 0.526515 -0.272255
v 0.942410 0.479565 -0.265451
v 0.942410 0.526515 -0.236420
v 0.942410 0.479565 -0.243224
v 0.942410 0.515952 -0.202176
v 0.942410 0.473013 -0.221984
v 0.942410 0.495766 -0.172567
v 0.942410 0.460492 -0.203619
v 0.942410 0.467748 -0.150224
v 0.942410 0.443114 -0.189760
v 0.942410 0.434390 -0.137132
v 0.942410 0.422423 -0.181640
v 0.904682 0.400004 -0.134454
v 0.942410 0.399061 -0.179979
v 0.904682 0.121746 -0.374221
v 0.942410 0.121751 -0.329713
v 0.904682 0.121746 -0.134454
v 0.942410 0.121751 -0.178962
v 0.956745 0.399777 -0.363239
v 0.946592 0.400004 -0.374221
v 0.955754 0.399890 -0.368730
v 0.952038 0.399974 -0.372749
v 0.942410 0.399061 -0.328696
v 0.954580 0.399288 -0.339666
v 0.948126 0.399091 -0.330166
v 0.952580 0.399174 -0.334181
v 0.892513 0.399288 -0.339666
v 0.904682 0.399061 -0.328696
v 0.894512 0.399174 -0.334181
v 0.898966 0.399091 -0.330166
v 0.900500 0.400004 -0.374221
v 0.890348 0.399777 -0.363239
v 0.895055 0.399974 -0.372749
v 0.891339 0.399890 -0.368730
v 0.946592 0.434390 -0.371543
v 0.956743 0.431498 -0.360785
v 0.952037 0.434002 -0.370101
v 0.955753 0.432944 -0.366164
v 0.954583 0.425317 -0.337798
v 0.942411 0.422423 -0.327035
v 0.952582 0.423870 -0.332416
v 0.948127 0.422811 -0.328477
v 0.904682 0.422423 -0.327035
v 0.892509 0.425317 -0.337798
v 0.898966 0.422811 -0.328477
v 0.894510 0.423870 -0.332416
v 0.890350 0.431498 -0.360785
v 0.900500 0.434390 -0.371543
v 0.891340 0.432944 -0.366164
v 0.895055 0.434002 -0.370101
v 0.946592 0.467748 -0.358450
v 0.956745 0.461807 -0.348916
v 0.952038 0.466952 -0.357173
v 0.955754 0.464778 -0.353683
v 0.954581 0.449057 -0.328453
v 0.942410 0.443114 -0.318914
v 0.952581 0.446086 -0.323684
v 0.948126 0.443910 -0.320192
v 0.904682 0.443114 -0.318914
v 0.892512 0.449057 -0.328453
v 0.898966 0.443910 -0.320192
v 0.894511 0.446086 -0.323684
v 0.890347 0.461807 -0.348916
v 0.900500 0.467748 -0.358451
v 0.891338 0.464778 -0.353683
v 0.895055 0.466952 -0.357173
v 0.946592 0.495766 -0.336107
v 0.956747 0.487278 -0.328636
v 0.952038 0.494628 -0.335106
v 0.955755 0.491522 -0.332372
v 0.954578 0.468982 -0.312530
v 0.942411 0.460492 -0.305056
v 0.952580 0.464737 -0.308793
v 0.948126 0.461630 -0.306057
v 0.904682 0.460492 -0.305056
v 0.892514 0.468982 -0.312530
v 0.898966 0.461630 -0.306057
v 0.894513 0.464737 -0.308793
v 0.890345 0.487278 -0.328636
v 0.900500 0.495766 -0.336107
v 0.891337 0.491522 -0.332372
v 0.895054 0.494629 -0.335106
v 0.946592 0.515952 -0.306499
v 0.956749 0.505639 -0.301741
v 0.952038 0.514571 -0.305861
v 0.955756 0.510796 -0.304120
v 0.954577 0.483330 -0.291450
v 0.942411 0.473013 -0.286691
v 0.952579 0.478171 -0.289070
v 0.948126 0.474395 -0.287328
v 0.904682 0.473013 -0.286691
v 0.892516 0.483330 -0.291450
v 0.898967 0.474395 -0.287328
v 0.894513 0.478171 -0.289070
v 0.890343 0.505639 -0.301741
v 0.900500 0.515953 -0.306499
v 0.891336 0.510796 -0.304120
v 0.895054 0.514571 -0.305861
v 0.946592 0.526515 -0.272255
v 0.956750 0.515250 -0.270622
v 0.952038 0.525006 -0.272036
v 0.955756 0.520882 -0.271439
v 0.954576 0.490834 -0.267084
v 0.942411 0.479565 -0.265451
v 0.952578 0.485199 -0.266267
v 0.948126 0.481075 -0.265670
v 0.904682 0.479565 -0.265451
v 0.892517 0.490834 -0.267084
v 0.898967 0.481075 -0.265670
v 0.894514 0.485199 -0.266267
v 0.890342 0.515250 -0.270622
v 0.900500 0.526515 -0.272255
v 0.891336 0.520882 -0.271439
v 0.895054 0.525006 -0.272036
v 0.946592 0.526515 -0.236420
v 0.956750 0.515250 -0.238052
v 0.952038 0.525006 -0.236638
v 0.955756 0.520882 -0.237236
v 0.954576 0.490834 -0.241591
v 0.942411 0.479565 -0.243224
v 0.952578 0.485199 -0.242407
v 0.948126 0.481075 -0.243005
v 0.904682 0.479565 -0.243224
v 0.892517 0.490834 -0.241591
v 0.898967 0.481075 -0.243005
v 0.894514 0.485199 -0.242407
v 0.890342 0.515250 -0.238052
v 0.900500 0.526515 -0.236420
v 0.891336 0.520882 -0.237236
v 0.895054 0.525006 -0.236638
v 0.946592 0.515952 -0.202176
v 0.956749 0.505639 -0.206934
v 0.952038 0.514571 -0.202813
v 0.955756 0.510796 -0.204555
v 0.954577 0.483330 -0.217225
v 0.942411 0.473013 -0.221984
v 0.952579 0.478171 -0.219604
v 0.948126 0.474395 -0.221346
v 0.904682 0.473013 -0.221984
v 0.892516 0.483330 -0.217225
v 0.898967 0.474395 -0.221346
v 0.894513 0.478171 -0.219604
v 0.890343 0.505639 -0.206934
v 0.900500 0.515953 -0.202176
v 0.891336 0.510796 -0.204555
v 0.895054 0.514571 -0.202813
v 0.946592 0.495766 -0.172567
v 0.956747 0.487278 -0.180039
v 0.952038 0.494628 -0.173568
v 0.955755 0.491522 -0.176303
v 0.954578 0.468982 -0.196145
v 0.942411 0.460492 -0.203619
v 0.952580 0.464737 -0.199882
v 0.948126 0.461630 -0.202618
v 0.904682 0.460492 -0.203619
v 0.892514 0.468982 -0.196145
v 0.898966 0.461630 -0.202618
v 0.894513 0.464737 -0.199882
v 0.890345 0.487278 -0.180039
v 0.900500 0.495766 -0.172567
v 0.891337 0.491522 -0.176303
v 0.895054 0.494629 -0.173568
v 0.946592 0.467748 -0.150224
v 0.956745 0.461807 -0.159759
v 0.952038 0.466952 -0.151502
v 0.955754 0.464778 -0.154991
v 0.954581 0.449057 -0.180222
v 0.942411 0.443114 -0.189760
v 0.952581 0.446086 -0.184991
v 0.948126 0.443910 -0.188482
v 0.904682 0.443114 -0.189760
v 0.892512 0.449057 -0.180222
v 0.898966 0.443910 -0.188482
v 0.894511 0.446086 -0.184991
v 0.890347 0.461807 -0.159759
v 0.900500 0.467748 -0.150224
v 0.891338 0.464778 -0.154991
v 0.895055 0.466952 -0.151502
v 0.946592 0.434390 -0.137132
v 0.956743 0.431498 -0.147889
v 0.952037 0.434002 -0.138573
v 0.955753 0.432944 -0.142511
v 0.954583 0.425317 -0.170877
v 0.942411 0.422423 -0.181640
v 0.952582 0.423870 -0.176258
v 0.948127 0.422811 -0.180198
v 0.904682 0.422423 -0.181640
v 0.892509 0.425317 -0.170877
v 0.898966 0.422811 -0.180198
v 0.894510 0.423870 -0.176258
v 0.890350 0.431498 -0.147889
v 0.900500 0.434390 -0.137132
v 0.891340 0.432944 -0.142511
v 0.895055 0.434002 -0.138573
v 0.946592 0.400004 -0.134454
v 0.956745 0.399777 -0.145436
v 0.952038 0.399974 -0.135925
v 0.955754 0.399890 -0.139945
v 0.954580 0.399288 -0.169008
v 0.942411 0.399061 -0.179979
v 0.952580 0.399174 -0.174493
v 0.948126 0.399091 -0.178509
v 0.904682 0.399061 -0.179979
v 0.892513 0.399288 -0.169008
v 0.898966 0.399091 -0.178509
v 0.894512 0.399174 -0.174493
v 0.890348 0.399777 -0.145436
v 0.900500 0.400004 -0.134454
v 0.891339 0.399890 -0.139945
v 0.895055 0.399974 -0.135925
v 0.946592 0.121746 -0.374221
v 0.956927 0.121747 -0.363219
v 0.952062 0.121746 -0.372747
v 0.955845 0.121747 -0.368720
v 0.955235 0.121750 -0.340705
v 0.943248 0.121751 -0.329713
v 0.953327 0.121750 -0.335209
v 0.948939 0.121751 -0.331186
v 0.903844 0.121751 -0.329713
v 0.891857 0.121750 -0.340705
v 0.898153 0.121751 -0.331186
v 0.893765 0.121750 -0.335209
v 0.890166 0.121747 -0.363219
v 0.900500 0.121746 -0.374221
v 0.891248 0.121747 -0.368720
v 0.895030 0.121746 -0.372747
v 0.956927 0.121747 -0.145456
v 0.946592 0.121746 -0.134454
v 0.955845 0.121747 -0.139955
v 0.952062 0.121746 -0.135928
v 0.943248 0.121751 -0.178962
v 0.955235 0.121750 -0.167969
v 0.948939 0.121751 -0.177489
v 0.953327 0.121750 -0.173465
v 0.891857 0.121750 -0.167969
v 0.903844 0.121751 -0.178962
v 0.893765 0.121750 -0.173466
v 0.898153 0.121751 -0.177489
v 0.900500 0.121746 -0.134454
v 0.890166 0.121747 -0.145456
v 0.895030 0.121746 -0.135928
v 0.891248 0.121747 -0.139955
vn -0.0000 0.0389 -0.9992
vn -0.0000 -0.0373 0.9993
vn -0.0000 0.2239 -0.9746
vn -0.0000 -0.2207 0.9754
vn -0.0000 0.5000 -0.8660
vn -0.0000 -0.5000 0.8660
vn -0.0000 0.7331 -0.6802
vn -0.0000 -0.7331 0.6802
vn -0.0000 0.9010 -0.4339
vn -0.0000 -0.9010 0.4339
vn -0.0000 0.9888 -0.1490
vn -0.0000 -0.9888 0.1490
vn -0.0000 0.9888 0.1490
vn -0.0000 -0.9888 -0.1490
vn -0.0000 0.9010 0.4339
vn -0.0000 -0.9010 -0.4339
vn -0.0000 0.7331 0.6802
vn -0.0000 -0.7331 -0.6802
vn -0.0000 0.5000 0.8660
vn -0.0000 -0.5000 -0.8660
vn -0.0000 0.2239 0.9746
vn -0.0000 -0.2207 -0.9754
vn -0.0000 0.0389 0.9992
vn -0.0000 -0.0373 -0.9993
vn -0.0000 -0.0000 -1.0000
vn -0.0000 -0.0037 1.0000
vn -0.0000 -0.0000 1.0000
vn -0.0000 -0.0037 -1.0000
vn 0.9987 0.0024 -0.0507
vn 0.1310 0.0385 -0.9906
vn 0.8909 0.0178 -0.4539
vn 0.5137 0.0333 -0.8573
vn 0.1259 -0.0369 0.9914
vn 0.9772 -0.0072 0.2123
vn 0.4759 -0.0323 0.8789
vn 0.8330 -0.0197 0.5529
vn -0.9772 -0.0072 0.2123
vn -0.1259 -0.0369 0.9914
vn -0.8330 -0.0197 0.5529
vn -0.4759 -0.0323 0.8789
vn -0.1310 0.0385 -0.9906
vn -0.9987 0.0024 -0.0507
vn -0.5137 0.0333 -0.8573
vn -0.8909 0.0178 -0.4539
vn 0.1316 0.2224 -0.9660
vn 0.9985 0.0119 -0.0540
vn 0.5108 0.1928 -0.8378
vn 0.8866 0.1027 -0.4510
vn 0.9789 -0.0456 0.1991
vn 0.1289 -0.2184 0.9673
vn 0.8431 -0.1190 0.5244
vn 0.4877 -0.1921 0.8516
vn -0.1289 -0.2184 0.9673
vn -0.9789 -0.0456 0.1991
vn -0.4877 -0.1921 0.8516
vn -0.8431 -0.1190 0.5244
vn -0.9985 0.0119 -0.0540
vn -0.1316 0.2224 -0.9660
vn -0.8866 0.1027 -0.4510
vn -0.5108 0.1927 -0.8378
vn 0.1327 0.4959 -0.8582
vn 0.9985 0.0271 -0.0480
vn 0.5134 0.4292 -0.7431
vn 0.8878 0.2293 -0.3990
vn 0.9793 -0.1016 0.1753
vn 0.1299 -0.4954 0.8589
vn 0.8449 -0.2677 0.4631
vn 0.4906 -0.4354 0.7549
vn -0.1299 -0.4954 0.8589
vn -0.9793 -0.1016 0.1753
vn -0.4906 -0.4354 0.7549
vn -0.8449 -0.2677 0.4631
vn -0.9985 0.0271 -0.0480
vn -0.1327 0.4959 -0.8582
vn -0.8878 0.2293 -0.3990
vn -0.5134 0.4292 -0.7431
vn 0.1335 0.7267 -0.6739
vn 0.9985 0.0400 -0.0377
vn 0.5155 0.6283 -0.5828
vn 0.8888 0.3354 -0.3122
vn 0.9795 -0.1477 0.1367
vn 0.1308 -0.7266 0.6745
vn 0.8464 -0.3905 0.3620
vn 0.4929 -0.6376 0.5920
vn -0.1308 -0.7266 0.6745
vn -0.9795 -0.1477 0.1367
vn -0.4929 -0.6376 0.5920
vn -0.8464 -0.3905 0.3620
vn -0.9985 0.0400 -0.0377
vn -0.1335 0.7267 -0.6739
vn -0.8888 0.3354 -0.3122
vn -0.5155 0.6283 -0.5828
vn 0.1341 0.8929 -0.4298
vn 0.9985 0.0493 -0.0240
vn 0.5169 0.7713 -0.3714
vn 0.8895 0.4114 -0.1986
vn 0.9798 -0.1804 0.0867
vn 0.1314 -0.8931 0.4303
vn 0.8475 -0.4783 0.2301
vn 0.4945 -0.7830 0.3773
vn -0.1314 -0.8931 0.4303
vn -0.9798 -0.1804 0.0867
vn -0.4945 -0.7830 0.3773
vn -0.8475 -0.4783 0.2301
vn -0.9985 0.0493 -0.0240
vn -0.1341 0.8929 -0.4298
vn -0.8895 0.4114 -0.1986
vn -0.5169 0.7713 -0.3714
vn 0.1344 0.9799 -0.1476
vn 0.9985 0.0541 -0.0083
vn 0.5176 0.8461 -0.1275
vn 0.8899 0.4511 -0.0681
vn 0.9799 -0.1975 0.0297
vn 0.1317 -0.9802 0.1478
vn 0.8480 -0.5240 0.0789
vn 0.4953 -0.8590 0.1295
vn -0.1317 -0.9802 0.1478
vn -0.9799 -0.1975 0.0297
vn -0.4953 -0.8590 0.1295
vn -0.8480 -0.5240 0.0789
vn -0.9985 0.0541 -0.0083
vn -0.1344 0.9799 -0.1476
vn -0.8899 0.4511 -0.0681
vn -0.5176 0.8461 -0.1275
vn 0.1344 0.9799 0.1476
vn 0.9985 0.0541 0.0083
vn 0.5176 0.8461 0.1275
vn 0.8899 0.4511 0.0681
vn 0.9799 -0.1975 -0.0297
vn 0.1317 -0.9802 -0.1478
vn 0.8480 -0.5240 -0.0789
vn 0.4953 -0.8590 -0.1295
vn -0.1317 -0.9802 -0.1478
vn -0.9799 -0.1975 -0.0297
vn -0.4953 -0.8590 -0.1295
vn -0.8480 -0.5240 -0.0789
vn -0.9985 0.0541 0.0083
vn -0.1344 0.9799 0.1476
vn -0.8899 0.4511 0.0681
vn -0.5176 0.8461 0.1275
vn 0.1341 0.8929 0.4298
vn 0.9985 0.0493 0.0240
vn 0.5169 0.7713 0.3714
vn 0.8895 0.4114 0.1986
vn 0.9798 -0.1804 -0.0867
vn 0.1314 -0.8931 -0.4303
vn 0.8475 -0.4783 -0.2301
vn 0.4945 -0.7830 -0.3773
vn -0.1314 -0.8931 -0.4303
vn -0.9798 -0.1804 -0.0867
vn -0.4945 -0.7830 -0.3773
vn -0.8475 -0.4783 -0.2301
vn -0.9985 0.0493 0.0240
vn -0.1341 0.8929 0.4298
vn -0.8895 0.4114 0.1986
vn -0.5169 0.7713 0.3714
vn 0.1335 0.7267 0.6739
vn 0.9985 0.0400 0.0377
vn 0.5155 0.6283 0.5828
vn 0.8888 0.3354 0.3122
vn 0.9795 -0.1477 -0.1367
vn 0.1308 -0.7266 -0.6745
vn 0.8464 -0.3905 -0.3620
vn 0.4929 -0.6376 -0.5920
vn -0.1308 -0.7266 -0.6745
vn -0.9795 -0.1477 -0.1367
vn -0.4929 -0.6376 -0.5920
vn -0.8464 -0.3905 -0.3620
vn -0.9985 0.0400 0.0377
vn -0.1335 0.7267 0.6739
vn -0.8888 0.3354 0.3122
vn -0.5155 0.6283 0.5828
vn 0.1327 0.4959 0.8582
vn 0.9985 0.0271 0.0480
vn 0.5134 0.4292 0.7431
vn 0.8878 0.2293 0.3990
vn 0.9793 -0.1016 -0.1753
vn 0.1299 -0.4954 -0.8589
vn 0.8449 -0.2677 -0.4631
vn 0.4906 -0.4354 -0.7549
vn -0.1299 -0.4954 -0.8589
vn -0.9793 -0.1016 -0.1753
vn -0.4906 -0.4354 -0.7548
vn -0.8449 -0.2677 -0.4631
vn -0.9985 0.0271 0.0480
vn -0.1327 0.4959 0.8582
vn -0.8878 0.2293 0.3990
vn -0.5134 0.4292 0.7431
vn 0.1316 0.2224 0.9660
vn 0.9985 0.0119 0.0540
vn 0.5108 0.1928 0.8378
vn 0.8866 0.1027 0.4510
vn 0.9789 -0.0456 -0.1991
vn 0.1289 -0.2184 -0.9673
vn 0.8431 -0.1190 -0.5244
vn 0.4877 -0.1921 -0.8516
vn -0.1289 -0.2184 -0.9673
vn -0.9789 -0.0456 -0.1991
vn -0.4877 -0.1921 -0.8516
vn -0.8431 -0.1190 -0.5244
vn -0.9985 0.0119 0.0540
vn -0.1316 0.2224 0.9660
vn -0.8866 0.1027 0.4510
vn -0.5108 0.1927 0.8378
vn 0.1310 0.0385 0.9906
vn 0.9987 0.0024 0.0507
vn 0.5137 0.0333 0.8573
vn 0.8909 0.0178 0.4539
vn 0.9772 -0.0072 -0.2123
vn 0.1259 -0.0369 -0.9914
vn 0.8330 -0.0197 -0.5529
vn 0.4759 -0.0323 -0.8789
vn -0.1259 -0.0369 -0.9914
vn -0.9772 -0.0072 -0.2123
vn -0.4759 -0.0323 -0.8789
vn -0.8330 -0.0197 -0.5529
vn -0.9987 0.0024 0.0507
vn -0.1310 0.0385 0.9906
vn -0.8909 0.0178 0.4539
vn -0.5137 0.0333 0.8573
vn 0.1314 -0.0000 -0.9913
vn 0.9987 0.0009 -0.0514
vn 0.5159 0.0001 -0.8566
vn 0.8923 0.0003 -0.4513
vn 0.9775 0.0013 0.2107
vn 0.1262 -0.0033 0.9920
vn 0.8328 0.0002 0.5536
vn 0.4758 -0.0019 0.8796
vn -0.1262 -0.0033 0.9920
vn -0.9775 0.0013 0.2107
vn -0.4758 -0.0019 0.8796
vn -0.8328 0.0002 0.5536
vn -0.9987 0.0009 -0.0514
vn -0.1314 -0.0000 -0.9913
vn -0.8923 0.0003 -0.4513
vn -0.5159 0.0001 -0.8566
vn 0.9987 0.0009 0.0514
vn 0.1314 -0.0000 0.9913
vn 0.8923 0.0003 0.4513
vn 0.5159 0.0001 0.8566
vn 0.1262 -0.0033 -0.9920
vn 0.9775 0.0013 -0.2107
vn 0.4758 -0.0019 -0.8796
vn 0.8328 0.0002 -0.5536
vn -0.9775 0.0013 -0.2107
vn -0.1262 -0.0033 -0.9920
vn -0.8328 0.0002 -0.5536
vn -0.4758 -0.0019 -0.8796
vn -0.1314 -0.0000 0.9913
vn -0.9987 0.0009 0.0514
vn -0.5159 0.0001 0.8566
vn -0.8923 0.0003 0.4513
vt 0.238095 0.206970
vt 0.285714 0.206830
vt 0.285714 0.293129
vt 0.238095 0.293050
vt 0.761905 0.706871
vt 0.761905 0.793170
vt 0.761905 0.792171
vt 0.761905 0.707866
vt 0.761905 0.206830
vt 0.761905 0.293129
vt 0.761905 0.292134
vt 0.761905 0.207829
vt 0.809524 0.206970
vt 0.857143 0.206877
vt 0.857143 0.293139
vt 0.809524 0.293050
vt 0.761905 0.999999
vt 0.761905 1.000000
vt 0.761905 0.988366
vt 0.857143 0.206877
vt 0.904762 0.206783
vt 0.904762 0.293230
vt 0.857143 0.293139
vt 0.761905 0.356914
vt 0.761905 0.353709
vt 0.904762 0.706770
vt 0.952381 0.706698
vt 0.952381 0.793291
vt 0.904762 0.793217
vt 0.809524 1.000000
vt 0.857143 0.000004
vt 0.857143 -0.000000
vt 0.857143 0.128617
vt 0.809524 0.356914
vt 0.857143 0.706861
vt 0.904762 0.706770
vt 0.857143 0.793123
vt 0.904762 0.500000
vt 0.904762 0.545424
vt 0.857143 0.545424
vt 0.857143 0.500000
vt 0.857143 0.368385
vt 0.904762 0.368385
vt 0.952381 0.206709
vt 0.952381 0.293302
vt 0.904762 0.293230
vt 0.857143 1.000000
vt 0.904762 0.000004
vt 0.904762 -0.000000
vt 0.904762 0.128617
vt 0.857143 0.356914
vt 1.000000 0.206669
vt 1.000000 0.293342
vt 0.952381 0.293302
vt 0.952381 0.500000
vt 0.952381 0.545424
vt 0.904762 0.545424
vt 0.952381 0.368385
vt 0.000000 1.000000
vt 0.047619 0.000004
vt 0.047619 -0.000000
vt 0.047619 0.128617
vt 0.000000 0.356914
vt 0.904762 1.000000
vt 0.952381 0.000004
vt 0.952381 -0.000000
vt 0.952381 0.128617
vt 0.904762 0.356913
vt 1.000000 0.706658
vt 1.000000 0.793331
vt 1.000000 0.500000
vt 1.000000 0.545424
vt 0.952381 0.545424
vt 1.000000 0.368385
vt 0.000000 0.206669
vt 0.047619 0.206669
vt 0.047619 0.293342
vt 0.000000 0.293342
vt 0.952381 1.000000
vt 1.000000 0.000004
vt 1.000000 -0.000000
vt 1.000000 0.128617
vt 0.952381 0.356913
vt 0.047619 0.206669
vt 0.095238 0.206709
vt 0.095238 0.293302
vt 0.047619 0.293342
vt 0.000000 0.706658
vt 0.047619 0.706658
vt 0.047619 0.793331
vt 0.000000 0.793331
vt 0.095238 0.706698
vt 0.142857 0.706770
vt 0.142857 0.793217
vt 0.095238 0.793291
vt 0.047619 0.500000
vt 0.047619 0.545424
vt 0.000000 0.545424
vt 0.000000 0.500000
vt 0.000000 0.368385
vt 0.047619 0.368385
vt 0.095238 0.706698
vt 0.095238 0.793291
vt 0.047619 0.793331
vt 0.095238 0.500000
vt 0.095238 0.545424
vt 0.047619 0.545424
vt 0.095238 0.368385
vt 0.095238 0.206709
vt 0.142857 0.206783
vt 0.142857 0.293230
vt 0.095238 0.293302
vt 0.047619 1.000000
vt 0.095238 0.000004
vt 0.095238 -0.000000
vt 0.095238 0.128617
vt 0.047619 0.356913
vt 0.190476 0.206877
vt 0.190476 0.293139
vt 0.142857 0.293230
vt 0.142857 0.500000
vt 0.142857 0.545424
vt 0.142857 0.368385
vt 0.095238 1.000000
vt 0.142857 0.000004
vt 0.142857 -0.000000
vt 0.142857 0.128617
vt 0.095238 0.356914
vt 0.190476 0.706861
vt 0.190476 0.793123
vt 0.190476 0.500000
vt 0.190476 0.545424
vt 0.190476 0.368385
vt 0.190476 0.206877
vt 0.238095 0.206970
vt 0.238095 0.293050
vt 0.190476 0.293139
vt 0.142857 1.000000
vt 0.190476 0.000003
vt 0.190476 -0.000000
vt 0.190476 0.128617
vt 0.142857 0.356914
vt 0.238095 0.706950
vt 0.238095 0.793030
vt 0.190476 0.793123
vt 0.238095 0.500000
vt 0.238095 0.545424
vt 0.190476 0.545424
vt 0.238095 0.368385
vt 0.190476 1.000000
vt 0.238095 0.000003
vt 0.238095 -0.000000
vt 0.238095 0.128617
vt 0.190476 0.356914
vt 0.238095 0.706950
vt 0.285714 0.706871
vt 0.285714 0.793170
vt 0.238095 0.793030
vt 0.285714 0.500000
vt 0.285714 0.631615
vt 0.238095 0.545424
vt 0.285714 0.454576
vt 0.238095 1.000000
vt 0.285714 0.000003
vt 0.285714 -0.000000
vt 0.285714 0.128617
vt 0.238095 0.356914
vt 0.809524 0.706950
vt 0.809524 0.793030
vt 0.761905 0.793170
vt 0.285714 0.793170
vt 0.285714 0.707866
vt 0.285714 0.792171
vt 0.809524 0.500000
vt 0.809524 0.545424
vt 0.761905 0.631615
vt 0.761905 0.500000
vt 0.761905 0.454576
vt 0.809524 0.368385
vt 0.285714 0.129258
vt 0.761905 0.454576
vt 0.285714 0.058169
vt 0.809524 0.000003
vt 0.809524 -0.000000
vt 0.809524 0.128617
vt 0.761905 0.356914
vt 0.285714 0.454576
vt 0.285714 0.293129
vt 0.285714 0.206830
vt 0.285714 0.207829
vt 0.285714 0.292134
vt 0.761905 0.206830
vt 0.809524 0.206970
vt 0.809524 0.293050
vt 0.761905 0.293129
vt 0.809524 0.545424
vt 0.809570 0.813685
vt 0.761898 0.813729
vt 0.810102 0.413852
vt 0.761830 0.915669
vt 0.810102 0.144701
vt 0.761830 0.259846
vt 0.809570 0.186315
vt 0.761898 0.186271
vt 0.857189 0.813721
vt 0.809496 0.813674
vt 0.857731 0.414069
vt 0.809168 0.919403
vt 0.857731 0.144766
vt 0.809168 0.261148
vt 0.857189 0.186279
vt 0.809496 0.186326
vt 0.904805 0.813758
vt 0.857114 0.813711
vt 0.905330 0.414480
vt 0.856770 0.919648
vt 0.905330 0.144881
vt 0.856770 0.261239
vt 0.904805 0.186242
vt 0.857114 0.186289
vt 0.952422 0.813787
vt 0.904731 0.813750
vt 0.952920 0.415077
vt 0.904362 0.920009
vt 0.952920 0.145044
vt 0.904362 0.261370
vt 0.952422 0.186213
vt 0.904731 0.186250
vt 1.000038 0.813803
vt 0.952348 0.813783
vt 1.000505 0.415804
vt 0.951948 0.920455
vt 1.000505 0.145240
vt 0.951949 0.261531
vt 1.000038 0.186197
vt 0.952348 0.186217
vt 0.047654 0.813801
vt -0.000035 0.813801
vt 0.048088 0.416601
vt -0.000469 0.920948
vt 0.048088 0.145452
vt -0.000469 0.261707
vt 0.047654 0.186199
vt -0.000035 0.186199
vt 0.095271 0.813783
vt 0.047581 0.813803
vt 0.095671 0.417398
vt 0.047114 0.921445
vt 0.095671 0.145661
vt 0.047114 0.261883
vt 0.095271 0.186217
vt 0.047581 0.186197
vt 0.142888 0.813750
vt 0.095197 0.813787
vt 0.143257 0.418126
vt 0.094699 0.921903
vt 0.143257 0.145850
vt 0.094699 0.262045
vt 0.142888 0.186250
vt 0.095197 0.186213
vt 0.190505 0.813711
vt 0.142814 0.813758
vt 0.190849 0.418721
vt 0.142289 0.922283
vt 0.190849 0.146002
vt 0.142289 0.262177
vt 0.190505 0.186289
vt 0.142814 0.186242
vt 0.238123 0.813674
vt 0.190430 0.813721
vt 0.238451 0.419130
vt 0.189888 0.922550
vt 0.238451 0.146105
vt 0.189888 0.262269
vt 0.238123 0.186326
vt 0.190430 0.186279
vt 0.285721 0.813729
vt 0.238049 0.813685
vt 0.285789 0.425080
vt 0.237517 0.922552
vt 0.285789 0.147669
vt 0.237517 0.262283
vt 0.285721 0.186271
vt 0.238049 0.186315
vt 0.809445 0.605365
vt 0.761963 0.648639
vt 0.809532 0.687306
vt 0.761899 0.687246
vt 0.809532 0.312694
vt 0.761899 0.312754
vt 0.809445 0.351578
vt 0.761963 0.395250
vt 0.857076 0.605200
vt 0.857150 0.687252
vt 0.857150 0.312748
vt 0.857076 0.351398
vt 0.904710 0.605207
vt 0.904767 0.687197
vt 0.904767 0.312803
vt 0.904710 0.351398
vt 0.952348 0.605213
vt 0.952384 0.687155
vt 0.952384 0.312845
vt 0.952348 0.351397
vt 0.999686 0.605240
vt 1.000031 0.687133
vt 1.000031 0.312867
vt 0.999687 0.351402
vt 0.047630 0.605216
vt 0.000291 0.605193
vt 0.047618 0.687132
vt -0.000028 0.687131
vt 0.047618 0.312868
vt -0.000028 0.312868
vt 0.047630 0.351397
vt 0.000291 0.351393
vt 0.095271 0.605213
vt 0.095235 0.687155
vt 0.095235 0.312845
vt 0.095271 0.351397
vt 0.142909 0.605207
vt 0.142852 0.687197
vt 0.142852 0.312803
vt 0.142909 0.351398
vt 0.190543 0.605200
vt 0.190469 0.687252
vt 0.190469 0.312748
vt 0.190543 0.351398
vt 0.238174 0.605365
vt 0.238087 0.687306
vt 0.238087 0.312694
vt 0.238174 0.351578
vt 0.285656 0.648639
vt 0.285720 0.687246
vt 0.285720 0.312754
vt 0.285656 0.395250
vt 0.761905 0.648793
vt 0.761905 0.687732
vt 0.761905 0.909313
vt 0.761905 0.813217
vt 0.285714 0.687732
vt 0.285714 0.648793
vt 0.285714 0.395158
vt 0.285714 0.312268
vt 0.285714 0.148333
vt 0.285714 0.186783
vt 0.761905 0.186783
vt 0.761905 0.258334
vt 0.285714 0.453435
vt 0.285714 0.813217
vt 0.761905 0.395158
vt 0.761905 0.312268
s 1
usemtl Material
f 1108/1004/910 1124/1005/926 1127/1006/929 1111/1007/913
f 939/1008/741 944/1009/746 1135/1010/937 1132/1011/934
f 947/1012/749 952/1013/754 1143/1014/945 1140/1015/942
f 964/1016/766 980/1017/782 983/1018/785 967/1019/769
f 943/1020/745 912/1021/714 936/1021/738 1136/1022/938
f 980/1023/782 996/1024/798 999/1025/801 983/1026/785
f 912/1021/714 948/1027/750 1139/1028/941 936/1021/738
f 988/1029/790 1004/1030/806 1007/1031/809 991/1032/793
f 960/1033/762 976/1034/778 916/1035/718 979/1036/781 963/1037/765 914/1033/716
f 972/1038/774 988/1039/790 991/1032/793 975/1040/777
f 917/1041/719 987/1042/789 971/1043/773 915/1044/717 984/1045/786 1000/1046/802
f 996/1024/798 1012/1047/814 1015/1048/817 999/1049/801
f 976/1050/778 992/1051/794 918/1052/720 995/1053/797 979/1054/781 916/1050/718
f 1012/1047/814 1028/1055/830 1031/1056/833 1015/1057/817
f 919/1058/721 1003/1059/805 987/1060/789 917/1041/719 1000/1046/802 1016/1061/818
f 1024/1062/826 1040/1063/842 924/1064/726 1043/1065/845 1027/1066/829 922/1062/724
f 992/1067/794 1008/1068/810 920/1069/722 1011/1070/813 995/1071/797 918/1067/720
f 1004/1030/806 1020/1072/822 1023/1073/825 1007/1031/809
f 921/1074/723 1019/1075/821 1003/1076/805 919/1058/721 1016/1061/818 1032/1077/834
f 1028/1078/830 1044/1079/846 1047/1080/849 1031/1081/833
f 1008/1082/810 1024/1083/826 922/1084/724 1027/1085/829 1011/1086/813 920/1082/722
f 1044/1087/846 1060/1088/862 1063/1089/865 1047/1090/849
f 1020/1091/822 1036/1092/838 1039/1093/841 1023/1094/825
f 1052/1095/854 1068/1096/870 1071/1097/873 1055/1098/857
f 923/1099/725 1035/1100/837 1019/1101/821 921/1102/723 1032/1103/834 1048/1104/850
f 1036/1092/838 1052/1105/854 1055/1106/857 1039/1107/841
f 925/1108/727 1051/1109/853 1035/1110/837 923/1099/725 1048/1104/850 1064/1111/866
f 1060/1112/862 1076/1113/878 1079/1114/881 1063/1115/865
f 1040/1116/842 1056/1117/858 926/1118/728 1059/1119/861 1043/1120/845 924/1116/726
f 1076/1113/878 1092/1121/894 1095/1122/897 1079/1123/881
f 927/1124/729 1067/1125/869 1051/1109/853 925/1108/727 1064/1111/866 1080/1126/882
f 1056/1127/858 1072/1128/874 928/1129/730 1075/1130/877 1059/1131/861 926/1127/728
f 1068/1096/870 1084/1132/886 1087/1133/889 1071/1097/873
f 929/1134/731 1083/1135/885 1067/1125/869 927/1124/729 1080/1126/882 1096/1136/898
f 1092/1137/894 1108/1138/910 1111/1139/913 1095/1140/897
f 1072/1141/874 1088/1142/890 930/1143/732 1091/1144/893 1075/1145/877 928/1141/730
f 1084/1132/886 1100/1146/902 1103/1147/905 1087/1148/889
f 931/1149/733 1099/1150/901 1083/1151/885 929/1134/731 1096/1136/898 1112/1152/914
f 1088/1153/890 1104/1154/906 932/1155/734 1107/1156/909 1091/1157/893 930/1153/732
f 1100/1158/902 1116/1159/918 1119/1160/921 1103/1161/905
f 933/1162/735 1115/1163/917 1099/1164/901 931/1149/733 1112/1152/914 1128/1165/930
f 1104/1166/906 1120/1167/922 934/1168/736 1123/1169/925 1107/1170/909 932/1166/734
f 1115/1163/917 933/1162/735 937/1162/739 1148/1163/950
f 956/1171/758 972/1038/774 975/1040/777 959/1172/761
f 939/1008/741 956/1171/758 959/1172/761 944/1173/746
f 1119/1174/921 1116/1159/918 1147/1175/949 1152/1176/954
f 913/1177/715 955/1178/757 940/1179/742 911/1180/713 951/1181/753 968/1182/770
f 1123/1169/925 934/1168/736 938/1168/740 1156/1183/958
f 951/1184/753 911/1180/713 935/1180/737 1144/1184/946
f 934/1168/736 1120/1168/922 1151/1185/953 938/1168/740
f 943/1021/745 960/1186/762 914/1187/716 963/1188/765 948/1189/750 912/1021/714
f 933/1162/735 1128/1190/930 1159/1190/961 937/1162/739
f 1127/1191/929 1124/1192/926 1155/1193/957 1160/1194/962
f 947/1195/749 964/1196/766 967/1197/769 952/1198/754
f 915/1044/717 971/1043/773 955/1199/757 913/1177/715 968/1182/770 984/1045/786
f 944/1173/746 959/1172/761 961/1200/763 946/1201/748
f 946/1201/748 961/1200/763 962/1202/764 945/1203/747
f 945/1203/747 962/1202/764 960/1186/762 943/1021/745
f 948/1189/750 963/1188/765 965/1204/767 950/1205/752
f 950/1205/752 965/1204/767 966/1206/768 949/1207/751
f 949/1207/751 966/1206/768 964/1196/766 947/1195/749
f 959/1172/761 975/1040/777 977/1208/779 961/1209/763
f 961/1209/763 977/1208/779 978/1210/780 962/1211/764
f 962/1211/764 978/1210/780 976/1034/778 960/1033/762
f 963/1037/765 979/1036/781 981/1212/783 965/1213/767
f 965/1213/767 981/1212/783 982/1214/784 966/1215/768
f 966/1215/768 982/1214/784 980/1017/782 964/1016/766
f 975/1040/777 991/1032/793 993/1216/795 977/1217/779
f 977/1217/779 993/1216/795 994/1218/796 978/1219/780
f 978/1219/780 994/1218/796 992/1051/794 976/1050/778
f 979/1054/781 995/1053/797 997/1220/799 981/1221/783
f 981/1221/783 997/1220/799 998/1222/800 982/1223/784
f 982/1223/784 998/1222/800 996/1024/798 980/1023/782
f 991/1032/793 1007/1031/809 1009/1224/811 993/1225/795
f 993/1225/795 1009/1224/811 1010/1226/812 994/1227/796
f 994/1227/796 1010/1226/812 1008/1068/810 992/1067/794
f 995/1071/797 1011/1070/813 1013/1228/815 997/1229/799
f 997/1229/799 1013/1228/815 1014/1230/816 998/1231/800
f 998/1231/800 1014/1230/816 1012/1047/814 996/1024/798
f 1007/1031/809 1023/1073/825 1025/1232/827 1009/1233/811
f 1009/1233/811 1025/1232/827 1026/1234/828 1010/1235/812
f 1010/1235/812 1026/1234/828 1024/1083/826 1008/1082/810
f 1011/1086/813 1027/1085/829 1029/1236/831 1013/1237/815
f 1013/1237/815 1029/1236/831 1030/1238/832 1014/1239/816
f 1014/1239/816 1030/1238/832 1028/1055/830 1012/1047/814
f 1023/1094/825 1039/1093/841 1041/1240/843 1025/1241/827
f 1025/1241/827 1041/1240/843 1042/1242/844 1026/1243/828
f 1026/1243/828 1042/1242/844 1040/1063/842 1024/1062/826
f 1027/1066/829 1043/1065/845 1045/1244/847 1029/1245/831
f 1029/1245/831 1045/1244/847 1046/1246/848 1030/1247/832
f 1030/1247/832 1046/1246/848 1044/1079/846 1028/1078/830
f 1039/1107/841 1055/1106/857 1057/1248/859 1041/1249/843
f 1041/1249/843 1057/1248/859 1058/1250/860 1042/1251/844
f 1042/1251/844 1058/1250/860 1056/1117/858 1040/1116/842
f 1043/1120/845 1059/1119/861 1061/1252/863 1045/1253/847
f 1045/1253/847 1061/1252/863 1062/1254/864 1046/1255/848
f 1046/1255/848 1062/1254/864 1060/1088/862 1044/1087/846
f 1055/1098/857 1071/1097/873 1073/1256/875 1057/1257/859
f 1057/1257/859 1073/1256/875 1074/1258/876 1058/1259/860
f 1058/1259/860 1074/1258/876 1072/1128/874 1056/1127/858
f 1059/1131/861 1075/1130/877 1077/1260/879 1061/1261/863
f 1061/1261/863 1077/1260/879 1078/1262/880 1062/1263/864
f 1062/1263/864 1078/1262/880 1076/1113/878 1060/1112/862
f 1071/1097/873 1087/1133/889 1089/1264/891 1073/1265/875
f 1073/1265/875 1089/1264/891 1090/1266/892 1074/1267/876
f 1074/1267/876 1090/1266/892 1088/1142/890 1072/1141/874
f 1075/1145/877 1091/1144/893 1093/1268/895 1077/1269/879
f 1077/1269/879 1093/1268/895 1094/1270/896 1078/1271/880
f 1078/1271/880 1094/1270/896 1092/1121/894 1076/1113/878
f 1087/1148/889 1103/1147/905 1105/1272/907 1089/1273/891
f 1089/1273/891 1105/1272/907 1106/1274/908 1090/1275/892
f 1090/1275/892 1106/1274/908 1104/1154/906 1088/1153/890
f 1091/1157/893 1107/1156/909 1109/1276/911 1093/1277/895
f 1093/1277/895 1109/1276/911 1110/1278/912 1094/1279/896
f 1094/1279/896 1110/1278/912 1108/1138/910 1092/1137/894
f 1103/1161/905 1119/1160/921 1121/1280/923 1105/1281/907
f 1105/1281/907 1121/1280/923 1122/1282/924 1106/1283/908
f 1106/1283/908 1122/1282/924 1120/1167/922 1104/1166/906
f 1107/1170/909 1123/1169/925 1125/1284/927 1109/1285/911
f 1109/1285/911 1125/1284/927 1126/1286/928 1110/1287/912
f 1110/1287/912 1126/1286/928 1124/1005/926 1108/1004/910
f 940/1179/742 955/1178/757 957/1288/759 942/1289/744
f 942/1289/744 957/1288/759 958/1290/760 941/1291/743
f 941/1291/743 958/1290/760 956/1171/758 939/1008/741
f 952/1198/754 967/1197/769 969/1292/771 954/1293/756
f 954/1293/756 969/1292/771 970/1294/772 953/1295/755
f 953/1295/755 970/1294/772 968/1182/770 951/1181/753
f 955/1199/757 971/1043/773 973/1296/775 957/1288/759
f 957/1288/759 973/1296/775 974/1297/776 958/1290/760
f 958/1290/760 974/1297/776 972/1038/774 956/1171/758
f 967/1019/769 983/1018/785 985/1298/787 969/1292/771
f 969/1292/771 985/1298/787 986/1299/788 970/1294/772
f 970/1294/772 986/1299/788 984/1045/786 968/1182/770
f 971/1043/773 987/1042/789 989/1300/791 973/1296/775
f 973/1296/775 989/1300/791 990/1301/792 974/1297/776
f 974/1297/776 990/1301/792 988/1039/790 972/1038/774
f 983/1026/785 999/1025/801 1001/1302/803 985/1298/787
f 985/1298/787 1001/1302/803 1002/1303/804 986/1299/788
f 986/1299/788 1002/1303/804 1000/1046/802 984/1045/786
f 987/1060/789 1003/1059/805 1005/1304/807 989/1300/791
f 989/1300/791 1005/1304/807 1006/1305/808 990/1301/792
f 990/1301/792 1006/1305/808 1004/1030/806 988/1029/790
f 999/1049/801 1015/1048/817 1017/1306/819 1001/1302/803
f 1001/1302/803 1017/1306/819 1018/1307/820 1002/1303/804
f 1002/1303/804 1018/1307/820 1016/1061/818 1000/1046/802
f 1003/1076/805 1019/1075/821 1021/1308/823 1005/1304/807
f 1005/1304/807 1021/1308/823 1022/1309/824 1006/1305/808
f 1006/1305/808 1022/1309/824 1020/1072/822 1004/1030/806
f 1015/1057/817 1031/1056/833 1033/1310/835 1017/1306/819
f 1017/1306/819 1033/1310/835 1034/1311/836 1018/1307/820
f 1018/1307/820 1034/1311/836 1032/1077/834 1016/1061/818
f 1019/1101/821 1035/1100/837 1037/1312/839 1021/1313/823
f 1021/1313/823 1037/1312/839 1038/1314/840 1022/1315/824
f 1022/1315/824 1038/1314/840 1036/1092/838 1020/1091/822
f 1031/1081/833 1047/1080/849 1049/1316/851 1033/1317/835
f 1033/1317/835 1049/1316/851 1050/1318/852 1034/1319/836
f 1034/1319/836 1050/1318/852 1048/1104/850 1032/1103/834
f 1035/1110/837 1051/1109/853 1053/1320/855 1037/1312/839
f 1037/1312/839 1053/1320/855 1054/1321/856 1038/1314/840
f 1038/1314/840 1054/1321/856 1052/1105/854 1036/1092/838
f 1047/1090/849 1063/1089/865 1065/1322/867 1049/1316/851
f 1049/1316/851 1065/1322/867 1066/1323/868 1050/1318/852
f 1050/1318/852 1066/1323/868 1064/1111/866 1048/1104/850
f 1051/1109/853 1067/1125/869 1069/1324/871 1053/1320/855
f 1053/1320/855 1069/1324/871 1070/1325/872 1054/1321/856
f 1054/1321/856 1070/1325/872 1068/1096/870 1052/1095/854
f 1063/1115/865 1079/1114/881 1081/1326/883 1065/1322/867
f 1065/1322/867 1081/1326/883 1082/1327/884 1066/1323/868
f 1066/1323/868 1082/1327/884 1080/1126/882 1064/1111/866
f 1067/1125/869 1083/1135/885 1085/1328/887 1069/1324/871
f 1069/1324/871 1085/1328/887 1086/1329/888 1070/1325/872
f 1070/1325/872 1086/1329/888 1084/1132/886 1068/1096/870
f 1079/1123/881 1095/1122/897 1097/1330/899 1081/1326/883
f 1081/1326/883 1097/1330/899 1098/1331/900 1082/1327/884
f 1082/1327/884 1098/1331/900 1096/1136/898 1080/1126/882
f 1083/1151/885 1099/1150/901 1101/1332/903 1085/1328/887
f 1085/1328/887 1101/1332/903 1102/1333/904 1086/1329/888
f 1086/1329/888 1102/1333/904 1100/1146/902 1084/1132/886
f 1095/1140/897 1111/1139/913 1113/1334/915 1097/1330/899
f 1097/1330/899 1113/1334/915 1114/1335/916 1098/1331/900
f 1098/1331/900 1114/1335/916 1112/1152/914 1096/1136/898
f 1099/1164/901 1115/1163/917 1117/1336/919 1101/1332/903
f 1101/1332/903 1117/1336/919 1118/1337/920 1102/1333/904
f 1102/1333/904 1118/1337/920 1116/1159/918 1100/1158/902
f 1111/1007/913 1127/1006/929 1129/1338/931 1113/1334/915
f 1113/1334/915 1129/1338/931 1130/1339/932 1114/1335/916
f 1114/1335/916 1130/1339/932 1128/1165/930 1112/1152/914
f 1131/1179/933 940/1179/742 942/1289/744 1133/1340/935
f 1133/1340/935 942/1289/744 941/1291/743 1134/1341/936
f 1134/1341/936 941/1291/743 939/1008/741 1132/1011/934
f 943/1020/745 1136/1022/938 1138/1342/940 945/1203/747
f 945/1203/747 1138/1342/940 1137/1343/939 946/1201/748
f 946/1201/748 1137/1343/939 1135/1010/937 944/1009/746
f 1147/1175/949 1116/1159/918 1118/1337/920 1149/1344/951
f 1149/1344/951 1118/1337/920 1117/1336/919 1150/1345/952
f 1150/1345/952 1117/1336/919 1115/1163/917 1148/1163/950
f 1159/1190/961 1128/1190/930 1130/1339/932 1161/1346/963
f 1161/1346/963 1130/1339/932 1129/1338/931 1162/1347/964
f 1162/1347/964 1129/1338/931 1127/1191/929 1160/1194/962
f 1123/1169/925 1156/1183/958 1158/1348/960 1125/1284/927
f 1125/1284/927 1158/1348/960 1157/1349/959 1126/1286/928
f 1126/1286/928 1157/1349/959 1155/1193/957 1124/1192/926
f 947/1012/749 1140/1015/942 1142/1350/944 949/1207/751
f 949/1207/751 1142/1350/944 1141/1351/943 950/1205/752
f 950/1205/752 1141/1351/943 1139/1028/941 948/1027/750
f 1151/1185/953 1120/1168/922 1122/1282/924 1153/1352/955
f 1153/1352/955 1122/1282/924 1121/1280/923 1154/1353/956
f 1154/1353/956 1121/1280/923 1119/1174/921 1152/1176/954
f 951/1184/753 1144/1184/946 1146/1354/948 953/1295/755
f 953/1295/755 1146/1354/948 1145/1355/947 954/1293/756
f 954/1293/756 1145/1355/947 1143/1014/945 952/1013/754
f 911/1180/713 940/1179/742 1131/1179/933 935/1180/737
o Cube.005
v 0.947012 0.282484 -0.203890
v 0.947012 0.309919 -0.203890
v 0.947012 0.282484 -0.231326
v 0.947012 0.309919 -0.231326
v 0.959565 0.280502 -0.201909
v 0.959565 0.311901 -0.201909
v 0.959565 0.280502 -0.233307
v 0.959565 0.311901 -0.233307
v 0.942198 0.289008 -0.224801
v 0.942198 0.289008 -0.210415
v 0.942198 0.303395 -0.210415
v 0.942198 0.303395 -0.224801
v 0.938298 0.290571 -0.223238
v 0.938298 0.290571 -0.211978
v 0.938298 0.301832 -0.211978
v 0.938298 0.301832 -0.223238
v 0.973691 0.306667 -0.228073
v 0.973691 0.285736 -0.228073
v 0.973691 0.285736 -0.207143
v 0.973691 0.306667 -0.207143
v 0.927844 0.290571 -0.223238
v 0.927844 0.290571 -0.211978
v 0.927844 0.301832 -0.211978
v 0.927844 0.301832 -0.223238
v 0.924431 0.291979 -0.221831
v 0.924431 0.291979 -0.213385
v 0.924431 0.300424 -0.213385
v 0.924431 0.300424 -0.221831
v 0.947012 0.278626 -0.225110
v 0.947012 0.277340 -0.217608
v 0.947012 0.278626 -0.210106
v 0.947012 0.288700 -0.200032
v 0.947012 0.296202 -0.198746
v 0.947012 0.303703 -0.200032
v 0.947012 0.313777 -0.210106
v 0.947012 0.315064 -0.217608
v 0.947012 0.313777 -0.225110
v 0.947012 0.303703 -0.235184
v 0.947012 0.296202 -0.236470
v 0.947012 0.288700 -0.235184
v 0.955647 0.280385 -0.233424
v 0.952237 0.280655 -0.233155
v 0.949352 0.281343 -0.232466
v 0.949352 0.311060 -0.232466
v 0.952237 0.311749 -0.233155
v 0.955647 0.312018 -0.233424
v 0.959565 0.304787 -0.237723
v 0.959565 0.296202 -0.239194
v 0.959565 0.287616 -0.237723
v 0.959565 0.276087 -0.209022
v 0.959565 0.274615 -0.217608
v 0.959565 0.276087 -0.226193
v 0.959565 0.316316 -0.226193
v 0.959565 0.317788 -0.217608
v 0.959565 0.316316 -0.209022
v 0.959565 0.304787 -0.197493
v 0.959565 0.296202 -0.196021
v 0.959565 0.287616 -0.197493
v 0.949352 0.281343 -0.202750
v 0.952237 0.280655 -0.202061
v 0.955647 0.280385 -0.201791
v 0.955647 0.312018 -0.201791
v 0.952237 0.311749 -0.202061
v 0.949352 0.311060 -0.202750
v 0.942198 0.286985 -0.221542
v 0.942198 0.286311 -0.217608
v 0.942198 0.286985 -0.213674
v 0.942198 0.292268 -0.208392
v 0.942198 0.296202 -0.207717
v 0.942198 0.300135 -0.208392
v 0.942198 0.305418 -0.213674
v 0.942198 0.306092 -0.217608
v 0.942198 0.305418 -0.221542
v 0.942198 0.300135 -0.226824
v 0.942198 0.296202 -0.227498
v 0.942198 0.292268 -0.226824
v 0.945215 0.308345 -0.229751
v 0.943881 0.306555 -0.227961
v 0.942908 0.304815 -0.226222
v 0.942908 0.304815 -0.208994
v 0.943881 0.306555 -0.207255
v 0.945215 0.308345 -0.205464
v 0.945215 0.284058 -0.205464
v 0.943881 0.285848 -0.207255
v 0.942908 0.287588 -0.208994
v 0.942908 0.287588 -0.226222
v 0.943881 0.285848 -0.227961
v 0.945215 0.284058 -0.229751
v 0.938298 0.288988 -0.220687
v 0.938298 0.288460 -0.217608
v 0.938298 0.288988 -0.214529
v 0.938298 0.293123 -0.210394
v 0.938298 0.296202 -0.209866
v 0.938298 0.299281 -0.210394
v 0.938298 0.303415 -0.214529
v 0.938298 0.303943 -0.217608
v 0.938298 0.303415 -0.220687
v 0.938298 0.299281 -0.224822
v 0.938298 0.296202 -0.225349
v 0.938298 0.293123 -0.224822
v 0.941622 0.289912 -0.223897
v 0.940952 0.290376 -0.223433
v 0.939929 0.290547 -0.223263
v 0.939929 0.301856 -0.223263
v 0.940952 0.302027 -0.223433
v 0.941622 0.302491 -0.223897
v 0.941622 0.302491 -0.211318
v 0.940952 0.302027 -0.211782
v 0.939929 0.301856 -0.211953
v 0.939929 0.290547 -0.211953
v 0.940952 0.290376 -0.211782
v 0.941622 0.289912 -0.211318
v 0.930264 0.290571 -0.223238
v 0.933097 0.290571 -0.223238
v 0.935917 0.290571 -0.223238
v 0.935917 0.301832 -0.223238
v 0.933097 0.301832 -0.223238
v 0.930264 0.301832 -0.223238
v 0.930264 0.290571 -0.211978
v 0.933097 0.290571 -0.211978
v 0.935917 0.290571 -0.211978
v 0.935917 0.301832 -0.211978
v 0.933097 0.301832 -0.211978
v 0.930264 0.301832 -0.211978
v 0.974441 0.302385 -0.229468
v 0.974818 0.296202 -0.230159
v 0.974441 0.290018 -0.229468
v 0.974441 0.284341 -0.211425
v 0.974818 0.283650 -0.217608
v 0.974441 0.284341 -0.223791
v 0.974441 0.308062 -0.223791
v 0.974818 0.308753 -0.217608
v 0.974441 0.308062 -0.211425
v 0.974441 0.302385 -0.205747
v 0.974818 0.296202 -0.205057
v 0.974441 0.290018 -0.205747
v 0.963873 0.281016 -0.202422
v 0.968060 0.282100 -0.203506
v 0.971538 0.283866 -0.205272
v 0.971538 0.308537 -0.205272
v 0.968060 0.310303 -0.203506
v 0.963873 0.311387 -0.202422
v 0.963873 0.281016 -0.232794
v 0.968060 0.282100 -0.231709
v 0.971538 0.283866 -0.229943
v 0.971538 0.308537 -0.229943
v 0.968060 0.310303 -0.231709
v 0.963873 0.311387 -0.232794
v 0.927844 0.288988 -0.220687
v 0.927844 0.288460 -0.217608
v 0.927844 0.288988 -0.214529
v 0.927844 0.293123 -0.210394
v 0.927844 0.296202 -0.209866
v 0.927844 0.299281 -0.210394
v 0.927844 0.303415 -0.214529
v 0.927844 0.303943 -0.217608
v 0.927844 0.303415 -0.220687
v 0.927844 0.299281 -0.224822
v 0.927844 0.296202 -0.225349
v 0.927844 0.293123 -0.224822
v 0.924374 0.291363 -0.220113
v 0.924345 0.291054 -0.217608
v 0.924374 0.291363 -0.215103
v 0.924374 0.293696 -0.212769
v 0.924345 0.296202 -0.212460
v 0.924374 0.298707 -0.212769
v 0.924374 0.301040 -0.215103
v 0.924345 0.301350 -0.217608
v 0.924374 0.301040 -0.220113
v 0.924374 0.298707 -0.222447
v 0.924345 0.296202 -0.222756
v 0.924374 0.293696 -0.222447
v 0.926165 0.301802 -0.212008
v 0.925152 0.301591 -0.212219
v 0.924631 0.301070 -0.212739
v 0.924631 0.291333 -0.212739
v 0.925152 0.290812 -0.212219
v 0.926165 0.290601 -0.212008
v 0.926165 0.301802 -0.223208
v 0.925152 0.301591 -0.222997
v 0.924631 0.301070 -0.222477
v 0.924631 0.291333 -0.222477
v 0.925152 0.290812 -0.222997
v 0.926165 0.290601 -0.223208
v 0.945215 0.311761 -0.210967
v 0.945215 0.312899 -0.217608
v 0.945215 0.311761 -0.224249
v 0.943881 0.309467 -0.211946
v 0.943881 0.310437 -0.217608
v 0.943881 0.309467 -0.223270
v 0.942908 0.307238 -0.212897
v 0.942908 0.308046 -0.217608
v 0.942908 0.307238 -0.222319
v 0.949352 0.288076 -0.236645
v 0.949352 0.296202 -0.238038
v 0.949352 0.304327 -0.236645
v 0.952237 0.287699 -0.237527
v 0.952237 0.296202 -0.238985
v 0.952237 0.304704 -0.237527
v 0.955647 0.287552 -0.237873
v 0.955647 0.296202 -0.239356
v 0.955647 0.304851 -0.237873
v 0.963880 0.304507 -0.198153
v 0.963887 0.296202 -0.196731
v 0.963880 0.287896 -0.198153
v 0.968116 0.303918 -0.199559
v 0.968171 0.296202 -0.198249
v 0.968116 0.288485 -0.199559
v 0.971746 0.303022 -0.201989
v 0.971928 0.296202 -0.200903
v 0.971746 0.289381 -0.201989
v 0.955647 0.287552 -0.197343
v 0.955647 0.296202 -0.195860
v 0.955647 0.304851 -0.197343
v 0.952237 0.287699 -0.197688
v 0.952237 0.296202 -0.196231
v 0.952237 0.304704 -0.197688
v 0.949352 0.288076 -0.198571
v 0.949352 0.296202 -0.197178
v 0.949352 0.304327 -0.198571
v 0.949352 0.277165 -0.225733
v 0.952237 0.276282 -0.226110
v 0.955647 0.275937 -0.226258
v 0.949352 0.275772 -0.217608
v 0.952237 0.274825 -0.217608
v 0.955647 0.274454 -0.217608
v 0.949352 0.277165 -0.209482
v 0.952237 0.276282 -0.209106
v 0.955647 0.275937 -0.208958
v 0.955647 0.316467 -0.226258
v 0.952237 0.316121 -0.226110
v 0.949352 0.315239 -0.225733
v 0.955647 0.317949 -0.217608
v 0.952237 0.317579 -0.217608
v 0.949352 0.316631 -0.217608
v 0.955647 0.316467 -0.208958
v 0.952237 0.316121 -0.209106
v 0.949352 0.315239 -0.209482
v 0.941622 0.299641 -0.225666
v 0.941622 0.296202 -0.226256
v 0.941622 0.292762 -0.225666
v 0.940952 0.299387 -0.225072
v 0.940952 0.296202 -0.225618
v 0.940952 0.293016 -0.225072
v 0.939929 0.299294 -0.224853
v 0.939929 0.296202 -0.225383
v 0.939929 0.293109 -0.224853
v 0.945215 0.280643 -0.224249
v 0.945215 0.279504 -0.217608
v 0.945215 0.280643 -0.210967
v 0.943881 0.282937 -0.223270
v 0.943881 0.281966 -0.217608
v 0.943881 0.282937 -0.211946
v 0.942908 0.285165 -0.222319
v 0.942908 0.284358 -0.217608
v 0.942908 0.285165 -0.212897
v 0.945215 0.302843 -0.233167
v 0.945215 0.296202 -0.234305
v 0.945215 0.289561 -0.233167
v 0.943881 0.301863 -0.230873
v 0.943881 0.296202 -0.231843
v 0.943881 0.290540 -0.230873
v 0.942908 0.300912 -0.228644
v 0.942908 0.296202 -0.229452
v 0.942908 0.291491 -0.228644
v 0.945215 0.289561 -0.202049
v 0.945215 0.296202 -0.200910
v 0.945215 0.302843 -0.202049
v 0.943881 0.290540 -0.204343
v 0.943881 0.296202 -0.203372
v 0.943881 0.301863 -0.204343
v 0.942908 0.291491 -0.206571
v 0.942908 0.296202 -0.205764
v 0.942908 0.300912 -0.206571
v 0.941622 0.292762 -0.209549
v 0.941622 0.296202 -0.208960
v 0.941622 0.299641 -0.209549
v 0.940952 0.293016 -0.210144
v 0.940952 0.296202 -0.209598
v 0.940952 0.299387 -0.210144
v 0.939929 0.293109 -0.210363
v 0.939929 0.296202 -0.209833
v 0.939929 0.299294 -0.210363
v 0.941622 0.304260 -0.214168
v 0.941622 0.304850 -0.217608
v 0.941622 0.304260 -0.221047
v 0.940952 0.303666 -0.214422
v 0.940952 0.304212 -0.217608
v 0.940952 0.303666 -0.220794
v 0.939929 0.303447 -0.214515
v 0.939929 0.303977 -0.217608
v 0.939929 0.303447 -0.220700
v 0.941622 0.288143 -0.221047
v 0.941622 0.287553 -0.217608
v 0.941622 0.288143 -0.214168
v 0.940952 0.288737 -0.220794
v 0.940952 0.288191 -0.217608
v 0.940952 0.288737 -0.214422
v 0.939929 0.288956 -0.220700
v 0.939929 0.288426 -0.217608
v 0.939929 0.288956 -0.214515
v 0.935917 0.299281 -0.224822
v 0.935917 0.296202 -0.225349
v 0.935917 0.293123 -0.224822
v 0.933097 0.299281 -0.224822
v 0.933097 0.296202 -0.225349
v 0.933097 0.293123 -0.224822
v 0.930264 0.299281 -0.224822
v 0.930264 0.296202 -0.225349
v 0.930264 0.293123 -0.224822
v 0.935917 0.288988 -0.220687
v 0.935917 0.288460 -0.217608
v 0.935917 0.288988 -0.214529
v 0.933097 0.288988 -0.220687
v 0.933097 0.288460 -0.217608
v 0.933097 0.288988 -0.214529
v 0.930264 0.288988 -0.220687
v 0.930264 0.288460 -0.217608
v 0.930264 0.288988 -0.214529
v 0.935917 0.303415 -0.214529
v 0.935917 0.303943 -0.217608
v 0.935917 0.303415 -0.220687
v 0.933097 0.303415 -0.214529
v 0.933097 0.303943 -0.217608
v 0.933097 0.303415 -0.220687
v 0.930264 0.303415 -0.214529
v 0.930264 0.303943 -0.217608
v 0.930264 0.303415 -0.220687
v 0.935917 0.293123 -0.210394
v 0.935917 0.296202 -0.209866
v 0.935917 0.299281 -0.210394
v 0.933097 0.293123 -0.210394
v 0.933097 0.296202 -0.209866
v 0.933097 0.299281 -0.210394
v 0.930264 0.293123 -0.210394
v 0.930264 0.296202 -0.209866
v 0.930264 0.299281 -0.210394
v 0.976047 0.289752 -0.224057
v 0.976590 0.296202 -0.224351
v 0.976047 0.302651 -0.224057
v 0.976590 0.289458 -0.217608
v 0.977184 0.296202 -0.217608
v 0.976590 0.302945 -0.217608
v 0.976047 0.289752 -0.211159
v 0.976590 0.296202 -0.210864
v 0.976047 0.302651 -0.211159
v 0.963880 0.276747 -0.209302
v 0.963887 0.275325 -0.217608
v 0.963880 0.276747 -0.225913
v 0.968116 0.278152 -0.209891
v 0.968171 0.276842 -0.217608
v 0.968116 0.278152 -0.225324
v 0.971746 0.280583 -0.210787
v 0.971928 0.279496 -0.217608
v 0.971746 0.280583 -0.224428
v 0.963880 0.315656 -0.225913
v 0.963887 0.317078 -0.217608
v 0.963880 0.315656 -0.209302
v 0.968116 0.314251 -0.225324
v 0.968171 0.315561 -0.217608
v 0.968116 0.314251 -0.209891
v 0.971746 0.311820 -0.224428
v 0.971928 0.312907 -0.217608
v 0.971746 0.311820 -0.210787
v 0.963880 0.287896 -0.237062
v 0.963887 0.296202 -0.238485
v 0.963880 0.304507 -0.237062
v 0.968116 0.288485 -0.235657
v 0.968171 0.296202 -0.236967
v 0.968116 0.303918 -0.235657
v 0.971746 0.289381 -0.233227
v 0.971928 0.296202 -0.234313
v 0.971746 0.303022 -0.233227
v 0.926164 0.293139 -0.210432
v 0.926164 0.296202 -0.209907
v 0.926164 0.299264 -0.210432
v 0.925148 0.293255 -0.210699
v 0.925143 0.296202 -0.210192
v 0.925148 0.299148 -0.210699
v 0.924615 0.293515 -0.211413
v 0.924602 0.296202 -0.210964
v 0.924615 0.298888 -0.211413
v 0.924251 0.293532 -0.214938
v 0.924210 0.296202 -0.214794
v 0.924251 0.298872 -0.214938
v 0.924210 0.293388 -0.217608
v 0.924165 0.296202 -0.217608
v 0.924210 0.299015 -0.217608
v 0.924251 0.293532 -0.220278
v 0.924210 0.296202 -0.220421
v 0.924251 0.298872 -0.220278
v 0.926164 0.303377 -0.214545
v 0.926164 0.303903 -0.217608
v 0.926164 0.303377 -0.220670
v 0.925148 0.303110 -0.214662
v 0.925143 0.303617 -0.217608
v 0.925148 0.303110 -0.220554
v 0.924615 0.302396 -0.214921
v 0.924602 0.302845 -0.217608
v 0.924615 0.302396 -0.220295
v 0.926164 0.289026 -0.220670
v 0.926164 0.288501 -0.217608
v 0.926164 0.289026 -0.214545
v 0.925148 0.289293 -0.220554
v 0.925143 0.288786 -0.217608
v 0.925148 0.289293 -0.214662
v 0.924615 0.290007 -0.220295
v 0.924602 0.289558 -0.217608
v 0.924615 0.290007 -0.214921
v 0.926164 0.299264 -0.224783
v 0.926164 0.296202 -0.225309
v 0.926164 0.293139 -0.224783
v 0.925148 0.299148 -0.224516
v 0.925143 0.296202 -0.225024
v 0.925148 0.293255 -0.224516
v 0.924615 0.298888 -0.223803
v 0.924602 0.296202 -0.224251
v 0.924615 0.293515 -0.223803
vn -0.6696 -0.5252 0.5252
vn -0.6696 0.5252 0.5252
vn -0.6696 -0.5252 -0.5252
vn -0.6696 0.5252 -0.5252
vn 0.1035 -0.7033 0.7033
vn 0.1035 0.7033 0.7033
vn 0.1035 -0.7033 -0.7033
vn 0.1035 0.7033 -0.7033
vn -0.9302 -0.2596 -0.2596
vn -0.9302 -0.2596 0.2596
vn -0.9302 0.2596 0.2596
vn -0.9302 0.2596 -0.2596
vn -0.0106 -0.7071 -0.7071
vn -0.0106 -0.7071 0.7071
vn -0.0106 0.7071 0.7071
vn -0.0106 0.7071 -0.7071
vn 0.8438 0.3795 -0.3795
vn 0.8438 -0.3795 -0.3795
vn 0.8438 -0.3795 0.3795
vn 0.8438 0.3795 0.3795
vn -0.0126 -0.7071 -0.7071
vn -0.0126 -0.7071 0.7071
vn -0.0126 0.7071 0.7071
vn -0.0126 0.7071 -0.7071
vn -0.9879 -0.1098 -0.1098
vn -0.9879 -0.1098 0.1098
vn -0.9879 0.1098 0.1098
vn -0.9879 0.1098 -0.1098
vn -0.6656 -0.6979 -0.2644
vn -0.6624 -0.7492 -0.0000
vn -0.6656 -0.6979 0.2644
vn -0.6656 -0.2644 0.6979
vn -0.6624 -0.0000 0.7492
vn -0.6656 0.2644 0.6979
vn -0.6656 0.6979 0.2644
vn -0.6624 0.7492 -0.0000
vn -0.6656 0.6979 -0.2644
vn -0.6656 0.2644 -0.6979
vn -0.6624 -0.0000 -0.7492
vn -0.6656 -0.2644 -0.6979
vn -0.0341 -0.7067 -0.7067
vn -0.2136 -0.6908 -0.6908
vn -0.4402 -0.6349 -0.6349
vn -0.4402 0.6349 -0.6349
vn -0.2136 0.6908 -0.6908
vn -0.0341 0.7067 -0.7067
vn 0.1022 0.3531 -0.9300
vn 0.1011 -0.0000 -0.9949
vn 0.1022 -0.3531 -0.9300
vn 0.1022 -0.9300 0.3531
vn 0.1011 -0.9949 -0.0000
vn 0.1022 -0.9300 -0.3531
vn 0.1022 0.9300 -0.3531
vn 0.1011 0.9949 -0.0000
vn 0.1022 0.9300 0.3531
vn 0.1022 0.3531 0.9300
vn 0.1011 -0.0000 0.9949
vn 0.1022 -0.3531 0.9300
vn -0.4402 -0.6349 0.6349
vn -0.2136 -0.6908 0.6908
vn -0.0341 -0.7067 0.7067
vn -0.0341 0.7067 0.7067
vn -0.2136 0.6908 0.6908
vn -0.4402 0.6349 0.6349
vn -0.9278 -0.3489 -0.1320
vn -0.9260 -0.3775 -0.0000
vn -0.9278 -0.3489 0.1320
vn -0.9278 -0.1320 0.3489
vn -0.9260 -0.0000 0.3775
vn -0.9278 0.1320 0.3489
vn -0.9278 0.3489 0.1320
vn -0.9260 0.3775 -0.0000
vn -0.9278 0.3489 -0.1320
vn -0.9278 0.1320 -0.3489
vn -0.9260 -0.0000 -0.3775
vn -0.9278 -0.1320 -0.3489
vn -0.8289 0.3956 -0.3956
vn -0.9057 0.2998 -0.2998
vn -0.9357 0.2496 -0.2496
vn -0.9357 0.2496 0.2496
vn -0.9057 0.2998 0.2998
vn -0.8289 0.3956 0.3956
vn -0.8289 -0.3956 0.3956
vn -0.9057 -0.2998 0.2998
vn -0.9357 -0.2496 0.2496
vn -0.9357 -0.2496 -0.2496
vn -0.9057 -0.2998 -0.2998
vn -0.8289 -0.3956 -0.3956
vn -0.0104 -0.9349 -0.3547
vn -0.0103 -0.9999 -0.0000
vn -0.0104 -0.9349 0.3547
vn -0.0104 -0.3547 0.9349
vn -0.0103 -0.0000 0.9999
vn -0.0104 0.3547 0.9349
vn -0.0104 0.9349 0.3547
vn -0.0103 0.9999 -0.0000
vn -0.0104 0.9349 -0.3547
vn -0.0104 0.3547 -0.9349
vn -0.0103 -0.0000 -0.9999
vn -0.0104 -0.3547 -0.9349
vn -0.8326 -0.3917 -0.3917
vn -0.4995 -0.6126 -0.6126
vn -0.1283 -0.7013 -0.7013
vn -0.1283 0.7013 -0.7013
vn -0.4995 0.6126 -0.6126
vn -0.8326 0.3917 -0.3917
vn -0.8326 0.3917 0.3917
vn -0.4995 0.6126 0.6126
vn -0.1283 0.7013 0.7013
vn -0.1283 -0.7013 0.7013
vn -0.4995 -0.6126 0.6126
vn -0.8326 -0.3917 0.3917
vn -0.0000 -0.7071 -0.7071
vn -0.0000 0.7071 -0.7071
vn -0.0000 -0.7071 0.7071
vn -0.0000 0.7071 0.7071
vn 0.8821 0.1980 -0.4274
vn 0.8969 -0.0000 -0.4422
vn 0.8821 -0.1980 -0.4274
vn 0.8821 -0.4274 0.1980
vn 0.8969 -0.4422 -0.0000
vn 0.8821 -0.4274 -0.1980
vn 0.8821 0.4274 -0.1980
vn 0.8969 0.4422 -0.0000
vn 0.8821 0.4274 0.1980
vn 0.8821 0.1980 0.4274
vn 0.8969 -0.0000 0.4422
vn 0.8821 -0.1980 0.4274
vn 0.2526 -0.6842 0.6842
vn 0.4589 -0.6283 0.6283
vn 0.6815 -0.5175 0.5175
vn 0.6815 0.5175 0.5175
vn 0.4589 0.6283 0.6283
vn 0.2526 0.6842 0.6842
vn 0.2526 -0.6842 -0.6842
vn 0.4589 -0.6283 -0.6283
vn 0.6815 -0.5175 -0.5175
vn 0.6815 0.5175 -0.5175
vn 0.4589 0.6283 -0.6283
vn 0.2526 0.6842 -0.6842
vn -0.0124 -0.9349 -0.3548
vn -0.0121 -0.9999 -0.0000
vn -0.0124 -0.9349 0.3548
vn -0.0124 -0.3548 0.9349
vn -0.0121 -0.0000 0.9999
vn -0.0124 0.3548 0.9349
vn -0.0124 0.9349 0.3548
vn -0.0121 0.9999 -0.0000
vn -0.0124 0.9349 -0.3548
vn -0.0124 0.3548 -0.9349
vn -0.0121 -0.0000 -0.9999
vn -0.0124 -0.3548 -0.9349
vn -0.9915 -0.1189 -0.0537
vn -0.9930 -0.1184 -0.0000
vn -0.9915 -0.1189 0.0537
vn -0.9915 -0.0537 0.1189
vn -0.9930 -0.0000 0.1184
vn -0.9915 0.0537 0.1189
vn -0.9915 0.1189 0.0537
vn -0.9930 0.1184 -0.0000
vn -0.9915 0.1189 -0.0537
vn -0.9915 0.0537 -0.1189
vn -0.9930 -0.0000 -0.1184
vn -0.9915 -0.0537 -0.1189
vn -0.1517 0.6989 0.6989
vn -0.5606 0.5855 0.5855
vn -0.9074 0.2971 0.2971
vn -0.9074 -0.2971 0.2971
vn -0.5606 -0.5855 0.5855
vn -0.1517 -0.6989 0.6989
vn -0.1517 0.6989 -0.6989
vn -0.5606 0.5855 -0.5855
vn -0.9074 0.2971 -0.2971
vn -0.9074 -0.2971 -0.2971
vn -0.5606 -0.5855 -0.5855
vn -0.1517 -0.6989 -0.6989
vn -0.8259 0.5275 0.1993
vn -0.8234 0.5675 -0.0000
vn -0.8259 0.5275 -0.1993
vn -0.9035 0.4009 0.1513
vn -0.9018 0.4321 -0.0000
vn -0.9035 0.4009 -0.1513
vn -0.9339 0.3344 0.1263
vn -0.9325 0.3611 -0.0000
vn -0.9339 0.3344 -0.1263
vn -0.4361 -0.3194 -0.8413
vn -0.4327 -0.0000 -0.9015
vn -0.4361 0.3194 -0.8413
vn -0.2110 -0.3471 -0.9138
vn -0.2089 -0.0000 -0.9779
vn -0.2110 0.3471 -0.9138
vn -0.0337 -0.3549 -0.9343
vn -0.0333 -0.0000 -0.9994
vn -0.0337 0.3549 -0.9343
vn 0.2495 0.3439 0.9053
vn 0.2470 -0.0000 0.9690
vn 0.2495 -0.3439 0.9053
vn 0.4568 0.3163 0.8314
vn 0.4556 -0.0000 0.8902
vn 0.4568 -0.3163 0.8314
vn 0.6926 0.2574 0.6738
vn 0.7035 -0.0000 0.7107
vn 0.6926 -0.2574 0.6738
vn -0.0337 -0.3549 0.9343
vn -0.0333 -0.0000 0.9994
vn -0.0337 0.3549 0.9343
vn -0.2110 -0.3471 0.9138
vn -0.2089 -0.0000 0.9779
vn -0.2110 0.3471 0.9138
vn -0.4361 -0.3194 0.8413
vn -0.4327 -0.0000 0.9015
vn -0.4361 0.3194 0.8413
vn -0.4361 -0.8413 -0.3194
vn -0.2110 -0.9138 -0.3471
vn -0.0337 -0.9343 -0.3549
vn -0.4327 -0.9015 -0.0000
vn -0.2089 -0.9779 -0.0000
vn -0.0333 -0.9994 -0.0000
vn -0.4361 -0.8413 0.3194
vn -0.2110 -0.9138 0.3471
vn -0.0337 -0.9343 0.3549
vn -0.0337 0.9343 -0.3549
vn -0.2110 0.9138 -0.3471
vn -0.4361 0.8413 -0.3194
vn -0.0333 0.9994 -0.0000
vn -0.2089 0.9779 -0.0000
vn -0.4327 0.9015 -0.0000
vn -0.0337 0.9343 0.3549
vn -0.2110 0.9138 0.3471
vn -0.4361 0.8413 0.3194
vn -0.8266 0.1994 -0.5262
vn -0.8223 -0.0000 -0.5691
vn -0.8266 -0.1994 -0.5262
vn -0.4914 0.3080 -0.8147
vn -0.4857 -0.0000 -0.8741
vn -0.4914 -0.3080 -0.8147
vn -0.1260 0.3514 -0.9277
vn -0.1243 -0.0000 -0.9922
vn -0.1260 -0.3514 -0.9277
vn -0.8259 -0.5275 -0.1993
vn -0.8234 -0.5675 -0.0000
vn -0.8259 -0.5275 0.1993
vn -0.9035 -0.4009 -0.1513
vn -0.9018 -0.4321 -0.0000
vn -0.9035 -0.4009 0.1513
vn -0.9339 -0.3344 -0.1263
vn -0.9325 -0.3611 -0.0000
vn -0.9339 -0.3344 0.1263
vn -0.8259 0.1993 -0.5275
vn -0.8234 -0.0000 -0.5675
vn -0.8259 -0.1993 -0.5275
vn -0.9035 0.1513 -0.4009
vn -0.9018 -0.0000 -0.4321
vn -0.9035 -0.1513 -0.4009
vn -0.9339 0.1263 -0.3344
vn -0.9325 -0.0000 -0.3611
vn -0.9339 -0.1263 -0.3344
vn -0.8259 -0.1993 0.5275
vn -0.8234 -0.0000 0.5675
vn -0.8259 0.1993 0.5275
vn -0.9035 -0.1513 0.4009
vn -0.9018 -0.0000 0.4321
vn -0.9035 0.1513 0.4009
vn -0.9339 -0.1263 0.3344
vn -0.9325 -0.0000 0.3611
vn -0.9339 0.1263 0.3344
vn -0.8266 -0.1994 0.5262
vn -0.8223 -0.0000 0.5691
vn -0.8266 0.1994 0.5262
vn -0.4914 -0.3080 0.8147
vn -0.4857 -0.0000 0.8741
vn -0.4914 0.3080 0.8147
vn -0.1260 -0.3514 0.9277
vn -0.1243 -0.0000 0.9922
vn -0.1260 0.3514 0.9277
vn -0.8266 0.5262 0.1994
vn -0.8223 0.5691 -0.0000
vn -0.8266 0.5262 -0.1994
vn -0.4914 0.8147 0.3080
vn -0.4857 0.8741 -0.0000
vn -0.4914 0.8147 -0.3080
vn -0.1260 0.9277 0.3514
vn -0.1243 0.9922 -0.0000
vn -0.1260 0.9277 -0.3514
vn -0.8266 -0.5262 -0.1994
vn -0.8223 -0.5691 -0.0000
vn -0.8266 -0.5262 0.1994
vn -0.4914 -0.8147 -0.3080
vn -0.4857 -0.8741 -0.0000
vn -0.4914 -0.8147 0.3080
vn -0.1260 -0.9277 -0.3514
vn -0.1243 -0.9922 -0.0000
vn -0.1260 -0.9277 0.3514
vn -0.0000 0.3547 -0.9350
vn -0.0000 -0.0000 -1.0000
vn -0.0000 -0.3547 -0.9350
vn -0.0000 -0.9350 -0.3547
vn -0.0000 -1.0000 -0.0000
vn -0.0000 -0.9350 0.3547
vn -0.0000 0.9350 0.3547
vn -0.0000 1.0000 -0.0000
vn -0.0000 0.9350 -0.3547
vn -0.0000 -0.3547 0.9350
vn -0.0000 -0.0000 1.0000
vn -0.0000 0.3547 0.9350
vn 0.9651 -0.1853 -0.1853
vn 0.9814 -0.0000 -0.1919
vn 0.9651 0.1853 -0.1853
vn 0.9814 -0.1919 -0.0000
vn 1.0000 -0.0000 -0.0000
vn 0.9814 0.1919 -0.0000
vn 0.9651 -0.1853 0.1853
vn 0.9814 -0.0000 0.1919
vn 0.9651 0.1853 0.1853
vn 0.2495 -0.9053 0.3439
vn 0.2470 -0.9690 -0.0000
vn 0.2495 -0.9053 -0.3439
vn 0.4568 -0.8314 0.3163
vn 0.4556 -0.8902 -0.0000
vn 0.4568 -0.8314 -0.3163
vn 0.6926 -0.6738 0.2574
vn 0.7035 -0.7107 -0.0000
vn 0.6926 -0.6738 -0.2574
vn 0.2495 0.9053 -0.3439
vn 0.2470 0.9690 -0.0000
vn 0.2495 0.9053 0.3439
vn 0.4568 0.8314 -0.3163
vn 0.4556 0.8902 -0.0000
vn 0.4568 0.8314 0.3163
vn 0.6926 0.6738 -0.2574
vn 0.7035 0.7107 -0.0000
vn 0.6926 0.6738 0.2574
vn 0.2495 -0.3439 -0.9053
vn 0.2470 -0.0000 -0.9690
vn 0.2495 0.3439 -0.9053
vn 0.4568 -0.3163 -0.8314
vn 0.4556 -0.0000 -0.8902
vn 0.4568 0.3163 -0.8314
vn 0.6926 -0.2574 -0.6738
vn 0.7035 -0.0000 -0.7107
vn 0.6926 0.2574 -0.6738
vn -0.1490 -0.3517 0.9242
vn -0.1467 -0.0000 0.9892
vn -0.1490 0.3517 0.9242
vn -0.5612 -0.2933 0.7739
vn -0.5619 -0.0000 0.8272
vn -0.5612 0.2933 0.7739
vn -0.9124 -0.1454 0.3827
vn -0.9163 -0.0000 0.4005
vn -0.9124 0.1454 0.3827
vn -0.9986 -0.0376 0.0376
vn -0.9993 -0.0000 0.0377
vn -0.9986 0.0376 0.0376
vn -0.9993 -0.0377 -0.0000
vn -1.0000 -0.0000 -0.0000
vn -0.9993 0.0377 -0.0000
vn -0.9986 -0.0376 -0.0376
vn -0.9993 -0.0000 -0.0377
vn -0.9986 0.0376 -0.0376
vn -0.1490 0.9242 0.3517
vn -0.1467 0.9892 -0.0000
vn -0.1490 0.9242 -0.3517
vn -0.5612 0.7739 0.2933
vn -0.5619 0.8272 -0.0000
vn -0.5612 0.7739 -0.2933
vn -0.9124 0.3827 0.1454
vn -0.9163 0.4005 -0.0000
vn -0.9124 0.3827 -0.1454
vn -0.1490 -0.9242 -0.3517
vn -0.1467 -0.9892 -0.0000
vn -0.1490 -0.9242 0.3517
vn -0.5612 -0.7739 -0.2933
vn -0.5619 -0.8272 -0.0000
vn -0.5612 -0.7739 0.2933
vn -0.9124 -0.3827 -0.1454
vn -0.9163 -0.4005 -0.0000
vn -0.9124 -0.3827 0.1454
vn -0.1490 0.3517 -0.9242
vn -0.1467 -0.0000 -0.9892
vn -0.1490 -0.3517 -0.9242
vn -0.5612 0.2933 -0.7739
vn -0.5619 -0.0000 -0.8272
vn -0.5612 -0.2933 -0.7739
vn -0.9124 0.1454 -0.3827
vn -0.9163 -0.0000 -0.4005
vn -0.9124 -0.1454 -0.3827
vt 0.865967 0.687500
vt 0.862413 0.625000
vt 0.871528 0.625000
vt 0.872613 0.687500
vt 0.865967 0.562500
vt 0.872613 0.562500
vt 0.874566 0.625000
vt 0.874702 0.687500
vt 0.874702 0.562500
vt 0.875000 0.750000
vt 0.846354 0.687500
vt 0.875000 0.750000
vt 0.840278 0.625000
vt 0.846354 0.562500
vt 0.875000 0.500000
vt 0.875000 0.500000
vt 0.875000 0.562500
vt 0.875000 0.625000
vt 0.875000 0.687500
vt 0.437500 0.321235
vt 0.500000 0.324653
vt 0.500000 0.375000
vt 0.437500 0.375000
vt 0.562500 0.321235
vt 0.562500 0.375000
vt 0.500000 0.425564
vt 0.437717 0.429009
vt 0.562283 0.429009
vt 0.375000 0.250000
vt 0.437500 0.278646
vt 0.375000 0.312500
vt 0.500000 0.284722
vt 0.562500 0.278646
vt 0.625000 0.250000
vt 0.625000 0.312500
vt 0.625000 0.375000
vt 0.625000 0.437500
vt 0.625000 0.500000
vt 0.560059 0.474013
vt 0.500000 0.467014
vt 0.439941 0.474013
vt 0.375000 0.437500
vt 0.375000 0.500000
vt 0.375000 0.375000
vt 0.553235 0.748797
vt 0.500000 0.756776
vt 0.500000 0.739969
vt 0.546103 0.732350
vt 0.446765 0.748797
vt 0.453897 0.732350
vt 0.500000 0.723983
vt 0.540077 0.717326
vt 0.459923 0.717326
vt 0.625000 0.750000
vt 0.560059 0.775987
vt 0.597970 0.722970
vt 0.500000 0.782986
vt 0.439941 0.775987
vt 0.375000 0.750000
vt 0.402030 0.722970
vt 0.415895 0.709105
vt 0.427395 0.697605
vt 0.437500 0.687500
vt 0.462919 0.696617
vt 0.500000 0.701196
vt 0.537081 0.696617
vt 0.572605 0.697605
vt 0.562500 0.687500
vt 0.584105 0.709105
vt 0.437717 0.820991
vt 0.500000 0.824436
vt 0.500000 0.875000
vt 0.437500 0.875000
vt 0.562283 0.820991
vt 0.562500 0.875000
vt 0.500000 0.925347
vt 0.437500 0.928765
vt 0.562500 0.928765
vt 0.439941 0.775988
vt 0.375000 0.812500
vt 0.500000 0.782986
vt 0.625000 0.812500
vt 0.625000 0.875000
vt 0.625000 0.937500
vt 0.625000 1.000000
vt 0.562500 0.971354
vt 0.500000 0.965278
vt 0.437500 0.971354
vt 0.375000 0.937500
vt 0.375000 1.000000
vt 0.375000 0.875000
vt 0.196235 0.562500
vt 0.250000 0.562500
vt 0.250000 0.625000
vt 0.199653 0.625000
vt 0.304009 0.562717
vt 0.300564 0.625000
vt 0.250000 0.687500
vt 0.196235 0.687500
vt 0.304009 0.687283
vt 0.125000 0.500000
vt 0.187500 0.500000
vt 0.153646 0.562500
vt 0.250000 0.500000
vt 0.312500 0.500000
vt 0.349013 0.564941
vt 0.342014 0.625000
vt 0.349013 0.685059
vt 0.312500 0.750000
vt 0.250000 0.750000
vt 0.187500 0.750000
vt 0.153646 0.687500
vt 0.125000 0.750000
vt 0.159722 0.625000
vt 0.695991 0.562717
vt 0.750000 0.562500
vt 0.750000 0.625000
vt 0.699436 0.625000
vt 0.803765 0.562500
vt 0.800347 0.625000
vt 0.750000 0.687500
vt 0.695991 0.687283
vt 0.803765 0.687500
vt 0.687500 0.500000
vt 0.650987 0.564941
vt 0.750000 0.500000
vt 0.812500 0.500000
vt 0.846354 0.562500
vt 0.840278 0.625000
vt 0.846354 0.687500
vt 0.812500 0.750000
vt 0.750000 0.750000
vt 0.687500 0.750000
vt 0.650987 0.685059
vt 0.657986 0.625000
vt 0.562500 0.250000
vt 0.500000 0.250000
vt 0.437500 0.250000
vt 0.625000 0.250000
vt 0.375000 0.250000
vt 0.134033 0.562500
vt 0.137587 0.625000
vt 0.128472 0.625000
vt 0.127387 0.562500
vt 0.134033 0.687500
vt 0.127387 0.687500
vt 0.125434 0.625000
vt 0.125298 0.562500
vt 0.125298 0.687500
vt 0.125000 0.500000
vt 0.125000 0.750000
vt 0.125000 0.687500
vt 0.125000 0.625000
vt 0.125000 0.562500
vt 0.562500 0.259033
vt 0.500000 0.262587
vt 0.500000 0.253472
vt 0.562500 0.252387
vt 0.437500 0.259033
vt 0.437500 0.252387
vt 0.500000 0.250434
vt 0.562500 0.250298
vt 0.437500 0.250298
vt 0.562500 0.278646
vt 0.500000 0.284722
vt 0.437500 0.278646
vt 0.437500 0.990967
vt 0.500000 0.987413
vt 0.500000 0.996528
vt 0.437500 0.997613
vt 0.562500 0.990967
vt 0.562500 0.997613
vt 0.500000 0.999566
vt 0.437500 0.999702
vt 0.562500 0.999702
vt 0.375000 1.000000
vt 0.625000 1.000000
vt 0.562500 1.000000
vt 0.500000 1.000000
vt 0.437500 1.000000
vt 0.562500 1.000000
vt 0.460480 0.585480
vt 0.500000 0.583357
vt 0.500000 0.625000
vt 0.458357 0.625000
vt 0.539520 0.585480
vt 0.541643 0.625000
vt 0.500000 0.666643
vt 0.460480 0.664520
vt 0.539520 0.664520
vt 0.437500 0.562500
vt 0.462919 0.553383
vt 0.428383 0.587919
vt 0.500000 0.548804
vt 0.537081 0.553383
vt 0.562500 0.562500
vt 0.571617 0.587919
vt 0.576196 0.625000
vt 0.571617 0.662081
vt 0.537081 0.696617
vt 0.462919 0.696617
vt 0.428383 0.662081
vt 0.423804 0.625000
vt 0.376203 0.678235
vt 0.368224 0.625000
vt 0.385031 0.625000
vt 0.392651 0.671103
vt 0.376203 0.571765
vt 0.392651 0.578897
vt 0.401018 0.625000
vt 0.407674 0.665077
vt 0.407674 0.584923
vt 0.349013 0.685059
vt 0.342014 0.625000
vt 0.349013 0.564941
vt 0.402030 0.527030
vt 0.415895 0.540895
vt 0.427395 0.552395
vt 0.423804 0.625000
vt 0.428383 0.662081
vt 0.623797 0.571765
vt 0.631776 0.625000
vt 0.614969 0.625000
vt 0.607350 0.578897
vt 0.623797 0.678235
vt 0.607350 0.671103
vt 0.598983 0.625000
vt 0.592326 0.584923
vt 0.592326 0.665077
vt 0.650988 0.564941
vt 0.597970 0.527030
vt 0.657986 0.625000
vt 0.650987 0.685059
vt 0.576196 0.625000
vt 0.571617 0.587919
vt 0.572605 0.552395
vt 0.584105 0.540895
vt 0.446765 0.501203
vt 0.500000 0.493224
vt 0.500000 0.510031
vt 0.453897 0.517651
vt 0.553235 0.501203
vt 0.546103 0.517650
vt 0.500000 0.526018
vt 0.459923 0.532674
vt 0.540077 0.532674
vt 0.562500 1.000000
vt 0.500000 1.000000
vt 0.437500 1.000000
vt 0.375000 1.000000
vt 0.437500 0.062202
vt 0.500000 0.062066
vt 0.500000 0.121528
vt 0.437500 0.122613
vt 0.562500 0.062202
vt 0.562500 0.122613
vt 0.500000 0.174913
vt 0.437500 0.178467
vt 0.562500 0.178467
vt 0.375000 0.000000
vt 0.437500 0.000000
vt 0.375000 0.062500
vt 0.500000 0.000000
vt 0.562500 0.000000
vt 0.625000 0.000000
vt 0.625000 0.062500
vt 0.625000 0.125000
vt 0.625000 0.187500
vt 0.562500 0.221354
vt 0.500000 0.215278
vt 0.437500 0.221354
vt 0.375000 0.187500
vt 0.375000 0.125000
vt 0.875000 0.625000
vt 0.875000 0.750000
vt 0.125000 0.750000
vt 0.125000 0.687500
vt 0.125000 0.625000
vt 0.125000 0.562500
vt 0.562500 0.249702
vt 0.500000 0.249566
vt 0.500000 0.246528
vt 0.562500 0.247613
vt 0.437500 0.249702
vt 0.437500 0.247613
vt 0.500000 0.237413
vt 0.562500 0.240967
vt 0.437500 0.240967
vt 0.437500 0.221354
vt 0.500000 0.215278
vt 0.562500 0.221354
s 1
usemtl Masaneta_e_borda_de_trosos
f 1347/1356/1141 1348/1357/1142 1351/1358/1145 1350/1359/1144
f 1348/1357/1142 1349/1360/1143 1352/1361/1146 1351/1358/1145
f 1350/1359/1144 1351/1358/1145 1354/1362/1148 1353/1363/1147
f 1351/1358/1145 1352/1361/1146 1355/1364/1149 1354/1362/1148
f 1164/1365/966 1197/1366/999 1347/1356/1141 1244/1367/1046
f 1197/1366/999 1198/1368/1000 1348/1357/1142 1347/1356/1141
f 1198/1368/1000 1199/1369/1001 1349/1360/1143 1348/1357/1142
f 1199/1369/1001 1166/1370/968 1239/1371/1041 1349/1360/1143
f 1349/1360/1143 1239/1371/1041 1240/1371/1042 1352/1361/1146
f 1352/1361/1146 1240/1371/1042 1241/1371/1043 1355/1364/1149
f 1355/1364/1149 1241/1371/1043 1174/1370/976 1235/1372/1037
f 1354/1362/1148 1355/1364/1149 1235/1372/1037 1234/1373/1036
f 1353/1363/1147 1354/1362/1148 1234/1373/1036 1233/1374/1035
f 1242/1367/1044 1353/1363/1147 1233/1374/1035 1173/1365/975
f 1243/1367/1045 1350/1359/1144 1353/1363/1147 1242/1367/1044
f 1244/1367/1046 1347/1356/1141 1350/1359/1144 1243/1367/1045
f 1356/1375/1150 1357/1376/1151 1360/1377/1154 1359/1378/1153
f 1357/1376/1151 1358/1379/1152 1361/1380/1155 1360/1377/1154
f 1359/1378/1153 1360/1377/1154 1363/1381/1157 1362/1382/1156
f 1360/1377/1154 1361/1380/1155 1364/1383/1158 1363/1381/1157
f 1165/1384/967 1202/1385/1004 1356/1375/1150 1205/1386/1007
f 1202/1385/1004 1201/1387/1003 1357/1376/1151 1356/1375/1150
f 1201/1387/1003 1200/1388/1002 1358/1379/1152 1357/1376/1151
f 1200/1388/1002 1166/1389/968 1206/1390/1008 1358/1379/1152
f 1358/1379/1152 1206/1390/1008 1207/1391/1009 1361/1380/1155
f 1361/1380/1155 1207/1391/1009 1208/1392/1010 1364/1383/1158
f 1364/1383/1158 1208/1392/1010 1170/1393/972 1209/1394/1011
f 1363/1381/1157 1364/1383/1158 1209/1394/1011 1210/1395/1012
f 1362/1382/1156 1363/1381/1157 1210/1395/1012 1211/1396/1013
f 1203/1397/1005 1362/1382/1156 1211/1396/1013 1169/1398/971
f 1204/1399/1006 1359/1378/1153 1362/1382/1156 1203/1397/1005
f 1205/1386/1007 1356/1375/1150 1359/1378/1153 1204/1399/1006
f 1365/1400/1159 1366/1401/1160 1369/1402/1163 1368/1403/1162
f 1366/1401/1160 1367/1404/1161 1370/1405/1164 1369/1402/1163
f 1368/1403/1162 1369/1402/1163 1372/1406/1166 1371/1407/1165
f 1369/1402/1163 1370/1405/1164 1373/1408/1167 1372/1406/1166
f 1168/1409/970 1218/1410/1020 1365/1400/1159 1304/1411/1098
f 1218/1410/1020 1219/1412/1021 1366/1401/1160 1365/1400/1159
f 1219/1412/1021 1220/1413/1022 1367/1404/1161 1366/1401/1160
f 1220/1413/1022 1167/1414/969 1299/1415/1093 1367/1404/1161
f 1367/1404/1161 1299/1415/1093 1300/1416/1094 1370/1405/1164
f 1370/1405/1164 1300/1416/1094 1301/1417/1095 1373/1408/1167
f 1373/1408/1167 1301/1417/1095 1181/1418/983 1298/1419/1092
f 1372/1406/1166 1373/1408/1167 1298/1419/1092 1297/1420/1091
f 1371/1407/1165 1372/1406/1166 1297/1420/1091 1296/1421/1090
f 1302/1422/1096 1371/1407/1165 1296/1421/1090 1182/1423/984
f 1303/1424/1097 1368/1403/1162 1371/1407/1165 1302/1422/1096
f 1304/1411/1098 1365/1400/1159 1368/1403/1162 1303/1424/1097
f 1374/1425/1168 1375/1426/1169 1378/1427/1172 1377/1428/1171
f 1375/1426/1169 1376/1429/1170 1379/1430/1173 1378/1427/1172
f 1377/1428/1171 1378/1427/1172 1381/1431/1175 1380/1432/1174
f 1378/1427/1172 1379/1430/1173 1382/1433/1176 1381/1431/1175
f 1167/1414/969 1220/1434/1022 1374/1425/1168 1223/1435/1025
f 1220/1434/1022 1219/1436/1021 1375/1426/1169 1374/1425/1168
f 1219/1436/1021 1218/1410/1020 1376/1429/1170 1375/1426/1169
f 1218/1410/1020 1168/1409/970 1224/1437/1026 1376/1429/1170
f 1376/1429/1170 1224/1437/1026 1225/1438/1027 1379/1430/1173
f 1379/1430/1173 1225/1438/1027 1226/1439/1028 1382/1433/1176
f 1382/1433/1176 1226/1439/1028 1164/1440/966 1196/1441/998
f 1381/1431/1175 1382/1433/1176 1196/1441/998 1195/1442/997
f 1380/1432/1174 1381/1431/1175 1195/1442/997 1194/1443/996
f 1221/1444/1023 1380/1432/1174 1194/1443/996 1163/1445/965
f 1222/1446/1024 1377/1428/1171 1380/1432/1174 1221/1444/1023
f 1223/1435/1025 1374/1425/1168 1377/1428/1171 1222/1446/1024
f 1383/1447/1177 1384/1448/1178 1387/1449/1181 1386/1450/1180
f 1384/1448/1178 1385/1451/1179 1388/1452/1182 1387/1449/1181
f 1386/1450/1180 1387/1449/1181 1390/1453/1184 1389/1454/1183
f 1387/1449/1181 1388/1452/1182 1391/1455/1185 1390/1453/1184
f 1165/1456/967 1205/1457/1007 1383/1447/1177 1191/1458/993
f 1205/1457/1007 1204/1459/1006 1384/1448/1178 1383/1447/1177
f 1204/1459/1006 1203/1460/1005 1385/1451/1179 1384/1448/1178
f 1203/1460/1005 1169/1398/971 1214/1461/1016 1385/1451/1179
f 1385/1451/1179 1214/1461/1016 1213/1462/1015 1388/1452/1182
f 1388/1452/1182 1213/1462/1015 1212/1463/1014 1391/1455/1185
f 1391/1455/1185 1212/1463/1014 1167/1414/969 1223/1464/1025
f 1390/1453/1184 1391/1455/1185 1223/1464/1025 1222/1465/1024
f 1389/1454/1183 1390/1453/1184 1222/1465/1024 1221/1466/1023
f 1193/1467/995 1389/1454/1183 1221/1466/1023 1163/1468/965
f 1192/1469/994 1386/1450/1180 1389/1454/1183 1193/1467/995
f 1191/1458/993 1383/1447/1177 1386/1450/1180 1192/1469/994
f 1392/1470/1186 1393/1471/1187 1396/1472/1190 1395/1473/1189
f 1393/1471/1187 1394/1474/1188 1397/1475/1191 1396/1472/1190
f 1395/1473/1189 1396/1472/1190 1399/1476/1193 1398/1477/1192
f 1396/1472/1190 1397/1475/1191 1400/1478/1194 1399/1476/1193
f 1170/1393/972 1208/1479/1010 1392/1470/1186 1215/1480/1017
f 1208/1479/1010 1207/1481/1009 1393/1471/1187 1392/1470/1186
f 1207/1481/1009 1206/1482/1008 1394/1474/1188 1393/1471/1187
f 1206/1482/1008 1166/1370/968 1199/1483/1001 1394/1474/1188
f 1394/1474/1188 1199/1483/1001 1198/1484/1000 1397/1475/1191
f 1397/1475/1191 1198/1484/1000 1197/1485/999 1400/1478/1194
f 1400/1478/1194 1197/1485/999 1164/1365/966 1226/1486/1028
f 1399/1476/1193 1400/1478/1194 1226/1486/1028 1225/1487/1027
f 1398/1477/1192 1399/1476/1193 1225/1487/1027 1224/1488/1026
f 1217/1489/1019 1398/1477/1192 1224/1488/1026 1168/1409/970
f 1216/1490/1018 1395/1473/1189 1398/1477/1192 1217/1489/1019
f 1215/1480/1017 1392/1470/1186 1395/1473/1189 1216/1490/1018
f 1401/1491/1195 1402/1492/1196 1405/1492/1199 1404/1491/1198
f 1402/1492/1196 1403/1493/1197 1406/1493/1200 1405/1492/1199
f 1404/1491/1198 1405/1492/1199 1408/1492/1202 1407/1491/1201
f 1405/1492/1199 1406/1493/1200 1409/1493/1203 1408/1492/1202
f 1174/1389/976 1236/1491/1038 1401/1491/1195 1268/1494/1070
f 1236/1491/1038 1237/1492/1039 1402/1492/1196 1401/1491/1195
f 1237/1492/1039 1238/1493/1040 1403/1493/1197 1402/1492/1196
f 1238/1493/1040 1171/1384/973 1263/1495/1065 1403/1493/1197
f 1403/1493/1197 1263/1495/1065 1264/1495/1066 1406/1493/1200
f 1406/1493/1200 1264/1495/1066 1265/1495/1067 1409/1493/1203
f 1409/1493/1203 1265/1495/1067 1175/1384/977 1262/1493/1064
f 1408/1492/1202 1409/1493/1203 1262/1493/1064 1261/1492/1063
f 1407/1491/1201 1408/1492/1202 1261/1492/1063 1260/1491/1062
f 1266/1494/1068 1407/1491/1201 1260/1491/1062 1178/1389/980
f 1267/1494/1069 1404/1491/1198 1407/1491/1201 1266/1494/1068
f 1268/1494/1070 1401/1491/1195 1404/1491/1198 1267/1494/1069
f 1410/1496/1204 1411/1497/1205 1414/1498/1208 1413/1499/1207
f 1411/1497/1205 1412/1500/1206 1415/1501/1209 1414/1498/1208
f 1413/1499/1207 1414/1498/1208 1417/1502/1211 1416/1503/1210
f 1414/1498/1208 1415/1501/1209 1418/1504/1212 1417/1502/1211
f 1165/1456/967 1191/1458/993 1410/1496/1204 1250/1505/1052
f 1191/1458/993 1192/1469/994 1411/1497/1205 1410/1496/1204
f 1192/1469/994 1193/1467/995 1412/1500/1206 1411/1497/1205
f 1193/1467/995 1163/1468/965 1245/1506/1047 1412/1500/1206
f 1412/1500/1206 1245/1506/1047 1246/1506/1048 1415/1501/1209
f 1415/1501/1209 1246/1506/1048 1247/1506/1049 1418/1504/1212
f 1418/1504/1212 1247/1506/1049 1172/1468/974 1229/1507/1031
f 1417/1502/1211 1418/1504/1212 1229/1507/1031 1228/1508/1030
f 1416/1503/1210 1417/1502/1211 1228/1508/1030 1227/1509/1029
f 1248/1505/1050 1416/1503/1210 1227/1509/1029 1171/1456/973
f 1249/1505/1051 1413/1499/1207 1416/1503/1210 1248/1505/1050
f 1250/1505/1052 1410/1496/1204 1413/1499/1207 1249/1505/1051
f 1419/1510/1213 1420/1511/1214 1423/1512/1217 1422/1513/1216
f 1420/1511/1214 1421/1514/1215 1424/1515/1218 1423/1512/1217
f 1422/1513/1216 1423/1512/1217 1426/1516/1220 1425/1517/1219
f 1423/1512/1217 1424/1515/1218 1427/1518/1221 1426/1516/1220
f 1166/1389/968 1200/1519/1002 1419/1510/1213 1239/1494/1041
f 1200/1519/1002 1201/1520/1003 1420/1511/1214 1419/1510/1213
f 1201/1520/1003 1202/1521/1004 1421/1514/1215 1420/1511/1214
f 1202/1521/1004 1165/1384/967 1250/1495/1052 1421/1514/1215
f 1421/1514/1215 1250/1495/1052 1249/1495/1051 1424/1515/1218
f 1424/1515/1218 1249/1495/1051 1248/1495/1050 1427/1518/1221
f 1427/1518/1221 1248/1495/1050 1171/1384/973 1238/1493/1040
f 1426/1516/1220 1427/1518/1221 1238/1493/1040 1237/1492/1039
f 1425/1517/1219 1426/1516/1220 1237/1492/1039 1236/1491/1038
f 1241/1494/1043 1425/1517/1219 1236/1491/1038 1174/1389/976
f 1240/1494/1042 1422/1513/1216 1425/1517/1219 1241/1494/1043
f 1239/1494/1041 1419/1510/1213 1422/1513/1216 1240/1494/1042
f 1428/1522/1222 1429/1523/1223 1432/1524/1226 1431/1525/1225
f 1429/1523/1223 1430/1526/1224 1433/1527/1227 1432/1524/1226
f 1431/1525/1225 1432/1524/1226 1435/1528/1229 1434/1529/1228
f 1432/1524/1226 1433/1527/1227 1436/1530/1230 1435/1528/1229
f 1163/1445/965 1194/1443/996 1428/1522/1222 1245/1531/1047
f 1194/1443/996 1195/1442/997 1429/1523/1223 1428/1522/1222
f 1195/1442/997 1196/1441/998 1430/1526/1224 1429/1523/1223
f 1196/1441/998 1164/1440/966 1244/1532/1046 1430/1526/1224
f 1430/1526/1224 1244/1532/1046 1243/1532/1045 1433/1527/1227
f 1433/1527/1227 1243/1532/1045 1242/1532/1044 1436/1530/1230
f 1436/1530/1230 1242/1532/1044 1173/1440/975 1232/1533/1034
f 1435/1528/1229 1436/1530/1230 1232/1533/1034 1231/1534/1033
f 1434/1529/1228 1435/1528/1229 1231/1534/1033 1230/1535/1032
f 1247/1531/1049 1434/1529/1228 1230/1535/1032 1172/1445/974
f 1246/1531/1048 1431/1525/1225 1434/1529/1228 1247/1531/1049
f 1245/1531/1047 1428/1522/1222 1431/1525/1225 1246/1531/1048
f 1437/1535/1231 1438/1534/1232 1441/1534/1235 1440/1535/1234
f 1438/1534/1232 1439/1536/1233 1442/1536/1236 1441/1534/1235
f 1440/1535/1234 1441/1534/1235 1444/1534/1238 1443/1535/1237
f 1441/1534/1235 1442/1536/1236 1445/1533/1239 1444/1534/1238
f 1172/1445/974 1230/1535/1032 1437/1535/1231 1274/1531/1076
f 1230/1535/1032 1231/1534/1033 1438/1534/1232 1437/1535/1231
f 1231/1534/1033 1232/1533/1034 1439/1536/1233 1438/1534/1232
f 1232/1533/1034 1173/1440/975 1269/1532/1071 1439/1536/1233
f 1439/1536/1233 1269/1532/1071 1270/1532/1072 1442/1536/1236
f 1442/1536/1236 1270/1532/1072 1271/1532/1073 1445/1533/1239
f 1445/1533/1239 1271/1532/1073 1177/1440/979 1256/1533/1058
f 1444/1534/1238 1445/1533/1239 1256/1533/1058 1255/1534/1057
f 1443/1535/1237 1444/1534/1238 1255/1534/1057 1254/1535/1056
f 1272/1531/1074 1443/1535/1237 1254/1535/1056 1176/1445/978
f 1273/1531/1075 1440/1535/1234 1443/1535/1237 1272/1531/1074
f 1274/1531/1076 1437/1535/1231 1440/1535/1234 1273/1531/1075
f 1446/1374/1240 1447/1373/1241 1450/1373/1244 1449/1374/1243
f 1447/1373/1241 1448/1372/1242 1451/1372/1245 1450/1373/1244
f 1449/1374/1243 1450/1373/1244 1453/1373/1247 1452/1374/1246
f 1450/1373/1244 1451/1372/1245 1454/1372/1248 1453/1373/1247
f 1173/1365/975 1233/1374/1035 1446/1374/1240 1269/1367/1071
f 1233/1374/1035 1234/1373/1036 1447/1373/1241 1446/1374/1240
f 1234/1373/1036 1235/1372/1037 1448/1372/1242 1447/1373/1241
f 1235/1372/1037 1174/1370/976 1268/1371/1070 1448/1372/1242
f 1448/1372/1242 1268/1371/1070 1267/1371/1069 1451/1372/1245
f 1451/1372/1245 1267/1371/1069 1266/1371/1068 1454/1372/1248
f 1454/1372/1248 1266/1371/1068 1178/1370/980 1259/1372/1061
f 1453/1373/1247 1454/1372/1248 1259/1372/1061 1258/1373/1060
f 1452/1374/1246 1453/1373/1247 1258/1373/1060 1257/1374/1059
f 1271/1367/1073 1452/1374/1246 1257/1374/1059 1177/1365/979
f 1270/1367/1072 1449/1374/1243 1452/1374/1246 1271/1367/1073
f 1269/1367/1071 1446/1374/1240 1449/1374/1243 1270/1367/1072
f 1455/1509/1249 1456/1508/1250 1459/1508/1253 1458/1509/1252
f 1456/1508/1250 1457/1507/1251 1460/1507/1254 1459/1508/1253
f 1458/1509/1252 1459/1508/1253 1462/1508/1256 1461/1509/1255
f 1459/1508/1253 1460/1507/1254 1463/1507/1257 1462/1508/1256
f 1171/1456/973 1227/1509/1029 1455/1509/1249 1263/1505/1065
f 1227/1509/1029 1228/1508/1030 1456/1508/1250 1455/1509/1249
f 1228/1508/1030 1229/1507/1031 1457/1507/1251 1456/1508/1250
f 1229/1507/1031 1172/1468/974 1274/1506/1076 1457/1507/1251
f 1457/1507/1251 1274/1506/1076 1273/1506/1075 1460/1507/1254
f 1460/1507/1254 1273/1506/1075 1272/1506/1074 1463/1507/1257
f 1463/1507/1257 1272/1506/1074 1176/1468/978 1253/1507/1055
f 1462/1508/1256 1463/1507/1257 1253/1507/1055 1252/1508/1054
f 1461/1509/1255 1462/1508/1256 1252/1508/1054 1251/1509/1053
f 1265/1505/1067 1461/1509/1255 1251/1509/1053 1175/1456/977
f 1264/1505/1066 1458/1509/1252 1461/1509/1255 1265/1505/1067
f 1263/1505/1065 1455/1509/1249 1458/1509/1252 1264/1505/1066
f 1464/1491/1258 1465/1492/1259 1468/1492/1259 1467/1491/1258
f 1465/1492/1259 1466/1493/1260 1469/1493/1260 1468/1492/1259
f 1467/1491/1258 1468/1492/1259 1471/1492/1259 1470/1491/1258
f 1468/1492/1259 1469/1493/1260 1472/1493/1260 1471/1492/1259
f 1178/1389/980 1260/1491/1062 1464/1491/1258 1278/1494/1078
f 1260/1491/1062 1261/1492/1063 1465/1492/1259 1464/1491/1258
f 1261/1492/1063 1262/1493/1064 1466/1493/1260 1465/1492/1259
f 1262/1493/1064 1175/1384/977 1277/1495/1077 1466/1493/1260
f 1466/1493/1260 1277/1495/1077 1276/1495/1077 1469/1493/1260
f 1469/1493/1260 1276/1495/1077 1275/1495/1077 1472/1493/1260
f 1472/1493/1260 1275/1495/1077 1183/1384/985 1322/1493/1116
f 1471/1492/1259 1472/1493/1260 1322/1493/1116 1321/1492/1115
f 1470/1491/1258 1471/1492/1259 1321/1492/1115 1320/1491/1114
f 1280/1494/1078 1470/1491/1258 1320/1491/1114 1186/1389/988
f 1279/1494/1078 1467/1491/1258 1470/1491/1258 1280/1494/1078
f 1278/1494/1078 1464/1491/1258 1467/1491/1258 1279/1494/1078
f 1473/1509/1261 1474/1508/1262 1477/1508/1262 1476/1509/1261
f 1474/1508/1262 1475/1507/1263 1478/1507/1263 1477/1508/1262
f 1476/1509/1261 1477/1508/1262 1480/1508/1262 1479/1509/1261
f 1477/1508/1262 1478/1507/1263 1481/1507/1263 1480/1508/1262
f 1175/1456/977 1251/1509/1053 1473/1509/1261 1277/1505/1077
f 1251/1509/1053 1252/1508/1054 1474/1508/1262 1473/1509/1261
f 1252/1508/1054 1253/1507/1055 1475/1507/1263 1474/1508/1262
f 1253/1507/1055 1176/1468/978 1283/1506/1079 1475/1507/1263
f 1475/1507/1263 1283/1506/1079 1282/1506/1079 1478/1507/1263
f 1478/1507/1263 1282/1506/1079 1281/1506/1079 1481/1507/1263
f 1481/1507/1263 1281/1506/1079 1184/1468/986 1313/1507/1107
f 1480/1508/1262 1481/1507/1263 1313/1507/1107 1312/1508/1106
f 1479/1509/1261 1480/1508/1262 1312/1508/1106 1311/1509/1105
f 1275/1505/1077 1479/1509/1261 1311/1509/1105 1183/1456/985
f 1276/1505/1077 1476/1509/1261 1479/1509/1261 1275/1505/1077
f 1277/1505/1077 1473/1509/1261 1476/1509/1261 1276/1505/1077
f 1482/1374/1264 1483/1373/1265 1486/1373/1265 1485/1374/1264
f 1483/1373/1265 1484/1372/1266 1487/1372/1266 1486/1373/1265
f 1485/1374/1264 1486/1373/1265 1489/1373/1265 1488/1374/1264
f 1486/1373/1265 1487/1372/1266 1490/1372/1266 1489/1373/1265
f 1177/1365/979 1257/1374/1059 1482/1374/1264 1284/1367/1080
f 1257/1374/1059 1258/1373/1060 1483/1373/1265 1482/1374/1264
f 1258/1373/1060 1259/1372/1061 1484/1372/1266 1483/1373/1265
f 1259/1372/1061 1178/1370/980 1278/1371/1078 1484/1372/1266
f 1484/1372/1266 1278/1371/1078 1279/1371/1078 1487/1372/1266
f 1487/1372/1266 1279/1371/1078 1280/1371/1078 1490/1372/1266
f 1490/1372/1266 1280/1371/1078 1186/1370/988 1319/1372/1113
f 1489/1373/1265 1490/1372/1266 1319/1372/1113 1318/1373/1112
f 1488/1374/1264 1489/1373/1265 1318/1373/1112 1317/1374/1111
f 1286/1367/1080 1488/1374/1264 1317/1374/1111 1185/1365/987
f 1285/1367/1080 1485/1374/1264 1488/1374/1264 1286/1367/1080
f 1284/1367/1080 1482/1374/1264 1485/1374/1264 1285/1367/1080
f 1491/1535/1267 1492/1534/1268 1495/1534/1268 1494/1535/1267
f 1492/1534/1268 1493/1536/1269 1496/1536/1269 1495/1534/1268
f 1494/1535/1267 1495/1534/1268 1498/1534/1268 1497/1535/1267
f 1495/1534/1268 1496/1536/1269 1499/1533/1269 1498/1534/1268
f 1176/1445/978 1254/1535/1056 1491/1535/1267 1283/1531/1079
f 1254/1535/1056 1255/1534/1057 1492/1534/1268 1491/1535/1267
f 1255/1534/1057 1256/1533/1058 1493/1536/1269 1492/1534/1268
f 1256/1533/1058 1177/1440/979 1284/1532/1080 1493/1536/1269
f 1493/1536/1269 1284/1532/1080 1285/1532/1080 1496/1536/1269
f 1496/1536/1269 1285/1532/1080 1286/1532/1080 1499/1533/1269
f 1499/1533/1269 1286/1532/1080 1185/1440/987 1316/1533/1110
f 1498/1534/1268 1499/1533/1269 1316/1533/1110 1315/1534/1109
f 1497/1535/1267 1498/1534/1268 1315/1534/1109 1314/1535/1108
f 1281/1531/1079 1497/1535/1267 1314/1535/1108 1184/1445/986
f 1282/1531/1079 1494/1535/1267 1497/1535/1267 1281/1531/1079
f 1283/1531/1079 1491/1535/1267 1494/1535/1267 1282/1531/1079
f 1500/1537/1270 1501/1538/1271 1504/1539/1274 1503/1540/1273
f 1501/1538/1271 1502/1541/1272 1505/1542/1275 1504/1539/1274
f 1503/1540/1273 1504/1539/1274 1507/1543/1277 1506/1544/1276
f 1504/1539/1274 1505/1542/1275 1508/1545/1278 1507/1543/1277
f 1180/1546/982 1289/1547/1083 1500/1537/1270 1292/1548/1086
f 1289/1547/1083 1288/1549/1082 1501/1538/1271 1500/1537/1270
f 1288/1549/1082 1287/1550/1081 1502/1541/1272 1501/1538/1271
f 1287/1550/1081 1179/1551/981 1293/1552/1087 1502/1541/1272
f 1502/1541/1272 1293/1552/1087 1294/1553/1088 1505/1542/1275
f 1505/1542/1275 1294/1553/1088 1295/1554/1089 1508/1545/1278
f 1508/1545/1278 1295/1554/1089 1182/1423/984 1296/1555/1090
f 1507/1543/1277 1508/1545/1278 1296/1555/1090 1297/1420/1091
f 1506/1544/1276 1507/1543/1277 1297/1420/1091 1298/1556/1092
f 1290/1557/1084 1506/1544/1276 1298/1556/1092 1181/1418/983
f 1291/1558/1085 1503/1540/1273 1506/1544/1276 1290/1557/1084
f 1292/1548/1086 1500/1537/1270 1503/1540/1273 1291/1558/1085
f 1509/1559/1279 1510/1560/1280 1513/1561/1283 1512/1562/1282
f 1510/1560/1280 1511/1563/1281 1514/1564/1284 1513/1561/1283
f 1512/1562/1282 1513/1561/1283 1516/1565/1286 1515/1566/1285
f 1513/1561/1283 1514/1564/1284 1517/1567/1287 1516/1565/1286
f 1167/1414/969 1212/1568/1014 1509/1559/1279 1299/1415/1093
f 1212/1568/1014 1213/1569/1015 1510/1560/1280 1509/1559/1279
f 1213/1569/1015 1214/1570/1016 1511/1563/1281 1510/1560/1280
f 1214/1570/1016 1169/1398/971 1305/1571/1099 1511/1563/1281
f 1511/1563/1281 1305/1571/1099 1306/1572/1100 1514/1564/1284
f 1514/1564/1284 1306/1572/1100 1307/1573/1101 1517/1567/1287
f 1517/1567/1287 1307/1573/1101 1180/1546/982 1292/1548/1086
f 1516/1565/1286 1517/1567/1287 1292/1548/1086 1291/1574/1085
f 1515/1566/1285 1516/1565/1286 1291/1574/1085 1290/1575/1084
f 1301/1417/1095 1515/1566/1285 1290/1575/1084 1181/1418/983
f 1300/1416/1094 1512/1562/1282 1515/1566/1285 1301/1417/1095
f 1299/1415/1093 1509/1559/1279 1512/1562/1282 1300/1416/1094
f 1518/1576/1288 1519/1577/1289 1522/1578/1292 1521/1579/1291
f 1519/1577/1289 1520/1580/1290 1523/1581/1293 1522/1578/1292
f 1521/1579/1291 1522/1578/1292 1525/1582/1295 1524/1583/1294
f 1522/1578/1292 1523/1581/1293 1526/1584/1296 1525/1582/1295
f 1170/1393/972 1215/1585/1017 1518/1576/1288 1310/1586/1104
f 1215/1585/1017 1216/1587/1018 1519/1577/1289 1518/1576/1288
f 1216/1587/1018 1217/1588/1019 1520/1580/1290 1519/1577/1289
f 1217/1588/1019 1168/1409/970 1304/1411/1098 1520/1580/1290
f 1520/1580/1290 1304/1411/1098 1303/1424/1097 1523/1581/1293
f 1523/1581/1293 1303/1424/1097 1302/1422/1096 1526/1584/1296
f 1526/1584/1296 1302/1422/1096 1182/1423/984 1295/1554/1089
f 1525/1582/1295 1526/1584/1296 1295/1554/1089 1294/1589/1088
f 1524/1583/1294 1525/1582/1295 1294/1589/1088 1293/1590/1087
f 1308/1591/1102 1524/1583/1294 1293/1590/1087 1179/1551/981
f 1309/1592/1103 1521/1579/1291 1524/1583/1294 1308/1591/1102
f 1310/1586/1104 1518/1576/1288 1521/1579/1291 1309/1592/1103
f 1527/1593/1297 1528/1594/1298 1531/1595/1301 1530/1596/1300
f 1528/1594/1298 1529/1597/1299 1532/1598/1302 1531/1595/1301
f 1530/1596/1300 1531/1595/1301 1534/1599/1304 1533/1600/1303
f 1531/1595/1301 1532/1598/1302 1535/1601/1305 1534/1599/1304
f 1169/1398/971 1211/1396/1013 1527/1593/1297 1305/1571/1099
f 1211/1396/1013 1210/1395/1012 1528/1594/1298 1527/1593/1297
f 1210/1395/1012 1209/1394/1011 1529/1597/1299 1528/1594/1298
f 1209/1394/1011 1170/1393/972 1310/1586/1104 1529/1597/1299
f 1529/1597/1299 1310/1586/1104 1309/1592/1103 1532/1598/1302
f 1532/1598/1302 1309/1592/1103 1308/1591/1102 1535/1601/1305
f 1535/1601/1305 1308/1591/1102 1179/1551/981 1287/1550/1081
f 1534/1599/1304 1535/1601/1305 1287/1550/1081 1288/1549/1082
f 1533/1600/1303 1534/1599/1304 1288/1549/1082 1289/1547/1083
f 1307/1573/1101 1533/1600/1303 1289/1547/1083 1180/1546/982
f 1306/1572/1100 1530/1596/1300 1533/1600/1303 1307/1573/1101
f 1305/1571/1099 1527/1593/1297 1530/1596/1300 1306/1572/1100
f 1536/1535/1306 1537/1534/1307 1540/1534/1310 1539/1535/1309
f 1537/1534/1307 1538/1536/1308 1541/1536/1311 1540/1534/1310
f 1539/1535/1309 1540/1534/1310 1543/1534/1313 1542/1535/1312
f 1540/1534/1310 1541/1536/1311 1544/1533/1314 1543/1534/1313
f 1184/1445/986 1314/1535/1108 1536/1535/1306 1340/1531/1134
f 1314/1535/1108 1315/1534/1109 1537/1534/1307 1536/1535/1306
f 1315/1534/1109 1316/1533/1110 1538/1536/1308 1537/1534/1307
f 1316/1533/1110 1185/1440/987 1335/1532/1129 1538/1536/1308
f 1538/1536/1308 1335/1532/1129 1336/1532/1130 1541/1536/1311
f 1541/1536/1311 1336/1532/1130 1337/1532/1131 1544/1533/1314
f 1544/1533/1314 1337/1532/1131 1189/1532/991 1328/1602/1122
f 1543/1534/1313 1544/1533/1314 1328/1602/1122 1327/1603/1121
f 1542/1535/1312 1543/1534/1313 1327/1603/1121 1326/1604/1120
f 1338/1531/1132 1542/1535/1312 1326/1604/1120 1188/1605/990
f 1339/1531/1133 1539/1535/1309 1542/1535/1312 1338/1531/1132
f 1340/1531/1134 1536/1535/1306 1539/1535/1309 1339/1531/1133
f 1545/1606/1315 1546/1607/1316 1549/1608/1319 1548/1609/1318
f 1546/1607/1316 1547/1610/1317 1550/1611/1320 1549/1608/1319
f 1548/1609/1318 1549/1608/1319 1552/1612/1322 1551/1613/1321
f 1549/1608/1319 1550/1611/1320 1553/1614/1323 1552/1612/1322
f 1188/1615/990 1326/1616/1120 1545/1606/1315 1325/1617/1119
f 1326/1616/1120 1327/1618/1121 1546/1607/1316 1545/1606/1315
f 1327/1618/1121 1328/1619/1122 1547/1610/1317 1546/1607/1316
f 1328/1619/1122 1189/1620/991 1329/1621/1123 1547/1610/1317
f 1547/1610/1317 1329/1621/1123 1330/1622/1124 1550/1611/1320
f 1550/1611/1320 1330/1622/1124 1331/1623/1125 1553/1614/1323
f 1553/1614/1323 1331/1623/1125 1190/1389/992 1332/1624/1126
f 1552/1612/1322 1553/1614/1323 1332/1624/1126 1333/1625/1127
f 1551/1613/1321 1552/1612/1322 1333/1625/1127 1334/1626/1128
f 1323/1627/1117 1551/1613/1321 1334/1626/1128 1187/1384/989
f 1324/1628/1118 1548/1609/1318 1551/1613/1321 1323/1627/1117
f 1325/1617/1119 1545/1606/1315 1548/1609/1318 1324/1628/1118
f 1554/1374/1324 1555/1373/1325 1558/1373/1328 1557/1374/1327
f 1555/1373/1325 1556/1372/1326 1559/1372/1329 1558/1373/1328
f 1557/1374/1327 1558/1373/1328 1561/1373/1331 1560/1374/1330
f 1558/1373/1328 1559/1372/1329 1562/1372/1332 1561/1373/1331
f 1185/1365/987 1317/1374/1111 1554/1374/1324 1335/1367/1129
f 1317/1374/1111 1318/1373/1112 1555/1373/1325 1554/1374/1324
f 1318/1373/1112 1319/1372/1113 1556/1372/1326 1555/1373/1325
f 1319/1372/1113 1186/1370/988 1341/1371/1135 1556/1372/1326
f 1556/1372/1326 1341/1371/1135 1342/1371/1136 1559/1372/1329
f 1559/1372/1329 1342/1371/1136 1343/1371/1137 1562/1372/1332
f 1562/1372/1332 1343/1371/1137 1190/1371/992 1331/1372/1125
f 1561/1373/1331 1562/1372/1332 1331/1372/1125 1330/1629/1124
f 1560/1374/1330 1561/1373/1331 1330/1629/1124 1329/1374/1123
f 1337/1367/1131 1560/1374/1330 1329/1374/1123 1189/1630/991
f 1336/1367/1130 1557/1374/1327 1560/1374/1330 1337/1367/1131
f 1335/1367/1129 1554/1374/1324 1557/1374/1327 1336/1367/1130
f 1563/1509/1333 1564/1508/1334 1567/1508/1337 1566/1509/1336
f 1564/1508/1334 1565/1507/1335 1568/1507/1338 1567/1508/1337
f 1566/1509/1336 1567/1508/1337 1570/1508/1340 1569/1509/1339
f 1567/1508/1337 1568/1507/1338 1571/1507/1341 1570/1508/1340
f 1183/1456/985 1311/1509/1105 1563/1509/1333 1346/1505/1140
f 1311/1509/1105 1312/1508/1106 1564/1508/1334 1563/1509/1333
f 1312/1508/1106 1313/1507/1107 1565/1507/1335 1564/1508/1334
f 1313/1507/1107 1184/1468/986 1340/1506/1134 1565/1507/1335
f 1565/1507/1335 1340/1506/1134 1339/1506/1133 1568/1507/1338
f 1568/1507/1338 1339/1506/1133 1338/1506/1132 1571/1507/1341
f 1571/1507/1341 1338/1506/1132 1188/1631/990 1325/1632/1119
f 1570/1508/1340 1571/1507/1341 1325/1632/1119 1324/1633/1118
f 1569/1509/1339 1570/1508/1340 1324/1633/1118 1323/1634/1117
f 1344/1505/1138 1569/1509/1339 1323/1634/1117 1187/1505/989
f 1345/1505/1139 1566/1509/1336 1569/1509/1339 1344/1505/1138
f 1346/1505/1140 1563/1509/1333 1566/1509/1336 1345/1505/1139
f 1572/1635/1342 1573/1636/1343 1576/1637/1346 1575/1638/1345
f 1573/1636/1343 1574/1639/1344 1577/1640/1347 1576/1637/1346
f 1575/1638/1345 1576/1637/1346 1579/1641/1349 1578/1642/1348
f 1576/1637/1346 1577/1640/1347 1580/1643/1350 1579/1641/1349
f 1186/1389/988 1320/1491/1114 1572/1635/1342 1341/1494/1135
f 1320/1491/1114 1321/1492/1115 1573/1636/1343 1572/1635/1342
f 1321/1492/1115 1322/1493/1116 1574/1639/1344 1573/1636/1343
f 1322/1493/1116 1183/1384/985 1346/1495/1140 1574/1639/1344
f 1574/1639/1344 1346/1495/1140 1345/1495/1139 1577/1640/1347
f 1577/1640/1347 1345/1495/1139 1344/1495/1138 1580/1643/1350
f 1580/1643/1350 1344/1495/1138 1187/1384/989 1334/1644/1128
f 1579/1641/1349 1580/1643/1350 1334/1644/1128 1333/1645/1127
f 1578/1642/1348 1579/1641/1349 1333/1645/1127 1332/1646/1126
f 1343/1494/1137 1578/1642/1348 1332/1646/1126 1190/1389/992
f 1342/1494/1136 1575/1638/1345 1578/1642/1348 1343/1494/1137
f 1341/1494/1135 1572/1635/1342 1575/1638/1345 1342/1494/1136
o Cube.006
v 0.800232 0.679773 0.283514
v 0.790383 0.689622 0.263816
v 0.800232 0.669924 0.273665
v 0.796463 0.680523 0.278995
v 0.793268 0.682658 0.273665
v 0.800232 0.679023 0.279745
v 0.796596 0.679773 0.276678
v 0.793684 0.681077 0.273665
v 0.794568 0.679773 0.273665
v 0.791133 0.685103 0.267585
v 0.793268 0.679773 0.270780
v 0.791133 0.685853 0.268334
v 0.792223 0.682786 0.270651
v 0.793684 0.679773 0.272360
v 0.800232 0.673693 0.274414
v 0.800232 0.676888 0.276549
v 0.796463 0.674443 0.272915
v 0.796596 0.676759 0.273665
v 0.796689 0.678468 0.274969
v 0.800232 0.726255 0.283514
v 0.800232 0.736104 0.273665
v 0.790383 0.716406 0.263816
v 0.800232 0.727005 0.279745
v 0.800232 0.729140 0.276549
v 0.796463 0.725506 0.278995
v 0.796596 0.726255 0.276678
v 0.796689 0.727560 0.274969
v 0.794568 0.726255 0.273665
v 0.796463 0.731586 0.272915
v 0.793268 0.726255 0.270780
v 0.800232 0.732335 0.274414
v 0.796596 0.729269 0.273665
v 0.793684 0.726255 0.272360
v 0.791133 0.720175 0.268334
v 0.793268 0.723371 0.273665
v 0.791133 0.720925 0.267585
v 0.792223 0.723242 0.270651
v 0.793684 0.724951 0.273665
v 0.800232 0.679773 0.217333
v 0.800232 0.669924 0.227182
v 0.790383 0.689622 0.237031
v 0.800232 0.679023 0.221102
v 0.800232 0.676888 0.224297
v 0.796463 0.680523 0.221852
v 0.796596 0.679773 0.224169
v 0.796689 0.678468 0.225878
v 0.794568 0.679773 0.227182
v 0.796463 0.674443 0.227932
v 0.793268 0.679773 0.230067
v 0.800232 0.673693 0.226432
v 0.796596 0.676759 0.227182
v 0.793684 0.679773 0.228487
v 0.791133 0.685853 0.232512
v 0.793268 0.682658 0.227182
v 0.791133 0.685103 0.233262
v 0.792223 0.682786 0.230196
v 0.793684 0.681077 0.227182
v 0.800232 0.726255 0.217333
v 0.790383 0.716406 0.237031
v 0.800232 0.736104 0.227182
v 0.796463 0.725506 0.221852
v 0.793268 0.723371 0.227182
v 0.800232 0.727005 0.221102
v 0.796596 0.726255 0.224169
v 0.793684 0.724951 0.227182
v 0.794568 0.726255 0.227182
v 0.791133 0.720925 0.233262
v 0.793268 0.726255 0.230067
v 0.791133 0.720175 0.232512
v 0.792223 0.723242 0.230196
v 0.793684 0.726255 0.228487
v 0.800232 0.732335 0.226432
v 0.800232 0.729140 0.224297
v 0.796463 0.731586 0.227932
v 0.796596 0.729269 0.227182
v 0.796689 0.727560 0.225878
v 0.827017 0.679773 0.283514
v 0.827017 0.669924 0.273665
v 0.836866 0.689622 0.263816
v 0.827017 0.679023 0.279745
v 0.827017 0.676888 0.276549
v 0.830786 0.680523 0.278995
v 0.830653 0.679773 0.276678
v 0.830560 0.678468 0.274969
v 0.832681 0.679773 0.273665
v 0.830786 0.674443 0.272915
v 0.833981 0.679773 0.270780
v 0.827017 0.673693 0.274414
v 0.830653 0.676759 0.273665
v 0.833564 0.679773 0.272360
v 0.836116 0.685853 0.268334
v 0.833981 0.682658 0.273665
v 0.836116 0.685103 0.267585
v 0.835026 0.682786 0.270651
v 0.833564 0.681077 0.273665
v 0.827017 0.726255 0.283514
v 0.836866 0.716406 0.263816
v 0.827017 0.736104 0.273665
v 0.830786 0.725506 0.278995
v 0.833981 0.723371 0.273665
v 0.827017 0.727005 0.279745
v 0.830653 0.726255 0.276678
v 0.833564 0.724951 0.273665
v 0.832681 0.726255 0.273665
v 0.836116 0.720925 0.267585
v 0.833981 0.726255 0.270780
v 0.836116 0.720175 0.268334
v 0.835026 0.723242 0.270651
v 0.833564 0.726255 0.272360
v 0.827017 0.732335 0.274414
v 0.827017 0.729140 0.276549
v 0.830786 0.731586 0.272915
v 0.830653 0.729269 0.273665
v 0.830560 0.727560 0.274969
v 0.827017 0.679773 0.217333
v 0.836866 0.689622 0.237031
v 0.827017 0.669924 0.227182
v 0.830786 0.680523 0.221852
v 0.833981 0.682658 0.227182
v 0.827017 0.679023 0.221102
v 0.830653 0.679773 0.224169
v 0.833564 0.681077 0.227182
v 0.832681 0.679773 0.227182
v 0.836116 0.685103 0.233262
v 0.833981 0.679773 0.230067
v 0.836116 0.685853 0.232512
v 0.835026 0.682786 0.230196
v 0.833564 0.679773 0.228487
v 0.827017 0.673693 0.226432
v 0.827017 0.676888 0.224297
v 0.830786 0.674443 0.227932
v 0.830653 0.676759 0.227182
v 0.830560 0.678468 0.225878
v 0.827017 0.726255 0.217333
v 0.827017 0.736104 0.227182
v 0.836866 0.716406 0.237031
v 0.827017 0.727005 0.221102
v 0.827017 0.729140 0.224297
v 0.830786 0.725506 0.221852
v 0.830653 0.726255 0.224169
v 0.830560 0.727560 0.225878
v 0.832681 0.726255 0.227182
v 0.830786 0.731586 0.227932
v 0.833981 0.726255 0.230067
v 0.827017 0.732335 0.226432
v 0.830653 0.729269 0.227182
v 0.833564 0.726255 0.228487
v 0.836116 0.720175 0.232512
v 0.833981 0.723371 0.227182
v 0.836116 0.720925 0.233262
v 0.835026 0.723242 0.230196
v 0.833564 0.724951 0.227182
v 0.790383 0.599761 0.237031
v 0.800232 0.599761 0.227182
v 0.800232 0.589912 0.237031
v 0.791133 0.599761 0.233262
v 0.793268 0.599761 0.230067
v 0.791133 0.595991 0.237031
v 0.792038 0.595897 0.233168
v 0.793769 0.596093 0.230568
v 0.794546 0.594074 0.231345
v 0.800232 0.595991 0.227932
v 0.800232 0.592796 0.230067
v 0.796463 0.599761 0.227932
v 0.796369 0.595897 0.228837
v 0.796565 0.593297 0.230568
v 0.796463 0.590661 0.237031
v 0.793268 0.592796 0.237031
v 0.800232 0.590661 0.233262
v 0.796369 0.591566 0.233168
v 0.793769 0.593297 0.233364
v 0.790383 0.599761 0.263816
v 0.800232 0.589912 0.263816
v 0.800232 0.599761 0.273665
v 0.791133 0.595991 0.263816
v 0.793268 0.592796 0.263816
v 0.791133 0.599761 0.267585
v 0.792038 0.595897 0.267679
v 0.793769 0.593297 0.267483
v 0.794546 0.594074 0.269502
v 0.800232 0.590661 0.267585
v 0.800232 0.592796 0.270780
v 0.796463 0.590661 0.263816
v 0.796369 0.591566 0.267679
v 0.796565 0.593297 0.270279
v 0.796463 0.599761 0.272915
v 0.793268 0.599761 0.270780
v 0.800232 0.595991 0.272915
v 0.796369 0.595897 0.272010
v 0.793769 0.596093 0.270279
v 0.790383 0.806268 0.263816
v 0.800232 0.806268 0.273665
v 0.800232 0.816117 0.263816
v 0.791133 0.806268 0.267585
v 0.793268 0.806268 0.270780
v 0.791133 0.810037 0.263816
v 0.792038 0.810131 0.267679
v 0.793769 0.809935 0.270279
v 0.794546 0.811954 0.269502
v 0.800232 0.810037 0.272915
v 0.800232 0.813232 0.270780
v 0.796463 0.806268 0.272915
v 0.796369 0.810131 0.272010
v 0.796565 0.812731 0.270279
v 0.796463 0.815367 0.263816
v 0.793268 0.813232 0.263816
v 0.800232 0.815367 0.267585
v 0.796369 0.814462 0.267679
v 0.793769 0.812731 0.267483
v 0.790383 0.806268 0.237031
v 0.800232 0.816117 0.237031
v 0.800232 0.806268 0.227182
v 0.791133 0.810037 0.237031
v 0.793268 0.813232 0.237031
v 0.791133 0.806268 0.233262
v 0.792038 0.810131 0.233168
v 0.793769 0.812731 0.233364
v 0.794546 0.811954 0.231345
v 0.800232 0.815367 0.233262
v 0.800232 0.813232 0.230067
v 0.796463 0.815367 0.237031
v 0.796369 0.814462 0.233168
v 0.796565 0.812731 0.230568
v 0.796463 0.806268 0.227932
v 0.793268 0.806268 0.230067
v 0.800232 0.810037 0.227932
v 0.796369 0.810131 0.228837
v 0.793769 0.809935 0.230568
v 0.827017 0.599761 0.227182
v 0.836866 0.599761 0.237031
v 0.827017 0.589912 0.237031
v 0.830786 0.599761 0.227932
v 0.833981 0.599761 0.230067
v 0.827017 0.595991 0.227932
v 0.830880 0.595897 0.228837
v 0.833480 0.596093 0.230568
v 0.832703 0.594074 0.231345
v 0.836116 0.595991 0.237031
v 0.833981 0.592796 0.237031
v 0.836116 0.599761 0.233262
v 0.835211 0.595897 0.233168
v 0.833480 0.593297 0.233364
v 0.827017 0.590661 0.233262
v 0.827017 0.592796 0.230067
v 0.830786 0.590661 0.237031
v 0.830880 0.591566 0.233168
v 0.830684 0.593297 0.230568
v 0.827017 0.806268 0.227182
v 0.827017 0.816117 0.237031
v 0.836866 0.806268 0.237031
v 0.827017 0.810037 0.227932
v 0.827017 0.813232 0.230067
v 0.830786 0.806268 0.227932
v 0.830880 0.810131 0.228837
v 0.830684 0.812731 0.230568
v 0.832703 0.811954 0.231345
v 0.830786 0.815367 0.237031
v 0.833981 0.813232 0.237031
v 0.827017 0.815367 0.233262
v 0.830880 0.814462 0.233168
v 0.833480 0.812731 0.233364
v 0.836116 0.806268 0.233262
v 0.833981 0.806268 0.230067
v 0.836116 0.810037 0.237031
v 0.835211 0.810131 0.233168
v 0.833480 0.809935 0.230568
v 0.836866 0.599761 0.263816
v 0.827017 0.599761 0.273665
v 0.827017 0.589912 0.263816
v 0.836116 0.599761 0.267585
v 0.833981 0.599761 0.270780
v 0.836116 0.595991 0.263816
v 0.835211 0.595897 0.267679
v 0.833480 0.596093 0.270279
v 0.832703 0.594074 0.269502
v 0.827017 0.595991 0.272915
v 0.827017 0.592796 0.270780
v 0.830786 0.599761 0.272915
v 0.830880 0.595897 0.272010
v 0.830684 0.593297 0.270279
v 0.830786 0.590661 0.263816
v 0.833981 0.592796 0.263816
v 0.827017 0.590661 0.267585
v 0.830880 0.591566 0.267679
v 0.833480 0.593297 0.267483
v 0.836866 0.806268 0.263816
v 0.827017 0.816117 0.263816
v 0.827017 0.806268 0.273665
v 0.836116 0.810037 0.263816
v 0.833981 0.813232 0.263816
v 0.836116 0.806268 0.267585
v 0.835211 0.810131 0.267679
v 0.833480 0.812731 0.267483
v 0.832703 0.811954 0.269502
v 0.827017 0.815367 0.267585
v 0.827017 0.813232 0.270780
v 0.830786 0.815367 0.263816
v 0.830880 0.814462 0.267679
v 0.830684 0.812731 0.270279
v 0.830786 0.806268 0.272915
v 0.833981 0.806268 0.270780
v 0.827017 0.810037 0.272915
v 0.830880 0.810131 0.272010
v 0.833480 0.809935 0.270279
v 0.790383 0.689622 0.351992
v 0.800232 0.679773 0.351992
v 0.800232 0.689622 0.361841
v 0.791133 0.685853 0.351992
v 0.793268 0.682658 0.351992
v 0.791133 0.689622 0.355761
v 0.792038 0.685758 0.355856
v 0.793769 0.683158 0.355660
v 0.794546 0.683936 0.357678
v 0.800232 0.680523 0.355761
v 0.800232 0.682658 0.358956
v 0.796463 0.680523 0.351992
v 0.796369 0.681427 0.355856
v 0.796565 0.683158 0.358456
v 0.796463 0.689622 0.361091
v 0.793268 0.689622 0.358956
v 0.800232 0.685853 0.361091
v 0.796369 0.685758 0.360187
v 0.793769 0.685954 0.358456
v 0.790383 0.716406 0.351992
v 0.800232 0.716406 0.361841
v 0.800232 0.726255 0.351992
v 0.791133 0.716406 0.355761
v 0.793268 0.716406 0.358956
v 0.791133 0.720175 0.351992
v 0.792038 0.720270 0.355856
v 0.793769 0.720074 0.358456
v 0.794546 0.722093 0.357678
v 0.800232 0.720175 0.361091
v 0.800232 0.723371 0.358956
v 0.796463 0.716406 0.361091
v 0.796369 0.720270 0.360187
v 0.796565 0.722870 0.358456
v 0.796463 0.725506 0.351992
v 0.793268 0.723371 0.351992
v 0.800232 0.725506 0.355761
v 0.796369 0.724601 0.355856
v 0.793769 0.722870 0.355660
v 0.790383 0.716406 0.148855
v 0.800232 0.726255 0.148855
v 0.800232 0.716406 0.139006
v 0.791133 0.720175 0.148855
v 0.793268 0.723371 0.148855
v 0.791133 0.716406 0.145086
v 0.792038 0.720270 0.144991
v 0.793769 0.722870 0.145187
v 0.794546 0.722093 0.143168
v 0.800232 0.725506 0.145086
v 0.800232 0.723371 0.141890
v 0.796463 0.725506 0.148855
v 0.796369 0.724601 0.144991
v 0.796565 0.722870 0.142391
v 0.796463 0.716406 0.139755
v 0.793268 0.716406 0.141890
v 0.800232 0.720175 0.139755
v 0.796369 0.720270 0.140660
v 0.793769 0.720074 0.142391
v 0.790383 0.689622 0.148855
v 0.800232 0.689622 0.139006
v 0.800232 0.679773 0.148855
v 0.791133 0.689622 0.145086
v 0.793268 0.689622 0.141890
v 0.791133 0.685853 0.148855
v 0.792038 0.685758 0.144991
v 0.793769 0.685954 0.142391
v 0.794546 0.683936 0.143168
v 0.800232 0.685853 0.139755
v 0.800232 0.682658 0.141890
v 0.796463 0.689622 0.139755
v 0.796369 0.685758 0.140660
v 0.796565 0.683158 0.142391
v 0.796463 0.680523 0.148855
v 0.793268 0.682658 0.148855
v 0.800232 0.680523 0.145086
v 0.796369 0.681427 0.144991
v 0.793769 0.683158 0.145187
v 0.827017 0.679773 0.148855
v 0.827017 0.689622 0.139006
v 0.836866 0.689622 0.148855
v 0.827017 0.680523 0.145086
v 0.827017 0.682658 0.141890
v 0.830786 0.680523 0.148855
v 0.830880 0.681427 0.144991
v 0.830684 0.683158 0.142391
v 0.832703 0.683936 0.143168
v 0.830786 0.689622 0.139755
v 0.833981 0.689622 0.141890
v 0.827017 0.685853 0.139755
v 0.830880 0.685758 0.140660
v 0.833480 0.685954 0.142391
v 0.836116 0.685853 0.148855
v 0.833981 0.682658 0.148855
v 0.836116 0.689622 0.145086
v 0.835211 0.685758 0.144991
v 0.833480 0.683158 0.145187
v 0.827017 0.726255 0.148855
v 0.836866 0.716406 0.148855
v 0.827017 0.716406 0.139006
v 0.830786 0.725506 0.148855
v 0.833981 0.723371 0.148855
v 0.827017 0.725506 0.145086
v 0.830880 0.724601 0.144991
v 0.833480 0.722870 0.145187
v 0.832703 0.722093 0.143168
v 0.836116 0.716406 0.145086
v 0.833981 0.716406 0.141890
v 0.836116 0.720175 0.148855
v 0.835211 0.720270 0.144991
v 0.833480 0.720074 0.142391
v 0.827017 0.720175 0.139755
v 0.827017 0.723371 0.141890
v 0.830786 0.716406 0.139755
v 0.830880 0.720270 0.140660
v 0.830684 0.722870 0.142391
v 0.836866 0.716406 0.351992
v 0.827017 0.726255 0.351992
v 0.827017 0.716406 0.361841
v 0.836116 0.720175 0.351992
v 0.833981 0.723371 0.351992
v 0.836116 0.716406 0.355761
v 0.835211 0.720270 0.355856
v 0.833480 0.722870 0.355660
v 0.832703 0.722093 0.357678
v 0.827017 0.725506 0.355761
v 0.827017 0.723371 0.358956
v 0.830786 0.725506 0.351992
v 0.830880 0.724601 0.355856
v 0.830684 0.722870 0.358456
v 0.830786 0.716406 0.361091
v 0.833981 0.716406 0.358956
v 0.827017 0.720175 0.361091
v 0.830880 0.720270 0.360187
v 0.833480 0.720074 0.358456
v 0.836866 0.689622 0.351992
v 0.827017 0.689622 0.361841
v 0.827017 0.679773 0.351992
v 0.836116 0.689622 0.355761
v 0.833981 0.689622 0.358956
v 0.836116 0.685853 0.351992
v 0.835211 0.685758 0.355856
v 0.833480 0.685954 0.358456
v 0.832703 0.683936 0.357678
v 0.827017 0.685853 0.361091
v 0.827017 0.682658 0.358956
v 0.830786 0.689622 0.361091
v 0.830880 0.685758 0.360187
v 0.830684 0.683158 0.358456
v 0.830786 0.680523 0.351992
v 0.833981 0.682658 0.351992
v 0.827017 0.680523 0.355761
v 0.830880 0.681427 0.355856
v 0.833480 0.683158 0.355660
vn -0.1246 -0.9894 0.0749
vn -0.9993 -0.0257 0.0257
vn -0.1246 -0.0749 0.9894
vn -0.5041 -0.8543 0.1270
vn -0.8699 -0.4608 0.1759
vn -0.2383 -0.9050 0.3524
vn -0.6368 -0.6608 0.3974
vn -0.8368 -0.4097 0.3631
vn -0.7318 -0.4819 0.4819
vn -0.9762 -0.0799 0.2017
vn -0.8699 -0.1759 0.4608
vn -0.9762 -0.2017 0.0799
vn -0.9416 -0.2381 0.2381
vn -0.8368 -0.3631 0.4097
vn -0.2383 -0.3524 0.9050
vn -0.2925 -0.6762 0.6762
vn -0.5041 -0.1270 0.8543
vn -0.6368 -0.3974 0.6608
vn -0.6205 -0.5545 0.5545
vn -0.1246 0.9894 0.0749
vn -0.1246 0.0749 0.9894
vn -0.9993 0.0257 0.0257
vn -0.2383 0.9050 0.3524
vn -0.2925 0.6762 0.6762
vn -0.5041 0.8543 0.1270
vn -0.6368 0.6608 0.3974
vn -0.6205 0.5545 0.5545
vn -0.7318 0.4819 0.4819
vn -0.5041 0.1270 0.8543
vn -0.8699 0.1759 0.4608
vn -0.2383 0.3524 0.9050
vn -0.6368 0.3974 0.6608
vn -0.8368 0.3631 0.4097
vn -0.9762 0.2017 0.0799
vn -0.8699 0.4608 0.1759
vn -0.9762 0.0799 0.2017
vn -0.9416 0.2381 0.2381
vn -0.8368 0.4098 0.3631
vn -0.1246 -0.9894 -0.0749
vn -0.1246 -0.0749 -0.9894
vn -0.9993 -0.0257 -0.0257
vn -0.2383 -0.9050 -0.3524
vn -0.2925 -0.6762 -0.6762
vn -0.5041 -0.8543 -0.1270
vn -0.6368 -0.6608 -0.3974
vn -0.6205 -0.5545 -0.5545
vn -0.7318 -0.4819 -0.4819
vn -0.5041 -0.1270 -0.8543
vn -0.8699 -0.1759 -0.4608
vn -0.2383 -0.3524 -0.9050
vn -0.6368 -0.3974 -0.6608
vn -0.8368 -0.3631 -0.4097
vn -0.9762 -0.2017 -0.0799
vn -0.8699 -0.4608 -0.1759
vn -0.9762 -0.0799 -0.2017
vn -0.9416 -0.2381 -0.2381
vn -0.8368 -0.4097 -0.3631
vn -0.1246 0.9894 -0.0749
vn -0.9993 0.0257 -0.0257
vn -0.1246 0.0749 -0.9894
vn -0.5041 0.8543 -0.1270
vn -0.8699 0.4608 -0.1759
vn -0.2383 0.9050 -0.3524
vn -0.6368 0.6608 -0.3974
vn -0.8368 0.4097 -0.3631
vn -0.7318 0.4819 -0.4819
vn -0.9762 0.0799 -0.2017
vn -0.8699 0.1759 -0.4608
vn -0.9762 0.2017 -0.0799
vn -0.9416 0.2381 -0.2381
vn -0.8368 0.3631 -0.4098
vn -0.2383 0.3524 -0.9050
vn -0.2925 0.6762 -0.6762
vn -0.5041 0.1270 -0.8543
vn -0.6368 0.3974 -0.6608
vn -0.6205 0.5545 -0.5545
vn 0.1246 -0.9894 0.0749
vn 0.1246 -0.0749 0.9894
vn 0.9993 -0.0257 0.0257
vn 0.2383 -0.9050 0.3524
vn 0.2925 -0.6762 0.6762
vn 0.5041 -0.8543 0.1270
vn 0.6368 -0.6608 0.3974
vn 0.6205 -0.5545 0.5545
vn 0.7318 -0.4819 0.4819
vn 0.5041 -0.1270 0.8543
vn 0.8699 -0.1759 0.4608
vn 0.2383 -0.3524 0.9050
vn 0.6368 -0.3974 0.6608
vn 0.8368 -0.3631 0.4097
vn 0.9762 -0.2017 0.0799
vn 0.8699 -0.4608 0.1759
vn 0.9762 -0.0799 0.2017
vn 0.9416 -0.2381 0.2381
vn 0.8368 -0.4098 0.3631
vn 0.1246 0.9894 0.0749
vn 0.9993 0.0257 0.0257
vn 0.1246 0.0749 0.9894
vn 0.5041 0.8543 0.1270
vn 0.8699 0.4608 0.1759
vn 0.2383 0.9050 0.3524
vn 0.6368 0.6608 0.3974
vn 0.8368 0.4097 0.3631
vn 0.7318 0.4819 0.4819
vn 0.9762 0.0799 0.2017
vn 0.8699 0.1759 0.4608
vn 0.9762 0.2017 0.0799
vn 0.9416 0.2381 0.2381
vn 0.8368 0.3631 0.4098
vn 0.2383 0.3524 0.9050
vn 0.2925 0.6762 0.6762
vn 0.5041 0.1270 0.8543
vn 0.6368 0.3974 0.6608
vn 0.6205 0.5545 0.5545
vn 0.1246 -0.9894 -0.0749
vn 0.9993 -0.0257 -0.0257
vn 0.1246 -0.0749 -0.9894
vn 0.5041 -0.8543 -0.1270
vn 0.8699 -0.4608 -0.1759
vn 0.2383 -0.9050 -0.3524
vn 0.6368 -0.6608 -0.3974
vn 0.8368 -0.4097 -0.3631
vn 0.7318 -0.4819 -0.4819
vn 0.9762 -0.0799 -0.2017
vn 0.8699 -0.1759 -0.4608
vn 0.9762 -0.2017 -0.0799
vn 0.9416 -0.2381 -0.2381
vn 0.8368 -0.3631 -0.4098
vn 0.2383 -0.3524 -0.9050
vn 0.2925 -0.6762 -0.6762
vn 0.5041 -0.1270 -0.8543
vn 0.6368 -0.3974 -0.6608
vn 0.6205 -0.5545 -0.5545
vn 0.1246 0.9894 -0.0749
vn 0.1246 0.0749 -0.9894
vn 0.9993 0.0257 -0.0257
vn 0.2383 0.9050 -0.3524
vn 0.2925 0.6762 -0.6762
vn 0.5041 0.8543 -0.1270
vn 0.6368 0.6608 -0.3974
vn 0.6205 0.5545 -0.5545
vn 0.7318 0.4819 -0.4819
vn 0.5041 0.1270 -0.8543
vn 0.8699 0.1759 -0.4608
vn 0.2383 0.3524 -0.9050
vn 0.6368 0.3974 -0.6608
vn 0.8368 0.3631 -0.4098
vn 0.9762 0.2017 -0.0799
vn 0.8699 0.4608 -0.1759
vn 0.9762 0.0799 -0.2017
vn 0.9416 0.2381 -0.2381
vn 0.8368 0.4097 -0.3631
vn -0.9899 -0.1004 -0.1004
vn -0.1004 -0.1004 -0.9899
vn -0.1004 -0.9899 -0.1004
vn -0.9201 -0.0981 -0.3792
vn -0.7041 -0.0919 -0.7041
vn -0.9201 -0.3792 -0.0981
vn -0.8545 -0.3673 -0.3673
vn -0.6663 -0.3347 -0.6663
vn -0.5774 -0.5773 -0.5773
vn -0.0981 -0.3792 -0.9201
vn -0.0919 -0.7041 -0.7041
vn -0.3792 -0.0981 -0.9201
vn -0.3673 -0.3673 -0.8545
vn -0.3347 -0.6663 -0.6663
vn -0.3792 -0.9201 -0.0981
vn -0.7041 -0.7041 -0.0919
vn -0.0981 -0.9201 -0.3792
vn -0.3673 -0.8545 -0.3673
vn -0.6663 -0.6663 -0.3347
vn -0.9899 -0.1004 0.1004
vn -0.1004 -0.9899 0.1004
vn -0.1004 -0.1004 0.9899
vn -0.9201 -0.3792 0.0981
vn -0.7041 -0.7041 0.0919
vn -0.9201 -0.0981 0.3792
vn -0.8545 -0.3673 0.3673
vn -0.6663 -0.6663 0.3347
vn -0.5774 -0.5773 0.5773
vn -0.0981 -0.9201 0.3792
vn -0.0919 -0.7041 0.7041
vn -0.3792 -0.9201 0.0981
vn -0.3673 -0.8545 0.3673
vn -0.3347 -0.6663 0.6663
vn -0.3792 -0.0981 0.9201
vn -0.7041 -0.0919 0.7041
vn -0.0981 -0.3792 0.9201
vn -0.3673 -0.3673 0.8545
vn -0.6663 -0.3347 0.6663
vn -0.9899 0.1004 0.1004
vn -0.1004 0.1004 0.9899
vn -0.1004 0.9899 0.1004
vn -0.9201 0.0981 0.3792
vn -0.7041 0.0919 0.7041
vn -0.9201 0.3792 0.0981
vn -0.8545 0.3673 0.3673
vn -0.6663 0.3347 0.6663
vn -0.5774 0.5773 0.5773
vn -0.0981 0.3792 0.9201
vn -0.0919 0.7041 0.7041
vn -0.3792 0.0981 0.9201
vn -0.3673 0.3673 0.8545
vn -0.3347 0.6663 0.6663
vn -0.3792 0.9201 0.0981
vn -0.7041 0.7041 0.0919
vn -0.0981 0.9201 0.3792
vn -0.3673 0.8545 0.3673
vn -0.6663 0.6663 0.3347
vn -0.9899 0.1004 -0.1004
vn -0.1004 0.9899 -0.1004
vn -0.1004 0.1004 -0.9899
vn -0.9201 0.3792 -0.0981
vn -0.7041 0.7041 -0.0919
vn -0.9201 0.0981 -0.3792
vn -0.8545 0.3673 -0.3673
vn -0.6663 0.6663 -0.3347
vn -0.5774 0.5773 -0.5773
vn -0.0981 0.9201 -0.3792
vn -0.0919 0.7041 -0.7041
vn -0.3792 0.9201 -0.0981
vn -0.3673 0.8545 -0.3673
vn -0.3347 0.6663 -0.6663
vn -0.3792 0.0981 -0.9201
vn -0.7041 0.0919 -0.7041
vn -0.0981 0.3792 -0.9201
vn -0.3673 0.3673 -0.8545
vn -0.6663 0.3347 -0.6663
vn 0.1004 -0.1004 -0.9899
vn 0.9899 -0.1004 -0.1004
vn 0.1004 -0.9899 -0.1004
vn 0.3792 -0.0981 -0.9201
vn 0.7041 -0.0919 -0.7041
vn 0.0981 -0.3792 -0.9201
vn 0.3673 -0.3673 -0.8545
vn 0.6663 -0.3347 -0.6663
vn 0.5774 -0.5773 -0.5773
vn 0.9201 -0.3792 -0.0981
vn 0.7041 -0.7041 -0.0919
vn 0.9201 -0.0981 -0.3792
vn 0.8545 -0.3673 -0.3673
vn 0.6663 -0.6663 -0.3347
vn 0.0981 -0.9201 -0.3792
vn 0.0919 -0.7041 -0.7041
vn 0.3792 -0.9201 -0.0981
vn 0.3673 -0.8545 -0.3673
vn 0.3347 -0.6663 -0.6663
vn 0.1004 0.1004 -0.9899
vn 0.1004 0.9899 -0.1004
vn 0.9899 0.1004 -0.1004
vn 0.0981 0.3792 -0.9201
vn 0.0919 0.7041 -0.7041
vn 0.3792 0.0981 -0.9201
vn 0.3673 0.3673 -0.8545
vn 0.3347 0.6663 -0.6663
vn 0.5774 0.5773 -0.5773
vn 0.3792 0.9201 -0.0981
vn 0.7041 0.7041 -0.0919
vn 0.0981 0.9201 -0.3792
vn 0.3673 0.8545 -0.3673
vn 0.6663 0.6663 -0.3347
vn 0.9201 0.0981 -0.3792
vn 0.7041 0.0919 -0.7041
vn 0.9201 0.3792 -0.0981
vn 0.8545 0.3673 -0.3673
vn 0.6663 0.3347 -0.6663
vn 0.9899 -0.1004 0.1004
vn 0.1004 -0.1004 0.9899
vn 0.1004 -0.9899 0.1004
vn 0.9201 -0.0981 0.3792
vn 0.7041 -0.0919 0.7041
vn 0.9201 -0.3792 0.0981
vn 0.8545 -0.3673 0.3673
vn 0.6663 -0.3347 0.6663
vn 0.5774 -0.5773 0.5773
vn 0.0981 -0.3792 0.9201
vn 0.0919 -0.7041 0.7041
vn 0.3792 -0.0981 0.9201
vn 0.3673 -0.3673 0.8545
vn 0.3347 -0.6663 0.6663
vn 0.3792 -0.9201 0.0981
vn 0.7041 -0.7041 0.0919
vn 0.0981 -0.9201 0.3792
vn 0.3673 -0.8545 0.3673
vn 0.6663 -0.6663 0.3347
vn 0.9899 0.1004 0.1004
vn 0.1004 0.9899 0.1004
vn 0.1004 0.1004 0.9899
vn 0.9201 0.3792 0.0981
vn 0.7041 0.7041 0.0919
vn 0.9201 0.0981 0.3792
vn 0.8545 0.3673 0.3673
vn 0.6663 0.6663 0.3347
vn 0.5774 0.5773 0.5773
vn 0.0981 0.9201 0.3792
vn 0.0919 0.7041 0.7041
vn 0.3792 0.9201 0.0981
vn 0.3673 0.8545 0.3673
vn 0.3347 0.6663 0.6663
vn 0.3792 0.0981 0.9201
vn 0.7041 0.0919 0.7041
vn 0.0981 0.3792 0.9201
vn 0.3673 0.3673 0.8545
vn 0.6663 0.3347 0.6663
vn -0.5774 -0.5773 0.5774
vn -0.5774 0.5774 0.5774
vn -0.5774 0.5773 -0.5774
vn -0.5774 -0.5773 -0.5774
vn 0.5774 -0.5773 -0.5774
vn 0.5774 0.5773 -0.5774
vn 0.5774 0.5773 0.5774
vn 0.5774 -0.5773 0.5774
vt 0.375000 0.947028
vt 0.375000 0.802972
vt 0.375000 0.802972
vt 0.375000 0.947028
vt 0.375000 0.552972
vt 0.375000 0.697028
vt 0.375000 0.697028
vt 0.375000 0.552972
vt 0.427972 0.750000
vt 0.572028 0.750000
vt 0.572028 0.750000
vt 0.427972 0.750000
vt 0.625000 0.697028
vt 0.625000 0.552972
vt 0.625000 0.697028
vt 0.625000 0.302972
vt 0.625000 0.447028
vt 0.625000 0.447028
vt 0.625000 0.302972
vt 0.427972 0.552972
vt 0.572028 0.552972
vt 0.572028 0.697028
vt 0.427972 0.697028
vt 0.677972 0.552972
vt 0.822028 0.552972
vt 0.822028 0.697028
vt 0.677972 0.697028
vt 0.427972 0.802972
vt 0.572028 0.802972
vt 0.572028 0.947028
vt 0.427972 0.947028
vt 0.572028 0.000000
vt 0.427972 0.000000
vt 0.572028 0.000000
vt 0.572028 0.500000
vt 0.427972 0.500000
vt 0.427972 0.500000
vt 0.572028 0.500000
vt 0.375000 0.447028
vt 0.375000 0.302972
vt 0.375000 0.302972
vt 0.375000 0.447028
vt 0.625000 0.802972
vt 0.625000 0.947028
vt 0.625000 0.947028
vt 0.625000 0.802972
vt 0.427972 0.250000
vt 0.572028 0.250000
vt 0.427972 0.250000
vt 0.427972 0.052972
vt 0.572028 0.052972
vt 0.572028 0.197028
vt 0.427972 0.197028
vt 0.427972 0.302972
vt 0.572028 0.302972
vt 0.572028 0.447028
vt 0.427972 0.447028
vt 0.375000 0.302972
vt 0.375000 0.447028
vt 0.625000 0.197028
vt 0.625000 0.052972
vt 0.625000 0.052972
vt 0.625000 0.197028
vt 0.375000 0.802972
vt 0.375000 0.947028
vt 0.375000 0.947028
vt 0.375000 0.802972
vt 0.177972 0.552972
vt 0.322028 0.552972
vt 0.322028 0.697028
vt 0.177972 0.697028
vt 0.625000 0.447028
vt 0.625000 0.447028
vt 0.625000 0.947028
vt 0.625000 0.802972
vt 0.625000 0.947028
vt 0.375000 0.967300
vt 0.375000 0.966586
vt 0.375000 1.000000
vt 0.375000 0.966086
vt 0.375000 0.052972
vt 0.375000 0.032700
vt 0.375000 0.016207
vt 0.375000 0.028668
vt 0.375000 0.000000
vt 0.375000 0.947028
vt 0.375000 0.966585
vt 0.375000 0.977492
vt 0.625000 0.966586
vt 0.625000 0.967300
vt 0.625000 0.947028
vt 0.625000 0.966086
vt 0.625000 1.000000
vt 0.625000 0.977492
vt 0.625000 0.967300
vt 0.625000 0.966585
vt 0.625000 0.966086
vt 0.592300 0.000000
vt 0.608792 0.000000
vt 0.596332 0.000000
vt 0.625000 0.000000
vt 0.375000 0.283414
vt 0.375000 0.282700
vt 0.375000 0.283914
vt 0.375000 0.250000
vt 0.375000 0.257503
vt 0.375000 0.282700
vt 0.375000 0.283415
vt 0.407700 0.250000
vt 0.391207 0.250000
vt 0.403668 0.250000
vt 0.625000 0.282700
vt 0.625000 0.283414
vt 0.625000 0.250000
vt 0.625000 0.283914
vt 0.625000 0.257503
vt 0.625000 0.217300
vt 0.625000 0.233793
vt 0.625000 0.221332
vt 0.625000 0.302972
vt 0.625000 0.283414
vt 0.625000 0.282700
vt 0.375000 0.783415
vt 0.375000 0.782700
vt 0.375000 0.802972
vt 0.375000 0.783914
vt 0.375000 0.750000
vt 0.375000 0.757503
vt 0.375000 0.782700
vt 0.375000 0.783414
vt 0.407700 0.750000
vt 0.391207 0.750000
vt 0.403668 0.750000
vt 0.625000 0.782700
vt 0.625000 0.783415
vt 0.625000 0.802972
vt 0.625000 0.750000
vt 0.625000 0.783914
vt 0.625000 0.757503
vt 0.625000 0.717300
vt 0.625000 0.733793
vt 0.625000 0.721332
vt 0.625000 0.802972
vt 0.625000 0.783414
vt 0.625000 0.802972
vt 0.375000 0.467300
vt 0.375000 0.466586
vt 0.375000 0.500000
vt 0.375000 0.466086
vt 0.375000 0.492497
vt 0.375000 0.532700
vt 0.375000 0.516207
vt 0.375000 0.528668
vt 0.375000 0.447028
vt 0.375000 0.466585
vt 0.375000 0.467300
vt 0.375000 0.447028
vt 0.625000 0.447028
vt 0.625000 0.466586
vt 0.625000 0.467300
vt 0.625000 0.466086
vt 0.625000 0.500000
vt 0.625000 0.492497
vt 0.625000 0.467300
vt 0.625000 0.466585
vt 0.592300 0.500000
vt 0.608793 0.500000
vt 0.596332 0.500000
vt 0.375000 0.197028
vt 0.375000 0.217300
vt 0.375000 0.217808
vt 0.375000 0.216753
vt 0.375000 0.197028
vt 0.375000 0.282192
vt 0.375000 0.302972
vt 0.375000 0.283247
vt 0.375000 0.272389
vt 0.157700 0.552972
vt 0.157192 0.532192
vt 0.177972 0.532700
vt 0.125000 0.552972
vt 0.125000 0.533247
vt 0.158247 0.500000
vt 0.177972 0.500000
vt 0.125000 0.522389
vt 0.375000 0.052972
vt 0.375000 0.052972
vt 0.375000 0.032192
vt 0.375000 0.032700
vt 0.375000 0.052972
vt 0.375000 0.033247
vt 0.375000 0.022389
vt 0.177972 0.717300
vt 0.157192 0.717808
vt 0.157700 0.697028
vt 0.177972 0.750000
vt 0.158247 0.750000
vt 0.125000 0.716753
vt 0.125000 0.697028
vt 0.147389 0.750000
vt 0.375000 0.967300
vt 0.375000 0.967808
vt 0.375000 0.966753
vt 0.625000 0.032700
vt 0.625000 0.032192
vt 0.625000 0.052972
vt 0.625000 0.033247
vt 0.625000 0.967808
vt 0.625000 0.967300
vt 0.625000 0.966753
vt 0.625000 0.977611
vt 0.842300 0.697028
vt 0.842808 0.717808
vt 0.822028 0.717300
vt 0.875000 0.697028
vt 0.875000 0.716753
vt 0.841753 0.750000
vt 0.822028 0.750000
vt 0.875000 0.727611
vt 0.625000 0.197028
vt 0.625000 0.217808
vt 0.625000 0.217300
vt 0.625000 0.197028
vt 0.625000 0.216753
vt 0.625000 0.227611
vt 0.822028 0.532700
vt 0.842808 0.532192
vt 0.842300 0.552972
vt 0.822028 0.500000
vt 0.841753 0.500000
vt 0.875000 0.533247
vt 0.875000 0.552972
vt 0.852611 0.500000
vt 0.625000 0.282192
vt 0.625000 0.302972
vt 0.625000 0.283247
vt 0.375000 0.467808
vt 0.375000 0.466753
vt 0.367537 0.507463
vt 0.375000 0.552972
vt 0.375000 0.532192
vt 0.375000 0.532700
vt 0.375000 0.552972
vt 0.375000 0.533247
vt 0.322028 0.532700
vt 0.342808 0.532192
vt 0.342300 0.552972
vt 0.322028 0.500000
vt 0.341753 0.500000
vt 0.625000 0.467808
vt 0.625000 0.467300
vt 0.625000 0.447028
vt 0.625000 0.466753
vt 0.657700 0.552972
vt 0.657192 0.532192
vt 0.677972 0.532700
vt 0.625000 0.533247
vt 0.658247 0.500000
vt 0.677972 0.500000
vt 0.625000 0.532700
vt 0.625000 0.532192
vt 0.625000 0.552972
vt 0.625000 0.552972
vt 0.375000 0.717300
vt 0.375000 0.717808
vt 0.375000 0.716753
vt 0.375000 0.782192
vt 0.375000 0.782700
vt 0.375000 0.783247
vt 0.342300 0.697028
vt 0.342808 0.717808
vt 0.322028 0.717300
vt 0.375000 0.716753
vt 0.341753 0.750000
vt 0.322028 0.750000
vt 0.625000 0.697028
vt 0.625000 0.717808
vt 0.625000 0.717300
vt 0.625000 0.716753
vt 0.632463 0.742537
vt 0.677972 0.717300
vt 0.657192 0.717808
vt 0.657700 0.697028
vt 0.677972 0.750000
vt 0.658247 0.750000
vt 0.625000 0.697028
vt 0.625000 0.782700
vt 0.625000 0.782192
vt 0.625000 0.802972
vt 0.625000 0.783247
vt 0.407700 0.000000
vt 0.407192 0.000000
vt 0.427972 0.000000
vt 0.408247 0.000000
vt 0.375000 0.967808
vt 0.375000 0.966753
vt 0.375000 0.977611
vt 0.427972 0.967300
vt 0.407192 0.967808
vt 0.407700 0.947028
vt 0.427972 1.000000
vt 0.408247 1.000000
vt 0.375000 0.966753
vt 0.397389 1.000000
vt 0.592808 0.000000
vt 0.592300 0.000000
vt 0.591753 0.000000
vt 0.602612 0.000000
vt 0.592300 0.947028
vt 0.592808 0.967808
vt 0.572028 0.967300
vt 0.591753 1.000000
vt 0.572028 1.000000
vt 0.592300 0.250000
vt 0.592808 0.250000
vt 0.572028 0.250000
vt 0.591753 0.250000
vt 0.617537 0.257463
vt 0.625000 0.283247
vt 0.572028 0.282700
vt 0.592808 0.282192
vt 0.592300 0.302972
vt 0.407192 0.250000
vt 0.407700 0.250000
vt 0.408247 0.250000
vt 0.375000 0.250000
vt 0.382463 0.257463
vt 0.407700 0.302972
vt 0.407192 0.282192
vt 0.427972 0.282700
vt 0.375000 0.282192
vt 0.375000 0.302972
vt 0.375000 0.302972
vt 0.375000 0.467808
vt 0.375000 0.467300
vt 0.375000 0.466753
vt 0.375000 0.500000
vt 0.382463 0.492537
vt 0.427972 0.467300
vt 0.407192 0.467808
vt 0.407700 0.447028
vt 0.408247 0.500000
vt 0.407700 0.500000
vt 0.407192 0.500000
vt 0.625000 0.466753
vt 0.617537 0.492537
vt 0.592808 0.500000
vt 0.591753 0.500000
vt 0.592300 0.447028
vt 0.592808 0.467808
vt 0.572028 0.467300
vt 0.592300 0.750000
vt 0.592808 0.750000
vt 0.591753 0.750000
vt 0.617537 0.757463
vt 0.625000 0.802972
vt 0.625000 0.782192
vt 0.625000 0.782700
vt 0.572028 0.782700
vt 0.592808 0.782192
vt 0.592300 0.802972
vt 0.572028 0.750000
vt 0.427972 0.750000
vt 0.407192 0.750000
vt 0.427972 0.750000
vt 0.408247 0.750000
vt 0.382463 0.757463
vt 0.407700 0.802972
vt 0.407192 0.782192
vt 0.427972 0.782700
vt 0.427972 0.750000
vt 0.375000 0.782192
vt 0.375000 0.802972
vt 0.375000 0.717300
vt 0.625000 0.532700
vt 0.375000 0.197028
vt 0.625000 0.032700
vt 0.592300 0.750000
vt 0.592300 0.250000
vt 0.407700 0.500000
s 1
usemtl Masaneta_e_borda_de_trosos
f 1581/1647/1351 1657/1648/1427 2020/1649/1619 1886/1650/1523
f 1696/1651/1466 1659/1652/1429 1847/1653/1617 1810/1654/1580
f 1659/1655/1429 1677/1656/1447 1999/1657/1636 2018/1658/1617
f 1677/1659/1447 1716/1660/1486 1830/1660/1600 1866/1661/1636
f 1638/1662/1408 1714/1663/1484 1980/1664/1599 1924/1665/1561
f 1696/1666/1466 1716/1667/1486 1677/1668/1447 1659/1669/1429
f 1829/1670/1599 1791/1671/1561 1773/1672/1543 1867/1673/1637
f 2019/1674/1618 2001/1675/1638 1905/1676/1542 1887/1677/1524
f 1602/1678/1372 1582/1679/1352 1885/1679/1522 1904/1680/1541
f 1716/1681/1486 1696/1682/1466 1963/1683/1580 1981/1684/1600
f 1695/1685/1465 1619/1686/1389 1944/1687/1505 1961/1688/1581
f 1676/1689/1446 1600/1690/1370 1906/1691/1543 2000/1692/1637
f 1621/1693/1391 1639/1694/1409 1923/1694/1560 1942/1695/1503
f 1582/1696/1352 1602/1697/1372 1639/1698/1409 1621/1699/1391
f 1943/1700/1504 1925/1701/1562 1982/1702/1598 1962/1703/1579
f 1620/1704/1390 1697/1705/1467 1809/1688/1579 1734/1704/1504
f 1639/1706/1409 1602/1707/1372 1771/1708/1541 1790/1709/1560
f 1658/1710/1428 1583/1711/1353 1754/1712/1524 1848/1713/1618
f 1735/1714/1505 1811/1715/1581 1849/1716/1619 1753/1717/1523
f 1715/1718/1485 1640/1665/1410 1792/1665/1562 1828/1719/1598
f 1601/1720/1371 1678/1721/1448 1868/1721/1638 1772/1722/1542
f 1581/1647/1351 1584/1723/1354 1587/1724/1357 1586/1711/1356
f 1584/1723/1354 1585/1725/1355 1588/1725/1358 1587/1724/1357
f 1586/1711/1356 1587/1724/1357 1599/1726/1369 1596/1711/1366
f 1587/1724/1357 1588/1725/1358 1589/1725/1359 1599/1726/1369
f 1582/1727/1352 1590/1728/1360 1593/1729/1363 1592/1730/1362
f 1590/1728/1360 1591/1731/1361 1594/1731/1364 1593/1729/1363
f 1592/1730/1362 1593/1729/1363 1588/1731/1358 1585/1731/1355
f 1593/1729/1363 1594/1731/1364 1589/1731/1359 1588/1731/1358
f 1583/1711/1353 1595/1732/1365 1598/1733/1368 1597/1723/1367
f 1595/1732/1365 1596/1712/1366 1599/1726/1369 1598/1733/1368
f 1597/1723/1367 1598/1733/1368 1594/1725/1364 1591/1725/1361
f 1598/1733/1368 1599/1726/1369 1589/1734/1359 1594/1725/1364
f 1600/1690/1370 1603/1720/1373 1606/1735/1376 1605/1736/1375
f 1603/1720/1373 1604/1737/1374 1607/1738/1377 1606/1735/1376
f 1605/1736/1375 1606/1735/1376 1618/1739/1388 1615/1739/1385
f 1606/1735/1376 1607/1738/1377 1608/1740/1378 1618/1739/1388
f 1601/1720/1371 1609/1741/1379 1612/1742/1382 1611/1691/1381
f 1609/1741/1379 1610/1739/1380 1613/1739/1383 1612/1742/1382
f 1611/1691/1381 1612/1742/1382 1607/1743/1377 1604/1737/1374
f 1612/1742/1382 1613/1739/1383 1608/1739/1378 1607/1743/1377
f 1602/1678/1372 1614/1744/1384 1617/1745/1387 1616/1746/1386
f 1614/1744/1384 1615/1747/1385 1618/1747/1388 1617/1745/1387
f 1616/1746/1386 1617/1745/1387 1613/1747/1383 1610/1747/1380
f 1617/1745/1387 1618/1747/1388 1608/1747/1378 1613/1747/1383
f 1619/1686/1389 1622/1686/1392 1625/1748/1395 1624/1749/1394
f 1622/1686/1392 1623/1687/1393 1626/1750/1396 1625/1748/1395
f 1624/1749/1394 1625/1748/1395 1637/1751/1407 1634/1751/1404
f 1625/1748/1395 1626/1750/1396 1627/1752/1397 1637/1751/1407
f 1620/1704/1390 1628/1753/1398 1631/1754/1401 1630/1686/1400
f 1628/1753/1398 1629/1751/1399 1632/1751/1402 1631/1754/1401
f 1630/1686/1400 1631/1754/1401 1626/1750/1396 1623/1687/1393
f 1631/1754/1401 1632/1751/1402 1627/1752/1397 1626/1750/1396
f 1621/1693/1391 1633/1755/1403 1636/1756/1406 1635/1757/1405
f 1633/1755/1403 1634/1751/1404 1637/1751/1407 1636/1756/1406
f 1635/1757/1405 1636/1756/1406 1632/1751/1402 1629/1751/1399
f 1636/1756/1406 1637/1751/1407 1627/1752/1397 1632/1751/1402
f 1638/1662/1408 1641/1758/1411 1644/1759/1414 1643/1662/1413
f 1641/1758/1411 1642/1760/1412 1645/1760/1415 1644/1759/1414
f 1643/1662/1413 1644/1759/1414 1656/1761/1426 1653/1662/1423
f 1644/1759/1414 1645/1760/1415 1646/1762/1416 1656/1761/1426
f 1639/1706/1409 1647/1763/1417 1650/1764/1420 1649/1765/1419
f 1647/1763/1417 1648/1760/1418 1651/1760/1421 1650/1764/1420
f 1649/1765/1419 1650/1764/1420 1645/1760/1415 1642/1760/1412
f 1650/1764/1420 1651/1760/1421 1646/1762/1416 1645/1760/1415
f 1640/1665/1410 1652/1766/1422 1655/1767/1425 1654/1768/1424
f 1652/1766/1422 1653/1662/1423 1656/1761/1426 1655/1767/1425
f 1654/1768/1424 1655/1767/1425 1651/1760/1421 1648/1760/1418
f 1655/1767/1425 1656/1761/1426 1646/1762/1416 1651/1760/1421
f 1657/1648/1427 1660/1649/1430 1663/1769/1433 1662/1770/1432
f 1660/1649/1430 1661/1771/1431 1664/1772/1434 1663/1769/1433
f 1662/1770/1432 1663/1769/1433 1675/1773/1445 1672/1773/1442
f 1663/1769/1433 1664/1772/1434 1665/1774/1435 1675/1773/1445
f 1658/1710/1428 1666/1775/1436 1669/1776/1439 1668/1771/1438
f 1666/1775/1436 1667/1773/1437 1670/1773/1440 1669/1776/1439
f 1668/1771/1438 1669/1776/1439 1664/1772/1434 1661/1771/1431
f 1669/1776/1439 1670/1773/1440 1665/1774/1435 1664/1772/1434
f 1659/1655/1429 1671/1777/1441 1674/1778/1444 1673/1779/1443
f 1671/1777/1441 1672/1773/1442 1675/1773/1445 1674/1778/1444
f 1673/1779/1443 1674/1778/1444 1670/1773/1440 1667/1773/1437
f 1674/1778/1444 1675/1773/1445 1665/1774/1435 1670/1773/1440
f 1676/1689/1446 1679/1780/1449 1682/1781/1452 1681/1782/1451
f 1679/1780/1449 1680/1783/1450 1683/1783/1453 1682/1781/1452
f 1681/1782/1451 1682/1781/1452 1694/1784/1464 1691/1721/1461
f 1682/1781/1452 1683/1783/1453 1684/1785/1454 1694/1784/1464
f 1677/1659/1447 1685/1786/1455 1688/1787/1458 1687/1788/1457
f 1685/1786/1455 1686/1783/1456 1689/1783/1459 1688/1787/1458
f 1687/1788/1457 1688/1787/1458 1683/1783/1453 1680/1783/1450
f 1688/1787/1458 1689/1783/1459 1684/1785/1454 1683/1783/1453
f 1678/1721/1448 1690/1789/1460 1693/1790/1463 1692/1780/1462
f 1690/1789/1460 1691/1791/1461 1694/1784/1464 1693/1790/1463
f 1692/1780/1462 1693/1790/1463 1689/1783/1459 1686/1783/1456
f 1693/1790/1463 1694/1784/1464 1684/1785/1454 1689/1783/1459
f 1695/1685/1465 1698/1792/1468 1701/1793/1471 1700/1685/1470
f 1698/1792/1468 1699/1794/1469 1702/1794/1472 1701/1793/1471
f 1700/1685/1470 1701/1793/1471 1713/1795/1483 1710/1688/1480
f 1701/1793/1471 1702/1794/1472 1703/1796/1473 1713/1795/1483
f 1696/1651/1466 1704/1797/1474 1707/1798/1477 1706/1799/1476
f 1704/1797/1474 1705/1794/1475 1708/1794/1478 1707/1798/1477
f 1706/1799/1476 1707/1798/1477 1702/1794/1472 1699/1794/1469
f 1707/1798/1477 1708/1794/1478 1703/1796/1473 1702/1794/1472
f 1697/1705/1467 1709/1800/1479 1712/1801/1482 1711/1802/1481
f 1709/1800/1479 1710/1803/1480 1713/1795/1483 1712/1801/1482
f 1711/1802/1481 1712/1801/1482 1708/1794/1478 1705/1794/1475
f 1712/1801/1482 1713/1795/1483 1703/1796/1473 1708/1794/1478
f 1714/1663/1484 1717/1804/1487 1720/1805/1490 1719/1806/1489
f 1717/1804/1487 1718/1804/1488 1721/1807/1491 1720/1805/1490
f 1719/1806/1489 1720/1805/1490 1732/1808/1502 1729/1808/1499
f 1720/1805/1490 1721/1807/1491 1722/1809/1492 1732/1808/1502
f 1715/1718/1485 1723/1810/1493 1726/1811/1496 1725/1718/1495
f 1723/1810/1493 1724/1808/1494 1727/1808/1497 1726/1811/1496
f 1725/1718/1495 1726/1811/1496 1721/1807/1491 1718/1804/1488
f 1726/1811/1496 1727/1808/1497 1722/1809/1492 1721/1807/1491
f 1716/1681/1486 1728/1812/1498 1731/1813/1501 1730/1814/1500
f 1728/1812/1498 1729/1808/1499 1732/1808/1502 1731/1813/1501
f 1730/1814/1500 1731/1813/1501 1727/1808/1497 1724/1808/1494
f 1731/1813/1501 1732/1808/1502 1722/1809/1492 1727/1808/1497
f 1733/1815/1503 1736/1816/1506 1739/1817/1509 1738/1815/1508
f 1736/1816/1506 1737/1751/1507 1740/1751/1510 1739/1817/1509
f 1738/1815/1508 1739/1817/1509 1751/1818/1521 1748/1819/1518
f 1739/1817/1509 1740/1751/1510 1741/1751/1511 1751/1818/1521
f 1734/1704/1504 1742/1687/1512 1745/1820/1515 1744/1749/1514
f 1742/1687/1512 1743/1821/1513 1746/1822/1516 1745/1820/1515
f 1744/1749/1514 1745/1820/1515 1740/1751/1510 1737/1751/1507
f 1745/1820/1515 1746/1822/1516 1741/1823/1511 1740/1751/1510
f 1735/1714/1505 1747/1824/1517 1750/1825/1520 1749/1826/1519
f 1747/1824/1517 1748/1827/1518 1751/1828/1521 1750/1825/1520
f 1749/1826/1519 1750/1825/1520 1746/1829/1516 1743/1830/1513
f 1750/1825/1520 1751/1828/1521 1741/1831/1511 1746/1829/1516
f 1752/1832/1522 1755/1833/1525 1758/1834/1528 1757/1835/1527
f 1755/1833/1525 1756/1836/1526 1759/1837/1529 1758/1834/1528
f 1757/1835/1527 1758/1834/1528 1770/1731/1540 1767/1731/1537
f 1758/1834/1528 1759/1837/1529 1760/1838/1530 1770/1731/1540
f 1753/1717/1523 1761/1839/1531 1764/1840/1534 1763/1841/1533
f 1761/1839/1531 1762/1842/1532 1765/1843/1535 1764/1840/1534
f 1763/1841/1533 1764/1840/1534 1759/1844/1529 1756/1845/1526
f 1764/1840/1534 1765/1843/1535 1760/1846/1530 1759/1844/1529
f 1754/1712/1524 1766/1847/1536 1769/1848/1539 1768/1711/1538
f 1766/1847/1536 1767/1725/1537 1770/1725/1540 1769/1848/1539
f 1768/1711/1538 1769/1848/1539 1765/1849/1535 1762/1712/1532
f 1769/1848/1539 1770/1725/1540 1760/1725/1530 1765/1849/1535
f 1771/1708/1541 1774/1850/1544 1777/1851/1547 1776/1852/1546
f 1774/1850/1544 1775/1747/1545 1778/1747/1548 1777/1851/1547
f 1776/1852/1546 1777/1851/1547 1789/1853/1559 1786/1707/1556
f 1777/1851/1547 1778/1747/1548 1779/1747/1549 1789/1853/1559
f 1772/1722/1542 1780/1691/1550 1783/1854/1553 1782/1855/1552
f 1780/1691/1550 1781/1691/1551 1784/1856/1554 1783/1854/1553
f 1782/1855/1552 1783/1854/1553 1778/1739/1548 1775/1739/1545
f 1783/1854/1553 1784/1856/1554 1779/1857/1549 1778/1739/1548
f 1773/1672/1543 1785/1858/1555 1788/1859/1558 1787/1860/1557
f 1785/1858/1555 1786/1861/1556 1789/1862/1559 1788/1859/1558
f 1787/1860/1557 1788/1859/1558 1784/1863/1554 1781/1864/1551
f 1788/1859/1558 1789/1862/1559 1779/1865/1549 1784/1863/1554
f 1790/1709/1560 1793/1866/1563 1796/1867/1566 1795/1868/1565
f 1793/1866/1563 1794/1869/1564 1797/1870/1567 1796/1867/1566
f 1795/1868/1565 1796/1867/1566 1808/1760/1578 1805/1760/1575
f 1796/1867/1566 1797/1870/1567 1798/1871/1568 1808/1760/1578
f 1791/1671/1561 1799/1872/1569 1802/1873/1572 1801/1874/1571
f 1799/1872/1569 1800/1875/1570 1803/1876/1573 1802/1873/1572
f 1801/1874/1571 1802/1873/1572 1797/1877/1567 1794/1878/1564
f 1802/1873/1572 1803/1876/1573 1798/1879/1568 1797/1877/1567
f 1792/1665/1562 1804/1768/1574 1807/1880/1577 1806/1881/1576
f 1804/1768/1574 1805/1760/1575 1808/1760/1578 1807/1880/1577
f 1806/1881/1576 1807/1880/1577 1803/1882/1573 1800/1662/1570
f 1807/1880/1577 1808/1760/1578 1798/1760/1568 1803/1882/1573
f 1809/1688/1579 1812/1802/1582 1815/1883/1585 1814/1705/1584
f 1812/1802/1582 1813/1794/1583 1816/1794/1586 1815/1883/1585
f 1814/1705/1584 1815/1883/1585 1827/1884/1597 1824/1803/1594
f 1815/1883/1585 1816/1794/1586 1817/1885/1587 1827/1884/1597
f 1810/1654/1580 1818/1886/1588 1821/1887/1591 1820/1888/1590
f 1818/1886/1588 1819/1889/1589 1822/1890/1592 1821/1887/1591
f 1820/1888/1590 1821/1887/1591 1816/1794/1586 1813/1794/1583
f 1821/1887/1591 1822/1890/1592 1817/1885/1587 1816/1794/1586
f 1811/1715/1581 1823/1891/1593 1826/1892/1596 1825/1893/1595
f 1823/1891/1593 1824/1894/1594 1827/1895/1597 1826/1892/1596
f 1825/1893/1595 1826/1892/1596 1822/1890/1592 1819/1654/1589
f 1826/1892/1596 1827/1895/1597 1817/1885/1587 1822/1890/1592
f 1828/1719/1598 1831/1664/1601 1834/1896/1604 1833/1897/1603
f 1831/1664/1601 1832/1898/1602 1835/1899/1605 1834/1896/1604
f 1833/1897/1603 1834/1896/1604 1846/1808/1616 1843/1808/1613
f 1834/1896/1604 1835/1899/1605 1836/1808/1606 1846/1808/1616
f 1829/1670/1599 1837/1900/1607 1840/1901/1610 1839/1902/1609
f 1837/1900/1607 1838/1660/1608 1841/1903/1611 1840/1901/1610
f 1839/1902/1609 1840/1901/1610 1835/1904/1605 1832/1905/1602
f 1840/1901/1610 1841/1903/1611 1836/1808/1606 1835/1904/1605
f 1830/1660/1600 1842/1906/1612 1845/1907/1615 1844/1908/1614
f 1842/1906/1612 1843/1808/1613 1846/1808/1616 1845/1907/1615
f 1844/1908/1614 1845/1907/1615 1841/1903/1611 1838/1909/1608
f 1845/1907/1615 1846/1808/1616 1836/1808/1606 1841/1903/1611
f 1847/1653/1617 1850/1910/1620 1853/1911/1623 1852/1652/1622
f 1850/1910/1620 1851/1773/1621 1854/1773/1624 1853/1911/1623
f 1852/1652/1622 1853/1911/1623 1865/1912/1635 1862/1652/1632
f 1853/1911/1623 1854/1773/1624 1855/1773/1625 1865/1912/1635
f 1848/1713/1618 1856/1771/1626 1859/1913/1629 1858/1914/1628
f 1856/1771/1626 1857/1649/1627 1860/1915/1630 1859/1913/1629
f 1858/1914/1628 1859/1913/1629 1854/1773/1624 1851/1773/1621
f 1859/1913/1629 1860/1915/1630 1855/1773/1625 1854/1773/1624
f 1849/1716/1619 1861/1916/1631 1864/1917/1634 1863/1918/1633
f 1861/1916/1631 1862/1653/1632 1865/1919/1635 1864/1917/1634
f 1863/1918/1633 1864/1917/1634 1860/1920/1630 1857/1921/1627
f 1864/1917/1634 1865/1919/1635 1855/1773/1625 1860/1920/1630
f 1866/1661/1636 1869/1922/1639 1872/1923/1642 1871/1924/1641
f 1869/1922/1639 1870/1659/1640 1873/1925/1643 1872/1923/1642
f 1871/1924/1641 1872/1923/1642 1884/1783/1654 1881/1783/1651
f 1872/1923/1642 1873/1925/1643 1874/1926/1644 1884/1783/1654
f 1867/1673/1637 1875/1927/1645 1878/1928/1648 1877/1929/1647
f 1875/1927/1645 1876/1930/1646 1879/1931/1649 1878/1928/1648
f 1877/1929/1647 1878/1928/1648 1873/1925/1643 1870/1932/1640
f 1878/1928/1648 1879/1931/1649 1874/1926/1644 1873/1925/1643
f 1868/1721/1638 1880/1933/1650 1883/1934/1653 1882/1935/1652
f 1880/1933/1650 1881/1783/1651 1884/1783/1654 1883/1934/1653
f 1882/1935/1652 1883/1934/1653 1879/1936/1649 1876/1791/1646
f 1883/1934/1653 1884/1783/1654 1874/1926/1644 1879/1936/1649
f 1885/1679/1522 1888/1937/1525 1891/1938/1528 1890/1939/1527
f 1888/1937/1525 1889/1731/1526 1892/1731/1529 1891/1938/1528
f 1890/1939/1527 1891/1938/1528 1903/1940/1540 1900/1679/1537
f 1891/1938/1528 1892/1731/1529 1893/1731/1655 1903/1940/1540
f 1886/1650/1523 1894/1712/1531 1897/1941/1534 1896/1723/1533
f 1894/1712/1531 1895/1711/1532 1898/1942/1535 1897/1941/1534
f 1896/1723/1533 1897/1941/1534 1892/1725/1529 1889/1725/1526
f 1897/1941/1534 1898/1942/1535 1893/1943/1655 1892/1725/1529
f 1887/1677/1524 1899/1944/1536 1902/1945/1539 1901/1946/1538
f 1899/1944/1536 1900/1947/1537 1903/1948/1540 1902/1945/1539
f 1901/1946/1538 1902/1945/1539 1898/1949/1535 1895/1711/1532
f 1902/1945/1539 1903/1948/1540 1893/1950/1655 1898/1949/1535
f 1904/1680/1541 1907/1680/1544 1910/1951/1547 1909/1952/1546
f 1907/1680/1544 1908/1680/1545 1911/1953/1548 1910/1951/1547
f 1909/1952/1546 1910/1951/1547 1922/1747/1559 1919/1747/1556
f 1910/1951/1547 1911/1953/1548 1912/1954/1656 1922/1747/1559
f 1905/1676/1542 1913/1955/1550 1916/1956/1553 1915/1957/1552
f 1913/1955/1550 1914/1691/1551 1917/1856/1554 1916/1956/1553
f 1915/1957/1552 1916/1956/1553 1911/1958/1548 1908/1959/1545
f 1916/1956/1553 1917/1856/1554 1912/1857/1656 1911/1958/1548
f 1906/1691/1543 1918/1855/1555 1921/1854/1558 1920/1720/1557
f 1918/1855/1555 1919/1739/1556 1922/1739/1559 1921/1854/1558
f 1920/1720/1557 1921/1854/1558 1917/1856/1554 1914/1737/1551
f 1921/1854/1558 1922/1739/1559 1912/1739/1656 1917/1856/1554
f 1923/1694/1560 1926/1960/1563 1929/1961/1566 1928/1962/1565
f 1926/1960/1563 1927/1760/1564 1930/1760/1567 1929/1961/1566
f 1928/1962/1565 1929/1961/1566 1941/1963/1578 1938/1962/1575
f 1929/1961/1566 1930/1760/1567 1931/1964/1657 1941/1963/1578
f 1924/1665/1561 1932/1665/1569 1935/1880/1572 1934/1768/1571
f 1932/1665/1569 1933/1665/1570 1936/1965/1573 1935/1880/1572
f 1934/1768/1571 1935/1880/1572 1930/1760/1567 1927/1760/1564
f 1935/1880/1572 1936/1965/1573 1931/1964/1657 1930/1760/1567
f 1925/1701/1562 1937/1966/1574 1940/1967/1577 1939/1968/1576
f 1937/1966/1574 1938/1694/1575 1941/1963/1578 1940/1967/1577
f 1939/1968/1576 1940/1967/1577 1936/1965/1573 1933/1665/1570
f 1940/1967/1577 1941/1963/1578 1931/1964/1657 1936/1965/1573
f 1942/1695/1503 1945/1695/1506 1948/1969/1509 1947/1970/1508
f 1945/1695/1506 1946/1695/1507 1949/1971/1510 1948/1969/1509
f 1947/1970/1508 1948/1969/1509 1960/1751/1521 1957/1972/1518
f 1948/1969/1509 1949/1971/1510 1950/1973/1658 1960/1751/1521
f 1943/1700/1504 1951/1974/1512 1954/1975/1515 1953/1976/1514
f 1951/1974/1512 1952/1821/1513 1955/1822/1516 1954/1975/1515
f 1953/1976/1514 1954/1975/1515 1949/1971/1510 1946/1695/1507
f 1954/1975/1515 1955/1822/1516 1950/1973/1658 1949/1971/1510
f 1944/1687/1505 1956/1749/1517 1959/1977/1520 1958/1978/1519
f 1956/1749/1517 1957/1751/1518 1960/1751/1521 1959/1977/1520
f 1958/1978/1519 1959/1977/1520 1955/1822/1516 1952/1979/1513
f 1959/1977/1520 1960/1751/1521 1950/1973/1658 1955/1822/1516
f 1961/1688/1581 1964/1688/1593 1967/1980/1596 1966/1981/1595
f 1964/1688/1593 1965/1688/1594 1968/1982/1597 1967/1980/1596
f 1966/1981/1595 1967/1980/1596 1979/1794/1592 1976/1983/1589
f 1967/1980/1596 1968/1982/1597 1969/1984/1659 1979/1794/1592
f 1962/1703/1579 1970/1985/1582 1973/1986/1585 1972/1987/1584
f 1970/1985/1582 1971/1683/1583 1974/1988/1586 1973/1986/1585
f 1972/1987/1584 1973/1986/1585 1968/1982/1597 1965/1688/1594
f 1973/1986/1585 1974/1988/1586 1969/1984/1659 1968/1982/1597
f 1963/1683/1580 1975/1989/1588 1978/1990/1591 1977/1683/1590
f 1975/1989/1588 1976/1794/1589 1979/1794/1592 1978/1990/1591
f 1977/1683/1590 1978/1990/1591 1974/1988/1586 1971/1683/1583
f 1978/1990/1591 1979/1794/1592 1969/1984/1659 1974/1988/1586
f 1980/1664/1599 1983/1897/1607 1986/1896/1610 1985/1804/1609
f 1983/1897/1607 1984/1808/1608 1987/1808/1611 1986/1896/1610
f 1985/1804/1609 1986/1896/1610 1998/1991/1605 1995/1664/1602
f 1986/1896/1610 1987/1808/1611 1988/1992/1660 1998/1991/1605
f 1981/1684/1600 1989/1681/1612 1992/1993/1615 1991/1812/1614
f 1989/1681/1612 1990/1684/1613 1993/1994/1616 1992/1993/1615
f 1991/1812/1614 1992/1993/1615 1987/1808/1611 1984/1808/1608
f 1992/1993/1615 1993/1994/1616 1988/1992/1660 1987/1808/1611
f 1982/1702/1598 1994/1995/1601 1997/1996/1604 1996/1997/1603
f 1994/1995/1601 1995/1898/1602 1998/1991/1605 1997/1996/1604
f 1996/1997/1603 1997/1996/1604 1993/1994/1616 1990/1681/1613
f 1997/1996/1604 1998/1991/1605 1988/1992/1660 1993/1994/1616
f 1999/1657/1636 2002/1998/1639 2005/1999/1642 2004/1656/1641
f 2002/1998/1639 2003/1783/1640 2006/1783/1643 2005/1999/1642
f 2004/1656/1641 2005/1999/1642 2017/2000/1654 2014/1657/1651
f 2005/1999/1642 2006/1783/1643 2007/2001/1661 2017/2000/1654
f 2000/1692/1637 2008/2002/1645 2011/2003/1648 2010/2004/1647
f 2008/2002/1645 2009/1721/1646 2012/1936/1649 2011/2003/1648
f 2010/2004/1647 2011/2003/1648 2006/1783/1643 2003/1783/1640
f 2011/2003/1648 2012/1936/1649 2007/2001/1661 2006/1783/1643
f 2001/1675/1638 2013/2005/1650 2016/2006/1653 2015/2007/1652
f 2013/2005/1650 2014/2008/1651 2017/2000/1654 2016/2006/1653
f 2015/2007/1652 2016/2006/1653 2012/1936/1649 2009/1791/1646
f 2016/2006/1653 2017/2000/1654 2007/2001/1661 2012/1936/1649
f 2018/1658/1617 2021/2009/1620 2024/2010/1623 2023/1777/1622
f 2021/2009/1620 2022/2011/1621 2025/2012/1624 2024/2010/1623
f 2023/1777/1622 2024/2010/1623 2036/1773/1635 2033/1773/1632
f 2024/2010/1623 2025/2012/1624 2026/2013/1662 2036/1773/1635
f 2019/1674/1618 2027/2014/1626 2030/2015/1629 2029/2016/1628
f 2027/2014/1626 2028/1649/1627 2031/1915/1630 2030/2015/1629
f 2029/2016/1628 2030/2015/1629 2025/2012/1624 2022/2017/1621
f 2030/2015/1629 2031/1915/1630 2026/2013/1662 2025/2012/1624
f 2020/1649/1619 2032/1914/1631 2035/2018/1634 2034/2019/1633
f 2032/1914/1631 2033/1773/1632 2036/1773/1635 2035/2018/1634
f 2034/2019/1633 2035/2018/1634 2031/1915/1630 2028/1713/1627
f 2035/2018/1634 2036/1773/1635 2026/2013/1662 2031/1915/1630
f 1697/1705/1467 1620/1704/1390 1630/1686/1400 1709/1800/1479
f 1709/1800/1479 1630/1686/1400 1623/1687/1393 1710/1803/1480
f 1710/1803/1480 1623/1687/1393 1622/1686/1392 1700/1685/1470
f 1700/1685/1470 1622/1686/1392 1619/1686/1389 1695/1685/1465
f 1640/1665/1410 1715/1718/1485 1725/1718/1495 1652/1766/1422
f 1652/1766/1422 1725/1718/1495 1718/1804/1488 1653/1662/1423
f 1653/1662/1423 1718/1804/1488 1717/1804/1487 1643/1662/1413
f 1643/1662/1413 1717/1804/1487 1714/1663/1484 1638/1662/1408
f 1583/1711/1353 1658/1710/1428 1668/1771/1438 1595/1732/1365
f 1595/1732/1365 1668/1771/1438 1661/1771/1431 1596/1711/1366
f 1596/1711/1366 1661/1771/1431 1660/1649/1430 1586/1711/1356
f 1586/1711/1356 1660/1649/1430 1657/1648/1427 1581/1647/1351
f 1678/1721/1448 1601/1720/1371 1611/1691/1381 1690/1789/1460
f 1690/1789/1460 1611/1691/1381 1604/1737/1374 1691/1721/1461
f 1691/1721/1461 1604/1737/1374 1603/1720/1373 1681/1782/1451
f 1681/1782/1451 1603/1720/1373 1600/1690/1370 1676/1689/1446
f 1735/1714/1505 1753/1717/1523 1763/1841/1533 1747/1824/1517
f 1747/1824/1517 1763/1841/1533 1756/1845/1526 1748/1827/1518
f 1748/1819/1518 1756/1836/1526 1755/1833/1525 1738/1815/1508
f 1738/1815/1508 1755/1833/1525 1752/1832/1522 1733/1815/1503
f 1773/1672/1543 1791/1671/1561 1801/1874/1571 1785/1858/1555
f 1785/1858/1555 1801/1874/1571 1794/1878/1564 1786/1861/1556
f 1786/1707/1556 1794/1869/1564 1793/1866/1563 1776/1852/1546
f 1776/1852/1546 1793/1866/1563 1790/1709/1560 1771/1708/1541
f 1811/1715/1581 1735/1714/1505 1749/1826/1519 1823/1891/1593
f 1823/1891/1593 1749/1826/1519 1743/1830/1513 1824/1894/1594
f 1824/1803/1594 1743/1821/1513 1742/1687/1512 1814/1705/1584
f 1814/1705/1584 1742/1687/1512 1734/1704/1504 1809/1688/1579
f 1791/1671/1561 1829/1670/1599 1839/1902/1609 1799/1872/1569
f 1799/1872/1569 1839/1902/1609 1832/1905/1602 1800/1875/1570
f 1800/1662/1570 1832/1898/1602 1831/1664/1601 1806/1881/1576
f 1806/1881/1576 1831/1664/1601 1828/1719/1598 1792/1665/1562
f 1849/1716/1619 1811/1715/1581 1825/1893/1595 1861/1916/1631
f 1861/1916/1631 1825/1893/1595 1819/1889/1589 1862/1652/1632
f 1862/1652/1632 1819/1889/1589 1818/1886/1588 1852/1652/1622
f 1852/1652/1622 1818/1886/1588 1810/1654/1580 1847/1653/1617
f 1829/1670/1599 1867/1673/1637 1877/1929/1647 1837/1900/1607
f 1837/1900/1607 1877/1929/1647 1870/1659/1640 1838/1660/1608
f 1838/1660/1608 1870/1659/1640 1869/1922/1639 1844/1908/1614
f 1844/1908/1614 1869/1922/1639 1866/1661/1636 1830/1660/1600
f 1753/1717/1523 1849/1716/1619 1863/1918/1633 1761/1839/1531
f 1761/1839/1531 1863/1918/1633 1857/1921/1627 1762/1842/1532
f 1762/1712/1532 1857/1649/1627 1856/1771/1626 1768/1711/1538
f 1768/1711/1538 1856/1771/1626 1848/1713/1618 1754/1712/1524
f 1867/1673/1637 1773/1672/1543 1787/1860/1557 1875/1927/1645
f 1875/1927/1645 1787/1860/1557 1781/1864/1551 1876/1930/1646
f 1876/1791/1646 1781/1691/1551 1780/1691/1550 1882/1935/1652
f 1882/1935/1652 1780/1691/1550 1772/1722/1542 1868/1721/1638
f 1658/1710/1428 1848/1713/1618 1858/1914/1628 1666/1775/1436
f 1666/1775/1436 1858/1914/1628 1851/1773/1621 1667/1773/1437
f 1667/1773/1437 1851/1773/1621 1850/1910/1620 1673/2020/1443
f 1673/2020/1443 1850/1910/1620 1847/1653/1617 1659/1652/1429
f 1809/1688/1579 1697/1705/1467 1711/1802/1481 1812/1802/1582
f 1812/1802/1582 1711/1802/1481 1705/1794/1475 1813/1794/1583
f 1813/1794/1583 1705/1794/1475 1704/1797/1474 1820/1888/1590
f 1820/1888/1590 1704/1797/1474 1696/1651/1466 1810/1654/1580
f 1639/1706/1409 1790/1709/1560 1795/1868/1565 1647/1763/1417
f 1647/1763/1417 1795/1868/1565 1805/1760/1575 1648/1760/1418
f 1648/1760/1418 1805/1760/1575 1804/1768/1574 1654/1768/1424
f 1654/1768/1424 1804/1768/1574 1792/1665/1562 1640/1665/1410
f 1830/1660/1600 1716/1660/1486 1730/2021/1500 1842/1906/1612
f 1842/1906/1612 1730/2021/1500 1724/1808/1494 1843/1808/1613
f 1843/1808/1613 1724/1808/1494 1723/1810/1493 1833/1897/1603
f 1833/1897/1603 1723/1810/1493 1715/1718/1485 1828/1719/1598
f 1582/1727/1352 1752/1832/1522 1757/1835/1527 1590/1728/1360
f 1590/1728/1360 1757/1835/1527 1767/1731/1537 1591/1731/1361
f 1591/1725/1361 1767/1725/1537 1766/1847/1536 1597/1723/1367
f 1597/1723/1367 1766/1847/1536 1754/1712/1524 1583/1711/1353
f 1868/1721/1638 1678/1721/1448 1692/1780/1462 1880/1933/1650
f 1880/1933/1650 1692/1780/1462 1686/1783/1456 1881/1783/1651
f 1881/1783/1651 1686/1783/1456 1685/1786/1455 1871/1924/1641
f 1871/1924/1641 1685/1786/1455 1677/1659/1447 1866/1661/1636
f 1733/1815/1503 1621/2022/1391 1635/1816/1405 1736/1816/1506
f 1736/1816/1506 1635/1816/1405 1629/1751/1399 1737/1751/1507
f 1737/1751/1507 1629/1751/1399 1628/1753/1398 1744/1749/1514
f 1744/1749/1514 1628/1753/1398 1620/1704/1390 1734/1704/1504
f 1601/1720/1371 1772/1722/1542 1782/1855/1552 1609/1741/1379
f 1609/1741/1379 1782/1855/1552 1775/1739/1545 1610/1739/1380
f 1610/1747/1380 1775/1747/1545 1774/1850/1544 1616/2023/1386
f 1616/2023/1386 1774/1850/1544 1771/1708/1541 1602/1707/1372
f 1887/1677/1524 1905/1676/1542 1915/1957/1552 1899/1944/1536
f 1899/1944/1536 1915/1957/1552 1908/1959/1545 1900/1947/1537
f 1900/1679/1537 1908/1680/1545 1907/1680/1544 1890/1939/1527
f 1890/1939/1527 1907/1680/1544 1904/1680/1541 1885/1679/1522
f 1925/1701/1562 1943/1700/1504 1953/1976/1514 1937/1966/1574
f 1937/1966/1574 1953/1976/1514 1946/1695/1507 1938/1694/1575
f 1938/1694/1575 1946/1695/1507 1945/1695/1506 1928/1962/1565
f 1928/1962/1565 1945/1695/1506 1942/1695/1503 1923/1694/1560
f 1961/1688/1581 1944/1687/1505 1958/1978/1519 1964/1688/1593
f 1964/1688/1593 1958/1978/1519 1952/1821/1513 1965/1688/1594
f 1965/1688/1594 1952/1821/1513 1951/1974/1512 1972/1987/1584
f 1972/1987/1584 1951/1974/1512 1943/1700/1504 1962/1703/1579
f 1924/1665/1561 1980/1664/1599 1985/1804/1609 1932/1665/1569
f 1932/1665/1569 1985/1804/1609 1995/1898/1602 1933/1665/1570
f 1933/1665/1570 1995/1898/1602 1994/1995/1601 1939/1968/1576
f 1939/1968/1576 1994/1995/1601 1982/1702/1598 1925/1701/1562
f 1981/1684/1600 1963/1683/1580 1977/1683/1590 1989/1681/1612
f 1989/1681/1612 1977/1683/1590 1971/1683/1583 1990/1684/1613
f 1990/1684/1613 1971/1683/1583 1970/1985/1582 1996/1997/1603
f 1996/1997/1603 1970/1985/1582 1962/1703/1579 1982/1702/1598
f 2001/1675/1638 2019/1674/1618 2029/2016/1628 2013/2005/1650
f 2013/2005/1650 2029/2016/1628 2022/2011/1621 2014/2008/1651
f 2014/2008/1651 2022/2011/1621 2021/2009/1620 2004/1656/1641
f 2004/1656/1641 2021/2009/1620 2018/1658/1617 1999/1657/1636
f 1886/1650/1523 2020/1649/1619 2034/2019/1633 1894/1712/1531
f 1894/1712/1531 2034/2019/1633 2028/1649/1627 1895/1711/1532
f 1895/1711/1532 2028/1649/1627 2027/2014/1626 1901/1946/1538
f 1901/1946/1538 2027/2014/1626 2019/1674/1618 1887/1677/1524
f 2000/1692/1637 1906/1691/1543 1920/1720/1557 2008/2002/1645
f 2008/2002/1645 1920/1720/1557 1914/1691/1551 2009/1721/1646
f 2009/1721/1646 1914/1691/1551 1913/1955/1550 2015/2007/1652
f 2015/2007/1652 1913/1955/1550 1905/1676/1542 2001/1675/1638
f 1676/1689/1446 2000/1692/1637 2010/2004/1647 1679/1780/1449
f 1679/1780/1449 2010/2004/1647 2003/1783/1640 1680/1783/1450
f 1680/1783/1450 2003/1783/1640 2002/1998/1639 1687/2024/1457
f 1687/2024/1457 2002/1998/1639 1999/1657/1636 1677/1656/1447
f 2020/1649/1619 1657/1648/1427 1662/1770/1432 2032/1914/1631
f 2032/1914/1631 1662/1770/1432 1672/1773/1442 2033/1773/1632
f 2033/1773/1632 1672/1773/1442 1671/1777/1441 2023/1777/1622
f 2023/1777/1622 1671/1777/1441 1659/1655/1429 2018/1658/1617
f 1716/1681/1486 1981/1684/1600 1991/1812/1614 1728/1812/1498
f 1728/1812/1498 1991/1812/1614 1984/1808/1608 1729/1808/1499
f 1729/1808/1499 1984/1808/1608 1983/1897/1607 1719/1806/1489
f 1719/1806/1489 1983/1897/1607 1980/1664/1599 1714/1663/1484
f 1923/1694/1560 1639/1694/1409 1649/2025/1419 1926/1960/1563
f 1926/1960/1563 1649/2025/1419 1642/1760/1412 1927/1760/1564
f 1927/1760/1564 1642/1760/1412 1641/1758/1411 1934/1768/1571
f 1934/1768/1571 1641/1758/1411 1638/1662/1408 1924/1665/1561
f 1944/1687/1505 1619/1686/1389 1624/1749/1394 1956/1749/1517
f 1956/1749/1517 1624/1749/1394 1634/1751/1404 1957/1751/1518
f 1957/1751/1518 1634/1751/1404 1633/1755/1403 1947/1970/1508
f 1947/1970/1508 1633/1755/1403 1621/1693/1391 1942/1695/1503
f 1581/1647/1351 1886/1650/1523 1896/1723/1533 1584/1723/1354
f 1584/1723/1354 1896/1723/1533 1889/1725/1526 1585/1725/1355
f 1585/1731/1355 1889/1731/1526 1888/1937/1525 1592/1937/1362
f 1592/1937/1362 1888/1937/1525 1885/1679/1522 1582/1679/1352
f 1906/1691/1543 1600/1690/1370 1605/1736/1375 1918/1855/1555
f 1918/1855/1555 1605/1736/1375 1615/1739/1385 1919/1739/1556
f 1919/1747/1556 1615/1747/1385 1614/1744/1384 1909/1952/1546
f 1909/1952/1546 1614/1744/1384 1602/1678/1372 1904/1680/1541
f 1695/1685/1465 1961/1688/1581 1966/1981/1595 1698/1792/1468
f 1698/1792/1468 1966/1981/1595 1976/1794/1589 1699/1794/1469
f 1699/1794/1469 1976/1794/1589 1975/1989/1588 1706/2026/1476
f 1706/2026/1476 1975/1989/1588 1963/1683/1580 1696/1682/1466
f 1582/1727/1352 1621/2022/1391 1733/1815/1503 1752/1832/1522
o Grid
v 0.827892 0.798596 0.348713
v 0.827892 0.779519 0.348713
v 0.827892 0.760441 0.348713
v 0.827892 0.741364 0.348713
v 0.827892 0.722287 0.348713
v 0.827892 0.703210 0.348713
v 0.827892 0.684133 0.348713
v 0.827892 0.665056 0.348713
v 0.827892 0.645978 0.348713
v 0.827892 0.626901 0.348713
v 0.827892 0.607824 0.348713
v 0.827892 0.798596 0.329636
v 0.827892 0.779519 0.329636
v 0.827892 0.760441 0.329636
v 0.827892 0.741364 0.329636
v 0.827892 0.722287 0.329636
v 0.827892 0.703210 0.329636
v 0.827892 0.684133 0.329636
v 0.827892 0.665056 0.329636
v 0.827892 0.645978 0.329636
v 0.827892 0.626901 0.329636
v 0.827892 0.607824 0.329636
v 0.827892 0.798596 0.310559
v 0.827892 0.779519 0.310559
v 0.827892 0.760441 0.310559
v 0.827892 0.741364 0.310559
v 0.827892 0.722287 0.310559
v 0.827892 0.703210 0.310559
v 0.827892 0.684133 0.310559
v 0.827892 0.665056 0.310559
v 0.827892 0.645978 0.310559
v 0.827892 0.626901 0.310559
v 0.827892 0.607824 0.310559
v 0.827892 0.798596 0.291482
v 0.827892 0.779519 0.291482
v 0.827892 0.760441 0.291482
v 0.827892 0.741364 0.291482
v 0.827892 0.722287 0.291482
v 0.827892 0.703210 0.291482
v 0.827892 0.684133 0.291482
v 0.827892 0.665056 0.291482
v 0.827892 0.645978 0.291482
v 0.827892 0.626901 0.291482
v 0.827892 0.607824 0.291482
v 0.827892 0.798596 0.272405
v 0.827892 0.779519 0.272405
v 0.827892 0.760441 0.272405
v 0.827892 0.741364 0.272405
v 0.827892 0.722287 0.272405
v 0.827892 0.703210 0.272405
v 0.827892 0.684133 0.272405
v 0.827892 0.665056 0.272405
v 0.827892 0.645978 0.272405
v 0.827892 0.626901 0.272405
v 0.827892 0.607824 0.272405
v 0.827892 0.798596 0.253327
v 0.827892 0.779519 0.253327
v 0.827892 0.760441 0.253327
v 0.827892 0.741364 0.253327
v 0.827892 0.722287 0.253327
v 0.827892 0.703210 0.253327
v 0.827892 0.684133 0.253327
v 0.827892 0.665056 0.253327
v 0.827892 0.645978 0.253327
v 0.827892 0.626901 0.253327
v 0.827892 0.607824 0.253327
v 0.827892 0.798596 0.234250
v 0.827892 0.779519 0.234250
v 0.827892 0.760441 0.234250
v 0.827892 0.741364 0.234250
v 0.827892 0.722287 0.234250
v 0.827892 0.703210 0.234250
v 0.827892 0.684133 0.234250
v 0.827892 0.665056 0.234250
v 0.827892 0.645978 0.234250
v 0.827892 0.626901 0.234250
v 0.827892 0.607824 0.234250
v 0.827892 0.798596 0.215173
v 0.827892 0.779519 0.215173
v 0.827892 0.760441 0.215173
v 0.827892 0.741364 0.215173
v 0.827892 0.722287 0.215173
v 0.827892 0.703210 0.215173
v 0.827892 0.684133 0.215173
v 0.827892 0.665056 0.215173
v 0.827892 0.645978 0.215173
v 0.827892 0.626901 0.215173
v 0.827892 0.607824 0.215173
v 0.827892 0.798596 0.196096
v 0.827892 0.779519 0.196096
v 0.827892 0.760441 0.196096
v 0.827892 0.741364 0.196096
v 0.827892 0.722287 0.196096
v 0.827892 0.703210 0.196096
v 0.827892 0.684133 0.196096
v 0.827892 0.665056 0.196096
v 0.827892 0.645978 0.196096
v 0.827892 0.626901 0.196096
v 0.827892 0.607824 0.196096
v 0.827892 0.798596 0.177019
v 0.827892 0.779519 0.177019
v 0.827892 0.760441 0.177019
v 0.827892 0.741364 0.177019
v 0.827892 0.722287 0.177019
v 0.827892 0.703210 0.177019
v 0.827892 0.684133 0.177019
v 0.827892 0.665056 0.177019
v 0.827892 0.645978 0.177019
v 0.827892 0.626901 0.177019
v 0.827892 0.607824 0.177019
v 0.827892 0.798596 0.157942
v 0.827892 0.779519 0.157942
v 0.827892 0.760441 0.157942
v 0.827892 0.741364 0.157942
v 0.827892 0.722287 0.157942
v 0.827892 0.703210 0.157942
v 0.827892 0.684133 0.157942
v 0.827892 0.665056 0.157942
v 0.827892 0.645978 0.157942
v 0.827892 0.626901 0.157942
v 0.827892 0.607824 0.157942
vn 1.0000 -0.0000 -0.0000
vt 0.000000 0.000000
vt 0.100000 0.000000
vt 0.100000 0.100000
vt 0.000000 0.100000
vt 0.200000 0.000000
vt 0.200000 0.100000
vt 0.300000 0.000000
vt 0.300000 0.100000
vt 0.200000 0.100000
vt 0.400000 0.000000
vt 0.400000 0.100000
vt 0.500000 0.000000
vt 0.500000 0.100000
vt 0.600000 0.000000
vt 0.600000 0.100000
vt 0.700000 0.000000
vt 0.700000 0.100000
vt 0.800000 0.000000
vt 0.800000 0.100000
vt 0.900000 0.000000
vt 0.900000 0.100000
vt 1.000000 0.000000
vt 1.000000 0.100000
vt 0.100000 0.200000
vt 0.000000 0.200000
vt 0.200000 0.200000
vt 0.300000 0.200000
vt 0.200000 0.200000
vt 0.400000 0.200000
vt 0.500000 0.200000
vt 0.600000 0.200000
vt 0.700000 0.200000
vt 0.800000 0.200000
vt 0.900000 0.200000
vt 1.000000 0.200000
vt 0.000000 0.200000
vt 0.100000 0.200000
vt 0.100000 0.300000
vt 0.000000 0.300000
vt 0.200000 0.200000
vt 0.200000 0.300000
vt 0.300000 0.200000
vt 0.300000 0.300000
vt 0.200000 0.300000
vt 0.400000 0.200000
vt 0.400000 0.300000
vt 0.500000 0.200000
vt 0.500000 0.300000
vt 0.600000 0.200000
vt 0.600000 0.300000
vt 0.700000 0.200000
vt 0.700000 0.300000
vt 0.800000 0.200000
vt 0.800000 0.300000
vt 0.900000 0.200000
vt 0.900000 0.300000
vt 1.000000 0.200000
vt 1.000000 0.300000
vt 0.100000 0.400000
vt 0.000000 0.400000
vt 0.200000 0.400000
vt 0.300000 0.400000
vt 0.200000 0.400000
vt 0.400000 0.400000
vt 0.500000 0.400000
vt 0.600000 0.400000
vt 0.700000 0.400000
vt 0.800000 0.400000
vt 0.900000 0.400000
vt 1.000000 0.400000
vt 0.100000 0.500000
vt 0.000000 0.500000
vt 0.200000 0.500000
vt 0.300000 0.500000
vt 0.200000 0.500000
vt 0.400000 0.500000
vt 0.500000 0.500000
vt 0.600000 0.500000
vt 0.700000 0.500000
vt 0.800000 0.500000
vt 0.900000 0.500000
vt 1.000000 0.500000
vt 0.100000 0.600000
vt 0.000000 0.600000
vt 0.200000 0.600000
vt 0.300000 0.600000
vt 0.200000 0.600000
vt 0.400000 0.600000
vt 0.500000 0.600000
vt 0.600000 0.600000
vt 0.700000 0.600000
vt 0.800000 0.600000
vt 0.900000 0.600000
vt 1.000000 0.600000
vt 0.100000 0.700000
vt 0.000000 0.700000
vt 0.200000 0.700000
vt 0.300000 0.700000
vt 0.200000 0.700000
vt 0.400000 0.700000
vt 0.500000 0.700000
vt 0.600000 0.700000
vt 0.700000 0.700000
vt 0.800000 0.700000
vt 0.900000 0.700000
vt 1.000000 0.700000
vt 0.100000 0.800000
vt 0.000000 0.800000
vt 0.200000 0.800000
vt 0.300000 0.800000
vt 0.200000 0.800000
vt 0.400000 0.800000
vt 0.500000 0.800000
vt 0.600000 0.800000
vt 0.700000 0.800000
vt 0.800000 0.800000
vt 0.900000 0.800000
vt 1.000000 0.800000
vt 0.100000 0.900000
vt 0.000000 0.900000
vt 0.200000 0.900000
vt 0.300000 0.900000
vt 0.200000 0.900000
vt 0.400000 0.900000
vt 0.500000 0.900000
vt 0.600000 0.900000
vt 0.700000 0.900000
vt 0.800000 0.900000
vt 0.900000 0.900000
vt 1.000000 0.900000
vt 0.100000 1.000000
vt 0.000000 1.000000
vt 0.200000 1.000000
vt 0.300000 1.000000
vt 0.200000 1.000000
vt 0.400000 1.000000
vt 0.500000 1.000000
vt 0.600000 1.000000
vt 0.700000 1.000000
vt 0.800000 1.000000
vt 0.900000 1.000000
vt 1.000000 1.000000
s 0
usemtl Séu
f 2037/2027/1663 2038/2028/1663 2049/2029/1663 2048/2030/1663
f 2038/2028/1663 2039/2031/1663 2050/2032/1663 2049/2029/1663
f 2039/2031/1663 2040/2033/1663 2051/2034/1663 2050/2035/1663
f 2040/2033/1663 2041/2036/1663 2052/2037/1663 2051/2034/1663
f 2041/2036/1663 2042/2038/1663 2053/2039/1663 2052/2037/1663
f 2042/2038/1663 2043/2040/1663 2054/2041/1663 2053/2039/1663
f 2043/2040/1663 2044/2042/1663 2055/2043/1663 2054/2041/1663
f 2044/2042/1663 2045/2044/1663 2056/2045/1663 2055/2043/1663
f 2045/2044/1663 2046/2046/1663 2057/2047/1663 2056/2045/1663
f 2046/2046/1663 2047/2048/1663 2058/2049/1663 2057/2047/1663
f 2048/2030/1663 2049/2029/1663 2060/2050/1663 2059/2051/1663
f 2049/2029/1663 2050/2032/1663 2061/2052/1663 2060/2050/1663
f 2050/2032/1663 2051/2034/1663 2062/2053/1663 2061/2054/1663
f 2051/2034/1663 2052/2037/1663 2063/2055/1663 2062/2053/1663
f 2052/2037/1663 2053/2039/1663 2064/2056/1663 2063/2055/1663
f 2053/2039/1663 2054/2041/1663 2065/2057/1663 2064/2056/1663
f 2054/2041/1663 2055/2043/1663 2066/2058/1663 2065/2057/1663
f 2055/2043/1663 2056/2045/1663 2067/2059/1663 2066/2058/1663
f 2056/2045/1663 2057/2047/1663 2068/2060/1663 2067/2059/1663
f 2057/2047/1663 2058/2049/1663 2069/2061/1663 2068/2060/1663
f 2059/2062/1663 2060/2063/1663 2071/2064/1663 2070/2065/1663
f 2060/2063/1663 2061/2066/1663 2072/2067/1663 2071/2064/1663
f 2061/2066/1663 2062/2068/1663 2073/2069/1663 2072/2070/1663
f 2062/2068/1663 2063/2071/1663 2074/2072/1663 2073/2069/1663
f 2063/2071/1663 2064/2073/1663 2075/2074/1663 2074/2072/1663
f 2064/2073/1663 2065/2075/1663 2076/2076/1663 2075/2074/1663
f 2065/2075/1663 2066/2077/1663 2077/2078/1663 2076/2076/1663
f 2066/2077/1663 2067/2079/1663 2078/2080/1663 2077/2078/1663
f 2067/2079/1663 2068/2081/1663 2079/2082/1663 2078/2080/1663
f 2068/2081/1663 2069/2083/1663 2080/2084/1663 2079/2082/1663
f 2070/2065/1663 2071/2064/1663 2082/2085/1663 2081/2086/1663
f 2071/2064/1663 2072/2067/1663 2083/2087/1663 2082/2085/1663
f 2072/2067/1663 2073/2069/1663 2084/2088/1663 2083/2089/1663
f 2073/2069/1663 2074/2072/1663 2085/2090/1663 2084/2088/1663
f 2074/2072/1663 2075/2074/1663 2086/2091/1663 2085/2090/1663
f 2075/2074/1663 2076/2076/1663 2087/2092/1663 2086/2091/1663
f 2076/2076/1663 2077/2078/1663 2088/2093/1663 2087/2092/1663
f 2077/2078/1663 2078/2080/1663 2089/2094/1663 2088/2093/1663
f 2078/2080/1663 2079/2082/1663 2090/2095/1663 2089/2094/1663
f 2079/2082/1663 2080/2084/1663 2091/2096/1663 2090/2095/1663
f 2081/2086/1663 2082/2085/1663 2093/2097/1663 2092/2098/1663
f 2082/2085/1663 2083/2087/1663 2094/2099/1663 2093/2097/1663
f 2083/2087/1663 2084/2088/1663 2095/2100/1663 2094/2101/1663
f 2084/2088/1663 2085/2090/1663 2096/2102/1663 2095/2100/1663
f 2085/2090/1663 2086/2091/1663 2097/2103/1663 2096/2102/1663
f 2086/2091/1663 2087/2092/1663 2098/2104/1663 2097/2103/1663
f 2087/2092/1663 2088/2093/1663 2099/2105/1663 2098/2104/1663
f 2088/2093/1663 2089/2094/1663 2100/2106/1663 2099/2105/1663
f 2089/2094/1663 2090/2095/1663 2101/2107/1663 2100/2106/1663
f 2090/2095/1663 2091/2096/1663 2102/2108/1663 2101/2107/1663
f 2092/2098/1663 2093/2097/1663 2104/2109/1663 2103/2110/1663
f 2093/2097/1663 2094/2099/1663 2105/2111/1663 2104/2109/1663
f 2094/2099/1663 2095/2100/1663 2106/2112/1663 2105/2113/1663
f 2095/2100/1663 2096/2102/1663 2107/2114/1663 2106/2112/1663
f 2096/2102/1663 2097/2103/1663 2108/2115/1663 2107/2114/1663
f 2097/2103/1663 2098/2104/1663 2109/2116/1663 2108/2115/1663
f 2098/2104/1663 2099/2105/1663 2110/2117/1663 2109/2116/1663
f 2099/2105/1663 2100/2106/1663 2111/2118/1663 2110/2117/1663
f 2100/2106/1663 2101/2107/1663 2112/2119/1663 2111/2118/1663
f 2101/2107/1663 2102/2108/1663 2113/2120/1663 2112/2119/1663
f 2103/2110/1663 2104/2109/1663 2115/2121/1663 2114/2122/1663
f 2104/2109/1663 2105/2111/1663 2116/2123/1663 2115/2121/1663
f 2105/2111/1663 2106/2112/1663 2117/2124/1663 2116/2125/1663
f 2106/2112/1663 2107/2114/1663 2118/2126/1663 2117/2124/1663
f 2107/2114/1663 2108/2115/1663 2119/2127/1663 2118/2126/1663
f 2108/2115/1663 2109/2116/1663 2120/2128/1663 2119/2127/1663
f 2109/2116/1663 2110/2117/1663 2121/2129/1663 2120/2128/1663
f 2110/2117/1663 2111/2118/1663 2122/2130/1663 2121/2129/1663
f 2111/2118/1663 2112/2119/1663 2123/2131/1663 2122/2130/1663
f 2112/2119/1663 2113/2120/1663 2124/2132/1663 2123/2131/1663
f 2114/2122/1663 2115/2121/1663 2126/2133/1663 2125/2134/1663
f 2115/2121/1663 2116/2123/1663 2127/2135/1663 2126/2133/1663
f 2116/2123/1663 2117/2124/1663 2128/2136/1663 2127/2137/1663
f 2117/2124/1663 2118/2126/1663 2129/2138/1663 2128/2136/1663
f 2118/2126/1663 2119/2127/1663 2130/2139/1663 2129/2138/1663
f 2119/2127/1663 2120/2128/1663 2131/2140/1663 2130/2139/1663
f 2120/2128/1663 2121/2129/1663 2132/2141/1663 2131/2140/1663
f 2121/2129/1663 2122/2130/1663 2133/2142/1663 2132/2141/1663
f 2122/2130/1663 2123/2131/1663 2134/2143/1663 2133/2142/1663
f 2123/2131/1663 2124/2132/1663 2135/2144/1663 2134/2143/1663
f 2125/2134/1663 2126/2133/1663 2137/2145/1663 2136/2146/1663
f 2126/2133/1663 2127/2135/1663 2138/2147/1663 2137/2145/1663
f 2127/2135/1663 2128/2136/1663 2139/2148/1663 2138/2149/1663
f 2128/2136/1663 2129/2138/1663 2140/2150/1663 2139/2148/1663
f 2129/2138/1663 2130/2139/1663 2141/2151/1663 2140/2150/1663
f 2130/2139/1663 2131/2140/1663 2142/2152/1663 2141/2151/1663
f 2131/2140/1663 2132/2141/1663 2143/2153/1663 2142/2152/1663
f 2132/2141/1663 2133/2142/1663 2144/2154/1663 2143/2153/1663
f 2133/2142/1663 2134/2143/1663 2145/2155/1663 2144/2154/1663
f 2134/2143/1663 2135/2144/1663 2146/2156/1663 2145/2155/1663
f 2136/2146/1663 2137/2145/1663 2148/2157/1663 2147/2158/1663
f 2137/2145/1663 2138/2147/1663 2149/2159/1663 2148/2157/1663
f 2138/2147/1663 2139/2148/1663 2150/2160/1663 2149/2161/1663
f 2139/2148/1663 2140/2150/1663 2151/2162/1663 2150/2160/1663
f 2140/2150/1663 2141/2151/1663 2152/2163/1663 2151/2162/1663
f 2141/2151/1663 2142/2152/1663 2153/2164/1663 2152/2163/1663
f 2142/2152/1663 2143/2153/1663 2154/2165/1663 2153/2164/1663
f 2143/2153/1663 2144/2154/1663 2155/2166/1663 2154/2165/1663
f 2144/2154/1663 2145/2155/1663 2156/2167/1663 2155/2166/1663
f 2145/2155/1663 2146/2156/1663 2157/2168/1663 2156/2167/1663
o Torus.010
v 0.821958 0.559653 0.251943
v 0.829508 0.560849 0.251943
v 0.836318 0.564319 0.251943
v 0.841723 0.569724 0.251943
v 0.845193 0.576534 0.251943
v 0.846389 0.584084 0.251943
v 0.845193 0.591633 0.251943
v 0.841723 0.598444 0.251943
v 0.836318 0.603849 0.251943
v 0.829508 0.607319 0.251943
v 0.821958 0.608515 0.251943
v 0.814409 0.607319 0.251943
v 0.807598 0.603849 0.251943
v 0.802193 0.598444 0.251943
v 0.798723 0.591633 0.251943
v 0.797527 0.584084 0.251943
v 0.798723 0.576534 0.251943
v 0.802193 0.569724 0.251943
v 0.807598 0.564319 0.251943
v 0.814409 0.560849 0.251943
v 0.821958 0.566775 0.206974
v 0.829508 0.567913 0.207343
v 0.836318 0.571213 0.208416
v 0.841723 0.576353 0.210086
v 0.845193 0.582831 0.212190
v 0.846389 0.590011 0.214523
v 0.845193 0.597191 0.216856
v 0.841723 0.603668 0.218961
v 0.836318 0.608808 0.220631
v 0.829508 0.612109 0.221703
v 0.821958 0.613246 0.222073
v 0.814409 0.612109 0.221703
v 0.807598 0.608808 0.220631
v 0.802193 0.603668 0.218961
v 0.798723 0.597191 0.216856
v 0.797527 0.590011 0.214523
v 0.798723 0.582831 0.212190
v 0.802193 0.576353 0.210086
v 0.807598 0.571213 0.208416
v 0.814409 0.567913 0.207343
v 0.821958 0.587445 0.166407
v 0.829508 0.588413 0.167109
v 0.836318 0.591220 0.169149
v 0.841723 0.595593 0.172326
v 0.845193 0.601103 0.176329
v 0.846389 0.607211 0.180767
v 0.845193 0.613318 0.185204
v 0.841723 0.618828 0.189207
v 0.836318 0.623201 0.192384
v 0.829508 0.626008 0.194424
v 0.821958 0.626976 0.195127
v 0.814409 0.626008 0.194424
v 0.807598 0.623201 0.192384
v 0.802193 0.618828 0.189207
v 0.798723 0.613318 0.185204
v 0.797527 0.607211 0.180767
v 0.798723 0.601103 0.176329
v 0.802193 0.595593 0.172326
v 0.807598 0.591220 0.169149
v 0.814409 0.588413 0.167109
v 0.821958 0.619640 0.134212
v 0.829508 0.620343 0.135180
v 0.836318 0.622382 0.137987
v 0.841723 0.625559 0.142360
v 0.845193 0.629562 0.147869
v 0.846389 0.634000 0.153977
v 0.845193 0.638438 0.160085
v 0.841723 0.642441 0.165595
v 0.836318 0.645618 0.169967
v 0.829508 0.647657 0.172775
v 0.821958 0.648360 0.173742
v 0.814409 0.647657 0.172775
v 0.807598 0.645618 0.169967
v 0.802193 0.642441 0.165595
v 0.798723 0.638437 0.160085
v 0.797527 0.634000 0.153977
v 0.798723 0.629562 0.147869
v 0.802193 0.625559 0.142360
v 0.807598 0.622382 0.137987
v 0.814409 0.620343 0.135180
v 0.821958 0.660207 0.113542
v 0.829508 0.660577 0.114679
v 0.836318 0.661649 0.117980
v 0.841723 0.663319 0.123120
v 0.845193 0.665424 0.129597
v 0.846389 0.667757 0.136777
v 0.845193 0.670090 0.143957
v 0.841723 0.672194 0.150435
v 0.836318 0.673864 0.155575
v 0.829508 0.674937 0.158875
v 0.821958 0.675306 0.160012
v 0.814409 0.674937 0.158875
v 0.807598 0.673864 0.155575
v 0.802193 0.672194 0.150435
v 0.798723 0.670090 0.143957
v 0.797527 0.667757 0.136777
v 0.798723 0.665424 0.129597
v 0.802193 0.663319 0.123120
v 0.807598 0.661649 0.117980
v 0.814409 0.660577 0.114679
v 0.821958 0.705176 0.106420
v 0.829508 0.705176 0.107616
v 0.836318 0.705176 0.111086
v 0.841723 0.705176 0.116491
v 0.845193 0.705176 0.123301
v 0.846389 0.705176 0.130851
v 0.845193 0.705176 0.138400
v 0.841723 0.705176 0.145211
v 0.836318 0.705176 0.150616
v 0.829508 0.705176 0.154086
v 0.821958 0.705176 0.155282
v 0.814409 0.705176 0.154086
v 0.807598 0.705176 0.150616
v 0.802193 0.705176 0.145211
v 0.798723 0.705176 0.138400
v 0.797527 0.705176 0.130851
v 0.798723 0.705176 0.123301
v 0.802193 0.705176 0.116491
v 0.807598 0.705176 0.111086
v 0.814409 0.705176 0.107616
v 0.821958 0.750145 0.113542
v 0.829508 0.749776 0.114679
v 0.836318 0.748703 0.117980
v 0.841723 0.747033 0.123120
v 0.845193 0.744929 0.129597
v 0.846389 0.742596 0.136777
v 0.845193 0.740263 0.143957
v 0.841723 0.738158 0.150435
v 0.836318 0.736488 0.155575
v 0.829508 0.735416 0.158875
v 0.821958 0.735046 0.160012
v 0.814409 0.735416 0.158875
v 0.807598 0.736488 0.155575
v 0.802193 0.738158 0.150435
v 0.798723 0.740263 0.143957
v 0.797527 0.742596 0.136777
v 0.798723 0.744929 0.129597
v 0.802193 0.747033 0.123120
v 0.807598 0.748703 0.117980
v 0.814409 0.749776 0.114679
v 0.821958 0.790713 0.134212
v 0.829508 0.790010 0.135180
v 0.836318 0.787970 0.137987
v 0.841723 0.784793 0.142360
v 0.845193 0.780790 0.147869
v 0.846389 0.776352 0.153977
v 0.845193 0.771915 0.160085
v 0.841723 0.767912 0.165595
v 0.836318 0.764735 0.169967
v 0.829508 0.762695 0.172775
v 0.821958 0.761992 0.173742
v 0.814409 0.762695 0.172775
v 0.807598 0.764735 0.169967
v 0.802193 0.767912 0.165595
v 0.798723 0.771915 0.160085
v 0.797527 0.776352 0.153977
v 0.798723 0.780790 0.147869
v 0.802193 0.784793 0.142360
v 0.807598 0.787970 0.137987
v 0.814409 0.790010 0.135180
v 0.821958 0.822907 0.166407
v 0.829508 0.821939 0.167109
v 0.836318 0.819132 0.169149
v 0.841723 0.814759 0.172326
v 0.845193 0.809250 0.176329
v 0.846389 0.803142 0.180767
v 0.845193 0.797034 0.185204
v 0.841723 0.791524 0.189207
v 0.836318 0.787152 0.192384
v 0.829508 0.784344 0.194424
v 0.821958 0.783377 0.195127
v 0.814409 0.784344 0.194424
v 0.807598 0.787152 0.192384
v 0.802193 0.791524 0.189207
v 0.798723 0.797034 0.185204
v 0.797527 0.803142 0.180767
v 0.798723 0.809250 0.176329
v 0.802193 0.814759 0.172326
v 0.807598 0.819132 0.169149
v 0.814409 0.821939 0.167109
v 0.821958 0.843577 0.206974
v 0.829508 0.842440 0.207343
v 0.836318 0.839139 0.208416
v 0.841723 0.833999 0.210086
v 0.845193 0.827522 0.212190
v 0.846389 0.820342 0.214523
v 0.845193 0.813162 0.216856
v 0.841723 0.806684 0.218961
v 0.836318 0.801544 0.220631
v 0.829508 0.798244 0.221703
v 0.821958 0.797107 0.222073
v 0.814409 0.798244 0.221703
v 0.807598 0.801544 0.220631
v 0.802193 0.806684 0.218961
v 0.798723 0.813162 0.216856
v 0.797527 0.820342 0.214523
v 0.798723 0.827522 0.212190
v 0.802193 0.833999 0.210086
v 0.807598 0.839139 0.208416
v 0.814409 0.842440 0.207343
v 0.821958 0.850699 0.251943
v 0.829508 0.849504 0.251943
v 0.836318 0.846033 0.251943
v 0.841723 0.840629 0.251943
v 0.845193 0.833818 0.251943
v 0.846389 0.826268 0.251943
v 0.845193 0.818719 0.251943
v 0.841723 0.811908 0.251943
v 0.836318 0.806503 0.251943
v 0.829508 0.803033 0.251943
v 0.821958 0.801838 0.251943
v 0.814409 0.803033 0.251943
v 0.807598 0.806503 0.251943
v 0.802193 0.811908 0.251943
v 0.798723 0.818719 0.251943
v 0.797527 0.826268 0.251943
v 0.798723 0.833818 0.251943
v 0.802193 0.840629 0.251943
v 0.807598 0.846033 0.251943
v 0.814409 0.849504 0.251943
v 0.821958 0.843577 0.296912
v 0.829508 0.842440 0.296542
v 0.836318 0.839139 0.295470
v 0.841723 0.833999 0.293800
v 0.845193 0.827522 0.291695
v 0.846389 0.820342 0.289362
v 0.845193 0.813162 0.287029
v 0.841723 0.806684 0.284925
v 0.836318 0.801544 0.283255
v 0.829508 0.798244 0.282182
v 0.821958 0.797107 0.281813
v 0.814409 0.798244 0.282182
v 0.807598 0.801544 0.283255
v 0.802193 0.806684 0.284925
v 0.798723 0.813162 0.287029
v 0.797527 0.820342 0.289362
v 0.798723 0.827522 0.291695
v 0.802193 0.833999 0.293800
v 0.807598 0.839139 0.295470
v 0.814409 0.842440 0.296542
v 0.821958 0.822907 0.337479
v 0.829508 0.821939 0.336776
v 0.836318 0.819132 0.334737
v 0.841723 0.814759 0.331560
v 0.845193 0.809250 0.327557
v 0.846389 0.803142 0.323119
v 0.845193 0.797034 0.318682
v 0.841723 0.791524 0.314678
v 0.836318 0.787152 0.311502
v 0.829508 0.784344 0.309462
v 0.821958 0.783377 0.308759
v 0.814409 0.784344 0.309462
v 0.807598 0.787152 0.311502
v 0.802193 0.791524 0.314678
v 0.798723 0.797034 0.318682
v 0.797527 0.803142 0.323119
v 0.798723 0.809250 0.327557
v 0.802193 0.814759 0.331560
v 0.807598 0.819132 0.334737
v 0.814409 0.821939 0.336776
v 0.821958 0.790713 0.369674
v 0.829508 0.790010 0.368706
v 0.836318 0.787970 0.365899
v 0.841723 0.784793 0.361526
v 0.845193 0.780790 0.356016
v 0.846389 0.776352 0.349909
v 0.845193 0.771915 0.343801
v 0.841723 0.767912 0.338291
v 0.836318 0.764735 0.333918
v 0.829508 0.762695 0.331111
v 0.821958 0.761992 0.330144
v 0.814409 0.762695 0.331111
v 0.807598 0.764735 0.333918
v 0.802193 0.767912 0.338291
v 0.798723 0.771915 0.343801
v 0.797527 0.776352 0.349909
v 0.798723 0.780790 0.356016
v 0.802193 0.784793 0.361526
v 0.807598 0.787970 0.365899
v 0.814409 0.790010 0.368706
v 0.821958 0.750145 0.390344
v 0.829508 0.749776 0.389206
v 0.836318 0.748703 0.385906
v 0.841723 0.747033 0.380766
v 0.845193 0.744929 0.374288
v 0.846389 0.742596 0.367108
v 0.845193 0.740263 0.359928
v 0.841723 0.738158 0.353451
v 0.836318 0.736488 0.348311
v 0.829508 0.735416 0.345010
v 0.821958 0.735046 0.343873
v 0.814409 0.735416 0.345010
v 0.807598 0.736488 0.348311
v 0.802193 0.738158 0.353451
v 0.798723 0.740263 0.359928
v 0.797527 0.742596 0.367108
v 0.798723 0.744929 0.374288
v 0.802193 0.747033 0.380766
v 0.807598 0.748703 0.385906
v 0.814409 0.749776 0.389206
v 0.821958 0.705176 0.397466
v 0.829508 0.705176 0.396270
v 0.836318 0.705176 0.392800
v 0.841723 0.705176 0.387395
v 0.845193 0.705176 0.380585
v 0.846389 0.705176 0.373035
v 0.845193 0.705176 0.365486
v 0.841723 0.705176 0.358675
v 0.836318 0.705176 0.353270
v 0.829508 0.705176 0.349800
v 0.821958 0.705176 0.348604
v 0.814409 0.705176 0.349800
v 0.807598 0.705176 0.353270
v 0.802193 0.705176 0.358675
v 0.798723 0.705176 0.365486
v 0.797527 0.705176 0.373035
v 0.798723 0.705176 0.380585
v 0.802193 0.705176 0.387395
v 0.807598 0.705176 0.392800
v 0.814409 0.705176 0.396270
v 0.821958 0.660207 0.390344
v 0.829508 0.660577 0.389206
v 0.836318 0.661649 0.385906
v 0.841723 0.663319 0.380766
v 0.845193 0.665424 0.374288
v 0.846389 0.667757 0.367108
v 0.845193 0.670090 0.359928
v 0.841723 0.672194 0.353451
v 0.836318 0.673864 0.348311
v 0.829508 0.674937 0.345010
v 0.821958 0.675306 0.343873
v 0.814409 0.674937 0.345010
v 0.807598 0.673864 0.348311
v 0.802193 0.672194 0.353451
v 0.798723 0.670090 0.359928
v 0.797527 0.667757 0.367108
v 0.798723 0.665424 0.374288
v 0.802193 0.663319 0.380766
v 0.807598 0.661649 0.385906
v 0.814409 0.660577 0.389206
v 0.821958 0.619640 0.369674
v 0.829508 0.620343 0.368706
v 0.836318 0.622382 0.365899
v 0.841723 0.625559 0.361526
v 0.845193 0.629562 0.356016
v 0.846389 0.634000 0.349909
v 0.845193 0.638438 0.343801
v 0.841723 0.642441 0.338291
v 0.836318 0.645618 0.333918
v 0.829508 0.647657 0.331111
v 0.821958 0.648360 0.330144
v 0.814409 0.647657 0.331111
v 0.807598 0.645618 0.333918
v 0.802193 0.642441 0.338291
v 0.798723 0.638438 0.343801
v 0.797527 0.634000 0.349909
v 0.798723 0.629562 0.356016
v 0.802193 0.625559 0.361526
v 0.807598 0.622382 0.365899
v 0.814409 0.620343 0.368706
v 0.821958 0.587446 0.337479
v 0.829508 0.588413 0.336776
v 0.836318 0.591220 0.334737
v 0.841723 0.595593 0.331560
v 0.845193 0.601103 0.327557
v 0.846389 0.607211 0.323119
v 0.845193 0.613318 0.318682
v 0.841723 0.618828 0.314678
v 0.836318 0.623201 0.311502
v 0.829508 0.626008 0.309462
v 0.821958 0.626976 0.308759
v 0.814409 0.626008 0.309462
v 0.807598 0.623201 0.311502
v 0.802193 0.618828 0.314678
v 0.798723 0.613318 0.318682
v 0.797527 0.607211 0.323119
v 0.798723 0.601103 0.327557
v 0.802193 0.595593 0.331560
v 0.807598 0.591220 0.334737
v 0.814409 0.588413 0.336776
v 0.821958 0.566776 0.296912
v 0.829508 0.567913 0.296543
v 0.836318 0.571213 0.295470
v 0.841723 0.576353 0.293800
v 0.845193 0.582831 0.291695
v 0.846389 0.590011 0.289362
v 0.845193 0.597191 0.287030
v 0.841723 0.603668 0.284925
v 0.836318 0.608808 0.283255
v 0.829508 0.612109 0.282182
v 0.821958 0.613246 0.281813
v 0.814409 0.612109 0.282182
v 0.807598 0.608808 0.283255
v 0.802193 0.603668 0.284925
v 0.798723 0.597191 0.287030
v 0.797527 0.590011 0.289362
v 0.798723 0.582831 0.291695
v 0.802193 0.576353 0.293800
v 0.807598 0.571213 0.295470
v 0.814409 0.567913 0.296543
vn -0.0000 -1.0000 -0.0000
vn 0.3045 -0.9525 -0.0000
vn 0.5805 -0.8143 -0.0000
vn 0.8016 -0.5978 -0.0000
vn 0.9464 -0.3230 -0.0000
vn 0.9999 -0.0156 -0.0000
vn 0.9556 0.2947 -0.0000
vn 0.8165 0.5774 -0.0000
vn 0.5953 0.8035 -0.0000
vn 0.3137 0.9495 -0.0000
vn -0.0000 1.0000 -0.0000
vn -0.3137 0.9495 -0.0000
vn -0.5953 0.8035 -0.0000
vn -0.8165 0.5774 -0.0000
vn -0.9556 0.2947 -0.0000
vn -0.9999 -0.0156 -0.0000
vn -0.9464 -0.3230 -0.0000
vn -0.8016 -0.5978 -0.0000
vn -0.5805 -0.8143 -0.0000
vn -0.3045 -0.9525 -0.0000
vn -0.0000 -0.9511 -0.3090
vn 0.3045 -0.9059 -0.2943
vn 0.5805 -0.7744 -0.2516
vn 0.8016 -0.5686 -0.1847
vn 0.9464 -0.3072 -0.0998
vn 0.9999 -0.0149 -0.0048
vn 0.9556 0.2803 0.0911
vn 0.8165 0.5491 0.1784
vn 0.5953 0.7642 0.2483
vn 0.3137 0.9031 0.2934
vn -0.0000 0.9511 0.3090
vn -0.3137 0.9031 0.2934
vn -0.5953 0.7642 0.2483
vn -0.8165 0.5491 0.1784
vn -0.9556 0.2803 0.0911
vn -0.9999 -0.0149 -0.0048
vn -0.9464 -0.3072 -0.0998
vn -0.8016 -0.5686 -0.1847
vn -0.5805 -0.7744 -0.2516
vn -0.3045 -0.9059 -0.2943
vn -0.0000 -0.8090 -0.5878
vn 0.3045 -0.7706 -0.5599
vn 0.5805 -0.6588 -0.4786
vn 0.8016 -0.4836 -0.3514
vn 0.9464 -0.2613 -0.1899
vn 0.9999 -0.0127 -0.0092
vn 0.9556 0.2385 0.1732
vn 0.8165 0.4671 0.3394
vn 0.5953 0.6500 0.4723
vn 0.3137 0.7682 0.5581
vn -0.0000 0.8090 0.5878
vn -0.3137 0.7682 0.5581
vn -0.5953 0.6500 0.4723
vn -0.8165 0.4671 0.3394
vn -0.9556 0.2385 0.1732
vn -0.9999 -0.0127 -0.0092
vn -0.9464 -0.2613 -0.1899
vn -0.8016 -0.4836 -0.3514
vn -0.5805 -0.6588 -0.4786
vn -0.3045 -0.7706 -0.5599
vn -0.0000 -0.5878 -0.8090
vn 0.3045 -0.5599 -0.7706
vn 0.5805 -0.4786 -0.6588
vn 0.8016 -0.3514 -0.4836
vn 0.9464 -0.1899 -0.2613
vn 0.9999 -0.0092 -0.0127
vn 0.9556 0.1732 0.2385
vn 0.8165 0.3394 0.4671
vn 0.5953 0.4723 0.6500
vn 0.3137 0.5581 0.7682
vn -0.0000 0.5878 0.8090
vn -0.3137 0.5581 0.7682
vn -0.5953 0.4723 0.6500
vn -0.8165 0.3394 0.4671
vn -0.9556 0.1732 0.2385
vn -0.9999 -0.0092 -0.0127
vn -0.9464 -0.1899 -0.2613
vn -0.8016 -0.3514 -0.4836
vn -0.5805 -0.4786 -0.6588
vn -0.3045 -0.5599 -0.7706
vn -0.0000 -0.3090 -0.9511
vn 0.3045 -0.2943 -0.9059
vn 0.5805 -0.2516 -0.7744
vn 0.8016 -0.1847 -0.5686
vn 0.9464 -0.0998 -0.3072
vn 0.9999 -0.0048 -0.0149
vn 0.9556 0.0911 0.2803
vn 0.8165 0.1784 0.5491
vn 0.5953 0.2483 0.7642
vn 0.3137 0.2934 0.9031
vn -0.0000 0.3090 0.9511
vn -0.3137 0.2934 0.9031
vn -0.5953 0.2483 0.7642
vn -0.8165 0.1784 0.5491
vn -0.9556 0.0911 0.2803
vn -0.9999 -0.0048 -0.0149
vn -0.9464 -0.0998 -0.3072
vn -0.8016 -0.1847 -0.5686
vn -0.5805 -0.2516 -0.7744
vn -0.3045 -0.2943 -0.9059
vn -0.0000 -0.0000 -1.0000
vn 0.3045 -0.0000 -0.9525
vn 0.5805 -0.0000 -0.8143
vn 0.8016 -0.0000 -0.5978
vn 0.9464 -0.0000 -0.3230
vn 0.9999 -0.0000 -0.0156
vn 0.9556 -0.0000 0.2947
vn 0.8165 -0.0000 0.5774
vn 0.5953 -0.0000 0.8035
vn 0.3137 -0.0000 0.9495
vn -0.0000 -0.0000 1.0000
vn -0.3137 -0.0000 0.9495
vn -0.5953 -0.0000 0.8035
vn -0.8165 -0.0000 0.5774
vn -0.9556 -0.0000 0.2947
vn -0.9999 -0.0000 -0.0156
vn -0.9464 -0.0000 -0.3230
vn -0.8016 -0.0000 -0.5978
vn -0.5805 -0.0000 -0.8143
vn -0.3045 -0.0000 -0.9525
vn -0.0000 0.3090 -0.9511
vn 0.3045 0.2943 -0.9059
vn 0.5805 0.2516 -0.7744
vn 0.8016 0.1847 -0.5686
vn 0.9464 0.0998 -0.3072
vn 0.9999 0.0048 -0.0149
vn 0.9556 -0.0911 0.2803
vn 0.8165 -0.1784 0.5491
vn 0.5953 -0.2483 0.7642
vn 0.3137 -0.2934 0.9031
vn -0.0000 -0.3090 0.9511
vn -0.3137 -0.2934 0.9031
vn -0.5953 -0.2483 0.7642
vn -0.8165 -0.1784 0.5491
vn -0.9556 -0.0911 0.2803
vn -0.9999 0.0048 -0.0149
vn -0.9464 0.0998 -0.3072
vn -0.8016 0.1847 -0.5686
vn -0.5805 0.2516 -0.7744
vn -0.3045 0.2943 -0.9059
vn -0.0000 0.5878 -0.8090
vn 0.3045 0.5599 -0.7706
vn 0.5805 0.4786 -0.6588
vn 0.8016 0.3514 -0.4836
vn 0.9464 0.1899 -0.2613
vn 0.9999 0.0092 -0.0127
vn 0.9556 -0.1732 0.2385
vn 0.8165 -0.3394 0.4671
vn 0.5953 -0.4723 0.6500
vn 0.3137 -0.5581 0.7682
vn -0.0000 -0.5878 0.8090
vn -0.3137 -0.5581 0.7682
vn -0.5953 -0.4723 0.6500
vn -0.8165 -0.3394 0.4671
vn -0.9556 -0.1732 0.2385
vn -0.9999 0.0092 -0.0127
vn -0.9464 0.1899 -0.2613
vn -0.8016 0.3514 -0.4836
vn -0.5805 0.4786 -0.6588
vn -0.3045 0.5599 -0.7706
vn -0.0000 0.8090 -0.5878
vn 0.3045 0.7706 -0.5599
vn 0.5805 0.6588 -0.4786
vn 0.8016 0.4836 -0.3514
vn 0.9464 0.2613 -0.1899
vn 0.9999 0.0127 -0.0092
vn 0.9556 -0.2385 0.1732
vn 0.8165 -0.4671 0.3394
vn 0.5953 -0.6500 0.4723
vn 0.3137 -0.7682 0.5581
vn -0.0000 -0.8090 0.5878
vn -0.3137 -0.7682 0.5581
vn -0.5953 -0.6500 0.4723
vn -0.8165 -0.4671 0.3394
vn -0.9556 -0.2385 0.1732
vn -0.9999 0.0127 -0.0092
vn -0.9464 0.2613 -0.1899
vn -0.8016 0.4836 -0.3514
vn -0.5805 0.6588 -0.4786
vn -0.3045 0.7706 -0.5599
vn -0.0000 0.9511 -0.3090
vn 0.3045 0.9059 -0.2943
vn 0.5805 0.7744 -0.2516
vn 0.8016 0.5686 -0.1847
vn 0.9464 0.3072 -0.0998
vn 0.9999 0.0149 -0.0048
vn 0.9556 -0.2803 0.0911
vn 0.8165 -0.5491 0.1784
vn 0.5953 -0.7642 0.2483
vn 0.3137 -0.9031 0.2934
vn -0.0000 -0.9511 0.3090
vn -0.3137 -0.9031 0.2934
vn -0.5953 -0.7642 0.2483
vn -0.8165 -0.5491 0.1784
vn -0.9556 -0.2803 0.0911
vn -0.9999 0.0149 -0.0048
vn -0.9464 0.3072 -0.0998
vn -0.8016 0.5686 -0.1847
vn -0.5805 0.7744 -0.2516
vn -0.3045 0.9059 -0.2943
vn 0.3045 0.9525 -0.0000
vn 0.5805 0.8143 -0.0000
vn 0.8016 0.5978 -0.0000
vn 0.9464 0.3230 -0.0000
vn 0.9999 0.0156 -0.0000
vn 0.9556 -0.2947 -0.0000
vn 0.8165 -0.5774 -0.0000
vn 0.5953 -0.8035 -0.0000
vn 0.3137 -0.9495 -0.0000
vn -0.3137 -0.9495 -0.0000
vn -0.5953 -0.8035 -0.0000
vn -0.8165 -0.5774 -0.0000
vn -0.9556 -0.2947 -0.0000
vn -0.9999 0.0156 -0.0000
vn -0.9464 0.3230 -0.0000
vn -0.8016 0.5978 -0.0000
vn -0.5805 0.8143 -0.0000
vn -0.3045 0.9525 -0.0000
vn 0.3045 0.9059 0.2943
vn 0.5805 0.7744 0.2516
vn 0.8016 0.5686 0.1847
vn 0.9464 0.3072 0.0998
vn 0.9999 0.0149 0.0048
vn 0.9556 -0.2803 -0.0911
vn 0.8165 -0.5491 -0.1784
vn 0.5953 -0.7642 -0.2483
vn 0.3137 -0.9031 -0.2934
vn -0.3137 -0.9031 -0.2934
vn -0.5953 -0.7642 -0.2483
vn -0.8165 -0.5491 -0.1784
vn -0.9556 -0.2803 -0.0911
vn -0.9999 0.0149 0.0048
vn -0.9464 0.3072 0.0998
vn -0.8016 0.5686 0.1847
vn -0.5805 0.7744 0.2516
vn -0.3045 0.9059 0.2943
vn 0.3045 0.7706 0.5599
vn 0.5805 0.6588 0.4786
vn 0.8016 0.4836 0.3514
vn 0.9464 0.2613 0.1899
vn 0.9999 0.0127 0.0092
vn 0.9556 -0.2385 -0.1732
vn 0.8165 -0.4671 -0.3394
vn 0.5953 -0.6500 -0.4723
vn 0.3137 -0.7682 -0.5581
vn -0.3137 -0.7682 -0.5581
vn -0.5953 -0.6500 -0.4723
vn -0.8165 -0.4671 -0.3394
vn -0.9556 -0.2385 -0.1732
vn -0.9999 0.0127 0.0092
vn -0.9464 0.2613 0.1899
vn -0.8016 0.4836 0.3514
vn -0.5805 0.6588 0.4786
vn -0.3045 0.7706 0.5599
vn 0.3045 0.5599 0.7706
vn 0.5805 0.4786 0.6588
vn 0.8016 0.3514 0.4836
vn 0.9464 0.1899 0.2613
vn 0.9999 0.0092 0.0127
vn 0.9556 -0.1732 -0.2385
vn 0.8165 -0.3394 -0.4671
vn 0.5953 -0.4723 -0.6500
vn 0.3137 -0.5581 -0.7682
vn -0.3137 -0.5581 -0.7682
vn -0.5953 -0.4723 -0.6500
vn -0.8165 -0.3394 -0.4671
vn -0.9556 -0.1732 -0.2385
vn -0.9999 0.0092 0.0127
vn -0.9464 0.1899 0.2613
vn -0.8016 0.3514 0.4836
vn -0.5805 0.4786 0.6588
vn -0.3045 0.5599 0.7706
vn 0.3045 0.2943 0.9059
vn 0.5805 0.2516 0.7744
vn 0.8016 0.1847 0.5686
vn 0.9464 0.0998 0.3072
vn 0.9999 0.0048 0.0149
vn 0.9556 -0.0911 -0.2803
vn 0.8165 -0.1784 -0.5491
vn 0.5953 -0.2483 -0.7642
vn 0.3137 -0.2934 -0.9031
vn -0.3137 -0.2934 -0.9031
vn -0.5953 -0.2483 -0.7642
vn -0.8165 -0.1784 -0.5491
vn -0.9556 -0.0911 -0.2803
vn -0.9999 0.0048 0.0149
vn -0.9464 0.0998 0.3072
vn -0.8016 0.1847 0.5686
vn -0.5805 0.2516 0.7744
vn -0.3045 0.2943 0.9059
vn 0.3045 -0.0000 0.9525
vn 0.5805 -0.0000 0.8143
vn 0.8016 -0.0000 0.5978
vn 0.9464 -0.0000 0.3230
vn 0.9999 -0.0000 0.0156
vn 0.9556 -0.0000 -0.2947
vn 0.8165 -0.0000 -0.5774
vn 0.5953 -0.0000 -0.8035
vn 0.3137 -0.0000 -0.9495
vn -0.3137 -0.0000 -0.9495
vn -0.5953 -0.0000 -0.8035
vn -0.8165 -0.0000 -0.5774
vn -0.9556 -0.0000 -0.2947
vn -0.9999 -0.0000 0.0156
vn -0.9464 -0.0000 0.3230
vn -0.8016 -0.0000 0.5978
vn -0.5805 -0.0000 0.8143
vn -0.3045 -0.0000 0.9525
vn 0.3045 -0.2943 0.9059
vn 0.5805 -0.2516 0.7744
vn 0.8016 -0.1847 0.5686
vn 0.9464 -0.0998 0.3072
vn 0.9999 -0.0048 0.0149
vn 0.9556 0.0911 -0.2803
vn 0.8165 0.1784 -0.5491
vn 0.5953 0.2483 -0.7642
vn 0.3137 0.2934 -0.9031
vn -0.3137 0.2934 -0.9031
vn -0.5953 0.2483 -0.7642
vn -0.8165 0.1784 -0.5491
vn -0.9556 0.0911 -0.2803
vn -0.9999 -0.0048 0.0149
vn -0.9464 -0.0998 0.3072
vn -0.8016 -0.1847 0.5686
vn -0.5805 -0.2516 0.7744
vn -0.3045 -0.2943 0.9059
vn 0.3045 -0.5599 0.7706
vn 0.5805 -0.4786 0.6588
vn 0.8016 -0.3514 0.4836
vn 0.9464 -0.1899 0.2613
vn 0.9999 -0.0092 0.0127
vn 0.9556 0.1732 -0.2385
vn 0.8165 0.3394 -0.4671
vn 0.5953 0.4723 -0.6500
vn 0.3137 0.5581 -0.7682
vn -0.3137 0.5581 -0.7682
vn -0.5953 0.4723 -0.6500
vn -0.8165 0.3394 -0.4671
vn -0.9556 0.1732 -0.2385
vn -0.9999 -0.0092 0.0127
vn -0.9464 -0.1899 0.2613
vn -0.8016 -0.3514 0.4836
vn -0.5805 -0.4786 0.6588
vn -0.3045 -0.5599 0.7706
vn 0.3045 -0.7706 0.5599
vn 0.5805 -0.6588 0.4786
vn 0.8016 -0.4836 0.3514
vn 0.9464 -0.2613 0.1899
vn 0.9999 -0.0127 0.0092
vn 0.9556 0.2385 -0.1732
vn 0.8165 0.4671 -0.3394
vn 0.5953 0.6500 -0.4723
vn 0.3137 0.7682 -0.5581
vn -0.3137 0.7682 -0.5581
vn -0.5953 0.6500 -0.4723
vn -0.8165 0.4671 -0.3394
vn -0.9556 0.2385 -0.1732
vn -0.9999 -0.0127 0.0092
vn -0.9464 -0.2613 0.1899
vn -0.8016 -0.4836 0.3514
vn -0.5805 -0.6588 0.4786
vn -0.3045 -0.7706 0.5599
vn 0.3045 -0.9059 0.2943
vn 0.5805 -0.7744 0.2516
vn 0.8016 -0.5686 0.1847
vn 0.9464 -0.3072 0.0998
vn 0.9999 -0.0149 0.0048
vn 0.9556 0.2803 -0.0911
vn 0.8165 0.5491 -0.1784
vn 0.5953 0.7642 -0.2483
vn 0.3137 0.9031 -0.2934
vn -0.3137 0.9031 -0.2934
vn -0.5953 0.7642 -0.2483
vn -0.8165 0.5491 -0.1784
vn -0.9556 0.2803 -0.0911
vn -0.9999 -0.0149 0.0048
vn -0.9464 -0.3072 0.0998
vn -0.8016 -0.5686 0.1847
vn -0.5805 -0.7744 0.2516
vn -0.3045 -0.9059 0.2943
vt 0.550000 0.550000
vt 0.600000 0.550000
vt 0.600000 0.600000
vt 0.550000 0.600000
vt 0.600000 0.650000
vt 0.550000 0.650000
vt 0.600000 0.700000
vt 0.550000 0.700000
vt 0.600000 0.750000
vt 0.550000 0.750000
vt 0.600000 0.800000
vt 0.550000 0.800000
vt 0.600000 0.850000
vt 0.550000 0.850000
vt 0.600000 0.900000
vt 0.550000 0.900000
vt 0.600000 0.950000
vt 0.550000 0.950000
vt 0.600000 1.000000
vt 0.550000 1.000000
vt 0.550000 0.000000
vt 0.600000 0.000000
vt 0.600000 0.050000
vt 0.550000 0.050000
vt 0.600000 0.100000
vt 0.550000 0.100000
vt 0.600000 0.150000
vt 0.550000 0.150000
vt 0.600000 0.200000
vt 0.550000 0.200000
vt 0.600000 0.250000
vt 0.550000 0.250000
vt 0.600000 0.300000
vt 0.550000 0.300000
vt 0.600000 0.350000
vt 0.550000 0.350000
vt 0.600000 0.400000
vt 0.550000 0.400000
vt 0.600000 0.450000
vt 0.550000 0.450000
vt 0.600000 0.500000
vt 0.550000 0.500000
vt 0.650000 0.550000
vt 0.650000 0.600000
vt 0.650000 0.650000
vt 0.650000 0.700000
vt 0.650000 0.750000
vt 0.650000 0.800000
vt 0.650000 0.850000
vt 0.650000 0.900000
vt 0.650000 0.950000
vt 0.650000 1.000000
vt 0.650000 0.000000
vt 0.650000 0.050000
vt 0.650000 0.100000
vt 0.650000 0.150000
vt 0.650000 0.200000
vt 0.650000 0.250000
vt 0.650000 0.300000
vt 0.650000 0.350000
vt 0.650000 0.400000
vt 0.650000 0.450000
vt 0.650000 0.500000
vt 0.700000 0.550000
vt 0.700000 0.600000
vt 0.700000 0.650000
vt 0.700000 0.700000
vt 0.700000 0.750000
vt 0.700000 0.800000
vt 0.700000 0.850000
vt 0.700000 0.900000
vt 0.700000 0.950000
vt 0.700000 1.000000
vt 0.700000 0.000000
vt 0.700000 0.050000
vt 0.700000 0.100000
vt 0.700000 0.150000
vt 0.700000 0.200000
vt 0.700000 0.250000
vt 0.700000 0.300000
vt 0.700000 0.350000
vt 0.700000 0.400000
vt 0.700000 0.450000
vt 0.700000 0.500000
vt 0.750000 0.550000
vt 0.750000 0.600000
vt 0.750000 0.650000
vt 0.750000 0.700000
vt 0.750000 0.750000
vt 0.750000 0.800000
vt 0.750000 0.850000
vt 0.750000 0.900000
vt 0.750000 0.950000
vt 0.750000 1.000000
vt 0.750000 0.000000
vt 0.750000 0.050000
vt 0.750000 0.100000
vt 0.750000 0.150000
vt 0.750000 0.200000
vt 0.750000 0.250000
vt 0.750000 0.300000
vt 0.750000 0.350000
vt 0.750000 0.400000
vt 0.750000 0.450000
vt 0.750000 0.500000
vt 0.800000 0.550000
vt 0.800000 0.600000
vt 0.800000 0.650000
vt 0.800000 0.700000
vt 0.800000 0.750000
vt 0.800000 0.800000
vt 0.800000 0.850000
vt 0.800000 0.900000
vt 0.800000 0.950000
vt 0.800000 1.000000
vt 0.800000 0.000000
vt 0.800000 0.050000
vt 0.800000 0.100000
vt 0.800000 0.150000
vt 0.800000 0.200000
vt 0.800000 0.250000
vt 0.800000 0.300000
vt 0.800000 0.350000
vt 0.800000 0.400000
vt 0.800000 0.450000
vt 0.800000 0.500000
vt 0.850000 0.550000
vt 0.850000 0.600000
vt 0.850000 0.650000
vt 0.850000 0.700000
vt 0.850000 0.750000
vt 0.850000 0.800000
vt 0.850000 0.850000
vt 0.850000 0.900000
vt 0.850000 0.950000
vt 0.850000 1.000000
vt 0.850000 0.000000
vt 0.850000 0.050000
vt 0.850000 0.100000
vt 0.850000 0.150000
vt 0.850000 0.200000
vt 0.850000 0.250000
vt 0.850000 0.300000
vt 0.850000 0.350000
vt 0.850000 0.400000
vt 0.850000 0.450000
vt 0.850000 0.500000
vt 0.900000 0.550000
vt 0.900000 0.600000
vt 0.900000 0.650000
vt 0.900000 0.700000
vt 0.900000 0.750000
vt 0.900000 0.800000
vt 0.900000 0.850000
vt 0.900000 0.900000
vt 0.900000 0.950000
vt 0.900000 1.000000
vt 0.900000 0.000000
vt 0.900000 0.050000
vt 0.900000 0.100000
vt 0.900000 0.150000
vt 0.900000 0.200000
vt 0.900000 0.250000
vt 0.900000 0.300000
vt 0.900000 0.350000
vt 0.900000 0.400000
vt 0.900000 0.450000
vt 0.900000 0.500000
vt 0.950000 0.550000
vt 0.950000 0.600000
vt 0.950000 0.650000
vt 0.950000 0.700000
vt 0.950000 0.750000
vt 0.950000 0.800000
vt 0.950000 0.850000
vt 0.950000 0.900000
vt 0.950000 0.950000
vt 0.950000 1.000000
vt 0.950000 0.000000
vt 0.950000 0.050000
vt 0.950000 0.100000
vt 0.950000 0.150000
vt 0.950000 0.200000
vt 0.950000 0.250000
vt 0.950000 0.300000
vt 0.950000 0.350000
vt 0.950000 0.400000
vt 0.950000 0.450000
vt 0.950000 0.500000
vt 1.000000 0.550000
vt 1.000000 0.600000
vt 1.000000 0.650000
vt 1.000000 0.700000
vt 1.000000 0.750000
vt 1.000000 0.800000
vt 1.000000 0.850000
vt 1.000000 0.900000
vt 1.000000 0.950000
vt 1.000000 1.000000
vt 1.000000 0.000000
vt 1.000000 0.050000
vt 1.000000 0.100000
vt 1.000000 0.150000
vt 1.000000 0.200000
vt 1.000000 0.250000
vt 1.000000 0.300000
vt 1.000000 0.350000
vt 1.000000 0.400000
vt 1.000000 0.450000
vt 1.000000 0.500000
vt 0.000000 0.550000
vt 0.050000 0.550000
vt 0.050000 0.600000
vt 0.000000 0.600000
vt 0.050000 0.650000
vt 0.000000 0.650000
vt 0.050000 0.700000
vt 0.000000 0.700000
vt 0.050000 0.750000
vt 0.000000 0.750000
vt 0.050000 0.800000
vt 0.000000 0.800000
vt 0.050000 0.850000
vt 0.000000 0.850000
vt 0.050000 0.900000
vt 0.000000 0.900000
vt 0.050000 0.950000
vt 0.000000 0.950000
vt 0.050000 1.000000
vt 0.000000 1.000000
vt 0.000000 0.000000
vt 0.050000 0.000000
vt 0.050000 0.050000
vt 0.000000 0.050000
vt 0.050000 0.100000
vt 0.000000 0.100000
vt 0.050000 0.150000
vt 0.000000 0.150000
vt 0.050000 0.200000
vt 0.000000 0.200000
vt 0.050000 0.250000
vt 0.000000 0.250000
vt 0.050000 0.300000
vt 0.000000 0.300000
vt 0.050000 0.350000
vt 0.000000 0.350000
vt 0.050000 0.400000
vt 0.000000 0.400000
vt 0.050000 0.450000
vt 0.000000 0.450000
vt 0.050000 0.500000
vt 0.000000 0.500000
vt 0.100000 0.550000
vt 0.100000 0.600000
vt 0.100000 0.650000
vt 0.100000 0.700000
vt 0.100000 0.750000
vt 0.100000 0.800000
vt 0.100000 0.850000
vt 0.100000 0.900000
vt 0.100000 0.950000
vt 0.100000 1.000000
vt 0.100000 0.000000
vt 0.100000 0.050000
vt 0.100000 0.100000
vt 0.100000 0.150000
vt 0.100000 0.200000
vt 0.100000 0.250000
vt 0.100000 0.300000
vt 0.100000 0.350000
vt 0.100000 0.400000
vt 0.100000 0.450000
vt 0.100000 0.500000
vt 0.150000 0.550000
vt 0.150000 0.600000
vt 0.150000 0.650000
vt 0.150000 0.700000
vt 0.150000 0.750000
vt 0.150000 0.800000
vt 0.150000 0.850000
vt 0.150000 0.900000
vt 0.150000 0.950000
vt 0.150000 1.000000
vt 0.150000 0.000000
vt 0.150000 0.050000
vt 0.150000 0.100000
vt 0.150000 0.150000
vt 0.150000 0.200000
vt 0.150000 0.250000
vt 0.150000 0.300000
vt 0.150000 0.350000
vt 0.150000 0.400000
vt 0.150000 0.450000
vt 0.150000 0.500000
vt 0.200000 0.550000
vt 0.200000 0.600000
vt 0.200000 0.650000
vt 0.200000 0.700000
vt 0.200000 0.750000
vt 0.200000 0.800000
vt 0.200000 0.850000
vt 0.200000 0.900000
vt 0.200000 0.950000
vt 0.200000 1.000000
vt 0.200000 0.000000
vt 0.200000 0.050000
vt 0.200000 0.100000
vt 0.200000 0.150000
vt 0.200000 0.200000
vt 0.200000 0.250000
vt 0.200000 0.300000
vt 0.200000 0.350000
vt 0.200000 0.400000
vt 0.200000 0.450000
vt 0.200000 0.500000
vt 0.250000 0.550000
vt 0.250000 0.600000
vt 0.250000 0.650000
vt 0.250000 0.700000
vt 0.250000 0.750000
vt 0.250000 0.800000
vt 0.250000 0.850000
vt 0.250000 0.900000
vt 0.250000 0.950000
vt 0.250000 1.000000
vt 0.250000 0.000000
vt 0.250000 0.050000
vt 0.250000 0.100000
vt 0.250000 0.150000
vt 0.250000 0.200000
vt 0.250000 0.250000
vt 0.250000 0.300000
vt 0.250000 0.350000
vt 0.250000 0.400000
vt 0.250000 0.450000
vt 0.250000 0.500000
vt 0.300000 0.550000
vt 0.300000 0.600000
vt 0.300000 0.650000
vt 0.300000 0.700000
vt 0.300000 0.750000
vt 0.300000 0.800000
vt 0.300000 0.850000
vt 0.300000 0.900000
vt 0.300000 0.950000
vt 0.300000 1.000000
vt 0.300000 0.000000
vt 0.300000 0.050000
vt 0.300000 0.100000
vt 0.300000 0.150000
vt 0.300000 0.200000
vt 0.300000 0.250000
vt 0.300000 0.300000
vt 0.300000 0.350000
vt 0.300000 0.400000
vt 0.300000 0.450000
vt 0.300000 0.500000
vt 0.350000 0.550000
vt 0.350000 0.600000
vt 0.350000 0.650000
vt 0.350000 0.700000
vt 0.350000 0.750000
vt 0.350000 0.800000
vt 0.350000 0.850000
vt 0.350000 0.900000
vt 0.350000 0.950000
vt 0.350000 1.000000
vt 0.350000 0.000000
vt 0.350000 0.050000
vt 0.350000 0.100000
vt 0.350000 0.150000
vt 0.350000 0.200000
vt 0.350000 0.250000
vt 0.350000 0.300000
vt 0.350000 0.350000
vt 0.350000 0.400000
vt 0.350000 0.450000
vt 0.350000 0.500000
vt 0.400000 0.550000
vt 0.400000 0.600000
vt 0.400000 0.650000
vt 0.400000 0.700000
vt 0.400000 0.750000
vt 0.400000 0.800000
vt 0.400000 0.850000
vt 0.400000 0.900000
vt 0.400000 0.950000
vt 0.400000 1.000000
vt 0.400000 0.000000
vt 0.400000 0.050000
vt 0.400000 0.100000
vt 0.400000 0.150000
vt 0.400000 0.200000
vt 0.400000 0.250000
vt 0.400000 0.300000
vt 0.400000 0.350000
vt 0.400000 0.400000
vt 0.400000 0.450000
vt 0.400000 0.500000
vt 0.450000 0.550000
vt 0.450000 0.600000
vt 0.450000 0.650000
vt 0.450000 0.700000
vt 0.450000 0.750000
vt 0.450000 0.800000
vt 0.450000 0.850000
vt 0.450000 0.900000
vt 0.450000 0.950000
vt 0.450000 1.000000
vt 0.450000 0.000000
vt 0.450000 0.050000
vt 0.450000 0.100000
vt 0.450000 0.150000
vt 0.450000 0.200000
vt 0.450000 0.250000
vt 0.450000 0.300000
vt 0.450000 0.350000
vt 0.450000 0.400000
vt 0.450000 0.450000
vt 0.450000 0.500000
vt 0.500000 0.550000
vt 0.500000 0.600000
vt 0.500000 0.650000
vt 0.500000 0.700000
vt 0.500000 0.750000
vt 0.500000 0.800000
vt 0.500000 0.850000
vt 0.500000 0.900000
vt 0.500000 0.950000
vt 0.500000 1.000000
vt 0.500000 0.000000
vt 0.500000 0.050000
vt 0.500000 0.100000
vt 0.500000 0.150000
vt 0.500000 0.200000
vt 0.500000 0.250000
vt 0.500000 0.300000
vt 0.500000 0.350000
vt 0.500000 0.400000
vt 0.500000 0.450000
vt 0.500000 0.500000
s 1
usemtl Masaneta_e_borda_de_trosos
f 2158/2169/1664 2178/2170/1684 2179/2171/1685 2159/2172/1665
f 2159/2172/1665 2179/2171/1685 2180/2173/1686 2160/2174/1666
f 2160/2174/1666 2180/2173/1686 2181/2175/1687 2161/2176/1667
f 2161/2176/1667 2181/2175/1687 2182/2177/1688 2162/2178/1668
f 2162/2178/1668 2182/2177/1688 2183/2179/1689 2163/2180/1669
f 2163/2180/1669 2183/2179/1689 2184/2181/1690 2164/2182/1670
f 2164/2182/1670 2184/2181/1690 2185/2183/1691 2165/2184/1671
f 2165/2184/1671 2185/2183/1691 2186/2185/1692 2166/2186/1672
f 2166/2186/1672 2186/2185/1692 2187/2187/1693 2167/2188/1673
f 2167/2189/1673 2187/2190/1693 2188/2191/1694 2168/2192/1674
f 2168/2192/1674 2188/2191/1694 2189/2193/1695 2169/2194/1675
f 2169/2194/1675 2189/2193/1695 2190/2195/1696 2170/2196/1676
f 2170/2196/1676 2190/2195/1696 2191/2197/1697 2171/2198/1677
f 2171/2198/1677 2191/2197/1697 2192/2199/1698 2172/2200/1678
f 2172/2200/1678 2192/2199/1698 2193/2201/1699 2173/2202/1679
f 2173/2202/1679 2193/2201/1699 2194/2203/1700 2174/2204/1680
f 2174/2204/1680 2194/2203/1700 2195/2205/1701 2175/2206/1681
f 2175/2206/1681 2195/2205/1701 2196/2207/1702 2176/2208/1682
f 2176/2208/1682 2196/2207/1702 2197/2209/1703 2177/2210/1683
f 2177/2210/1683 2197/2209/1703 2178/2170/1684 2158/2169/1664
f 2178/2170/1684 2198/2211/1704 2199/2212/1705 2179/2171/1685
f 2179/2171/1685 2199/2212/1705 2200/2213/1706 2180/2173/1686
f 2180/2173/1686 2200/2213/1706 2201/2214/1707 2181/2175/1687
f 2181/2175/1687 2201/2214/1707 2202/2215/1708 2182/2177/1688
f 2182/2177/1688 2202/2215/1708 2203/2216/1709 2183/2179/1689
f 2183/2179/1689 2203/2216/1709 2204/2217/1710 2184/2181/1690
f 2184/2181/1690 2204/2217/1710 2205/2218/1711 2185/2183/1691
f 2185/2183/1691 2205/2218/1711 2206/2219/1712 2186/2185/1692
f 2186/2185/1692 2206/2219/1712 2207/2220/1713 2187/2187/1693
f 2187/2190/1693 2207/2221/1713 2208/2222/1714 2188/2191/1694
f 2188/2191/1694 2208/2222/1714 2209/2223/1715 2189/2193/1695
f 2189/2193/1695 2209/2223/1715 2210/2224/1716 2190/2195/1696
f 2190/2195/1696 2210/2224/1716 2211/2225/1717 2191/2197/1697
f 2191/2197/1697 2211/2225/1717 2212/2226/1718 2192/2199/1698
f 2192/2199/1698 2212/2226/1718 2213/2227/1719 2193/2201/1699
f 2193/2201/1699 2213/2227/1719 2214/2228/1720 2194/2203/1700
f 2194/2203/1700 2214/2228/1720 2215/2229/1721 2195/2205/1701
f 2195/2205/1701 2215/2229/1721 2216/2230/1722 2196/2207/1702
f 2196/2207/1702 2216/2230/1722 2217/2231/1723 2197/2209/1703
f 2197/2209/1703 2217/2231/1723 2198/2211/1704 2178/2170/1684
f 2198/2211/1704 2218/2232/1724 2219/2233/1725 2199/2212/1705
f 2199/2212/1705 2219/2233/1725 2220/2234/1726 2200/2213/1706
f 2200/2213/1706 2220/2234/1726 2221/2235/1727 2201/2214/1707
f 2201/2214/1707 2221/2235/1727 2222/2236/1728 2202/2215/1708
f 2202/2215/1708 2222/2236/1728 2223/2237/1729 2203/2216/1709
f 2203/2216/1709 2223/2237/1729 2224/2238/1730 2204/2217/1710
f 2204/2217/1710 2224/2238/1730 2225/2239/1731 2205/2218/1711
f 2205/2218/1711 2225/2239/1731 2226/2240/1732 2206/2219/1712
f 2206/2219/1712 2226/2240/1732 2227/2241/1733 2207/2220/1713
f 2207/2221/1713 2227/2242/1733 2228/2243/1734 2208/2222/1714
f 2208/2222/1714 2228/2243/1734 2229/2244/1735 2209/2223/1715
f 2209/2223/1715 2229/2244/1735 2230/2245/1736 2210/2224/1716
f 2210/2224/1716 2230/2245/1736 2231/2246/1737 2211/2225/1717
f 2211/2225/1717 2231/2246/1737 2232/2247/1738 2212/2226/1718
f 2212/2226/1718 2232/2247/1738 2233/2248/1739 2213/2227/1719
f 2213/2227/1719 2233/2248/1739 2234/2249/1740 2214/2228/1720
f 2214/2228/1720 2234/2249/1740 2235/2250/1741 2215/2229/1721
f 2215/2229/1721 2235/2250/1741 2236/2251/1742 2216/2230/1722
f 2216/2230/1722 2236/2251/1742 2237/2252/1743 2217/2231/1723
f 2217/2231/1723 2237/2252/1743 2218/2232/1724 2198/2211/1704
f 2218/2232/1724 2238/2253/1744 2239/2254/1745 2219/2233/1725
f 2219/2233/1725 2239/2254/1745 2240/2255/1746 2220/2234/1726
f 2220/2234/1726 2240/2255/1746 2241/2256/1747 2221/2235/1727
f 2221/2235/1727 2241/2256/1747 2242/2257/1748 2222/2236/1728
f 2222/2236/1728 2242/2257/1748 2243/2258/1749 2223/2237/1729
f 2223/2237/1729 2243/2258/1749 2244/2259/1750 2224/2238/1730
f 2224/2238/1730 2244/2259/1750 2245/2260/1751 2225/2239/1731
f 2225/2239/1731 2245/2260/1751 2246/2261/1752 2226/2240/1732
f 2226/2240/1732 2246/2261/1752 2247/2262/1753 2227/2241/1733
f 2227/2242/1733 2247/2263/1753 2248/2264/1754 2228/2243/1734
f 2228/2243/1734 2248/2264/1754 2249/2265/1755 2229/2244/1735
f 2229/2244/1735 2249/2265/1755 2250/2266/1756 2230/2245/1736
f 2230/2245/1736 2250/2266/1756 2251/2267/1757 2231/2246/1737
f 2231/2246/1737 2251/2267/1757 2252/2268/1758 2232/2247/1738
f 2232/2247/1738 2252/2268/1758 2253/2269/1759 2233/2248/1739
f 2233/2248/1739 2253/2269/1759 2254/2270/1760 2234/2249/1740
f 2234/2249/1740 2254/2270/1760 2255/2271/1761 2235/2250/1741
f 2235/2250/1741 2255/2271/1761 2256/2272/1762 2236/2251/1742
f 2236/2251/1742 2256/2272/1762 2257/2273/1763 2237/2252/1743
f 2237/2252/1743 2257/2273/1763 2238/2253/1744 2218/2232/1724
f 2238/2253/1744 2258/2274/1764 2259/2275/1765 2239/2254/1745
f 2239/2254/1745 2259/2275/1765 2260/2276/1766 2240/2255/1746
f 2240/2255/1746 2260/2276/1766 2261/2277/1767 2241/2256/1747
f 2241/2256/1747 2261/2277/1767 2262/2278/1768 2242/2257/1748
f 2242/2257/1748 2262/2278/1768 2263/2279/1769 2243/2258/1749
f 2243/2258/1749 2263/2279/1769 2264/2280/1770 2244/2259/1750
f 2244/2259/1750 2264/2280/1770 2265/2281/1771 2245/2260/1751
f 2245/2260/1751 2265/2281/1771 2266/2282/1772 2246/2261/1752
f 2246/2261/1752 2266/2282/1772 2267/2283/1773 2247/2262/1753
f 2247/2263/1753 2267/2284/1773 2268/2285/1774 2248/2264/1754
f 2248/2264/1754 2268/2285/1774 2269/2286/1775 2249/2265/1755
f 2249/2265/1755 2269/2286/1775 2270/2287/1776 2250/2266/1756
f 2250/2266/1756 2270/2287/1776 2271/2288/1777 2251/2267/1757
f 2251/2267/1757 2271/2288/1777 2272/2289/1778 2252/2268/1758
f 2252/2268/1758 2272/2289/1778 2273/2290/1779 2253/2269/1759
f 2253/2269/1759 2273/2290/1779 2274/2291/1780 2254/2270/1760
f 2254/2270/1760 2274/2291/1780 2275/2292/1781 2255/2271/1761
f 2255/2271/1761 2275/2292/1781 2276/2293/1782 2256/2272/1762
f 2256/2272/1762 2276/2293/1782 2277/2294/1783 2257/2273/1763
f 2257/2273/1763 2277/2294/1783 2258/2274/1764 2238/2253/1744
f 2258/2274/1764 2278/2295/1784 2279/2296/1785 2259/2275/1765
f 2259/2275/1765 2279/2296/1785 2280/2297/1786 2260/2276/1766
f 2260/2276/1766 2280/2297/1786 2281/2298/1787 2261/2277/1767
f 2261/2277/1767 2281/2298/1787 2282/2299/1788 2262/2278/1768
f 2262/2278/1768 2282/2299/1788 2283/2300/1789 2263/2279/1769
f 2263/2279/1769 2283/2300/1789 2284/2301/1790 2264/2280/1770
f 2264/2280/1770 2284/2301/1790 2285/2302/1791 2265/2281/1771
f 2265/2281/1771 2285/2302/1791 2286/2303/1792 2266/2282/1772
f 2266/2282/1772 2286/2303/1792 2287/2304/1793 2267/2283/1773
f 2267/2284/1773 2287/2305/1793 2288/2306/1794 2268/2285/1774
f 2268/2285/1774 2288/2306/1794 2289/2307/1795 2269/2286/1775
f 2269/2286/1775 2289/2307/1795 2290/2308/1796 2270/2287/1776
f 2270/2287/1776 2290/2308/1796 2291/2309/1797 2271/2288/1777
f 2271/2288/1777 2291/2309/1797 2292/2310/1798 2272/2289/1778
f 2272/2289/1778 2292/2310/1798 2293/2311/1799 2273/2290/1779
f 2273/2290/1779 2293/2311/1799 2294/2312/1800 2274/2291/1780
f 2274/2291/1780 2294/2312/1800 2295/2313/1801 2275/2292/1781
f 2275/2292/1781 2295/2313/1801 2296/2314/1802 2276/2293/1782
f 2276/2293/1782 2296/2314/1802 2297/2315/1803 2277/2294/1783
f 2277/2294/1783 2297/2315/1803 2278/2295/1784 2258/2274/1764
f 2278/2295/1784 2298/2316/1804 2299/2317/1805 2279/2296/1785
f 2279/2296/1785 2299/2317/1805 2300/2318/1806 2280/2297/1786
f 2280/2297/1786 2300/2318/1806 2301/2319/1807 2281/2298/1787
f 2281/2298/1787 2301/2319/1807 2302/2320/1808 2282/2299/1788
f 2282/2299/1788 2302/2320/1808 2303/2321/1809 2283/2300/1789
f 2283/2300/1789 2303/2321/1809 2304/2322/1810 2284/2301/1790
f 2284/2301/1790 2304/2322/1810 2305/2323/1811 2285/2302/1791
f 2285/2302/1791 2305/2323/1811 2306/2324/1812 2286/2303/1792
f 2286/2303/1792 2306/2324/1812 2307/2325/1813 2287/2304/1793
f 2287/2305/1793 2307/2326/1813 2308/2327/1814 2288/2306/1794
f 2288/2306/1794 2308/2327/1814 2309/2328/1815 2289/2307/1795
f 2289/2307/1795 2309/2328/1815 2310/2329/1816 2290/2308/1796
f 2290/2308/1796 2310/2329/1816 2311/2330/1817 2291/2309/1797
f 2291/2309/1797 2311/2330/1817 2312/2331/1818 2292/2310/1798
f 2292/2310/1798 2312/2331/1818 2313/2332/1819 2293/2311/1799
f 2293/2311/1799 2313/2332/1819 2314/2333/1820 2294/2312/1800
f 2294/2312/1800 2314/2333/1820 2315/2334/1821 2295/2313/1801
f 2295/2313/1801 2315/2334/1821 2316/2335/1822 2296/2314/1802
f 2296/2314/1802 2316/2335/1822 2317/2336/1823 2297/2315/1803
f 2297/2315/1803 2317/2336/1823 2298/2316/1804 2278/2295/1784
f 2298/2316/1804 2318/2337/1824 2319/2338/1825 2299/2317/1805
f 2299/2317/1805 2319/2338/1825 2320/2339/1826 2300/2318/1806
f 2300/2318/1806 2320/2339/1826 2321/2340/1827 2301/2319/1807
f 2301/2319/1807 2321/2340/1827 2322/2341/1828 2302/2320/1808
f 2302/2320/1808 2322/2341/1828 2323/2342/1829 2303/2321/1809
f 2303/2321/1809 2323/2342/1829 2324/2343/1830 2304/2322/1810
f 2304/2322/1810 2324/2343/1830 2325/2344/1831 2305/2323/1811
f 2305/2323/1811 2325/2344/1831 2326/2345/1832 2306/2324/1812
f 2306/2324/1812 2326/2345/1832 2327/2346/1833 2307/2325/1813
f 2307/2326/1813 2327/2347/1833 2328/2348/1834 2308/2327/1814
f 2308/2327/1814 2328/2348/1834 2329/2349/1835 2309/2328/1815
f 2309/2328/1815 2329/2349/1835 2330/2350/1836 2310/2329/1816
f 2310/2329/1816 2330/2350/1836 2331/2351/1837 2311/2330/1817
f 2311/2330/1817 2331/2351/1837 2332/2352/1838 2312/2331/1818
f 2312/2331/1818 2332/2352/1838 2333/2353/1839 2313/2332/1819
f 2313/2332/1819 2333/2353/1839 2334/2354/1840 2314/2333/1820
f 2314/2333/1820 2334/2354/1840 2335/2355/1841 2315/2334/1821
f 2315/2334/1821 2335/2355/1841 2336/2356/1842 2316/2335/1822
f 2316/2335/1822 2336/2356/1842 2337/2357/1843 2317/2336/1823
f 2317/2336/1823 2337/2357/1843 2318/2337/1824 2298/2316/1804
f 2318/2337/1824 2338/2358/1844 2339/2359/1845 2319/2338/1825
f 2319/2338/1825 2339/2359/1845 2340/2360/1846 2320/2339/1826
f 2320/2339/1826 2340/2360/1846 2341/2361/1847 2321/2340/1827
f 2321/2340/1827 2341/2361/1847 2342/2362/1848 2322/2341/1828
f 2322/2341/1828 2342/2362/1848 2343/2363/1849 2323/2342/1829
f 2323/2342/1829 2343/2363/1849 2344/2364/1850 2324/2343/1830
f 2324/2343/1830 2344/2364/1850 2345/2365/1851 2325/2344/1831
f 2325/2344/1831 2345/2365/1851 2346/2366/1852 2326/2345/1832
f 2326/2345/1832 2346/2366/1852 2347/2367/1853 2327/2346/1833
f 2327/2347/1833 2347/2368/1853 2348/2369/1854 2328/2348/1834
f 2328/2348/1834 2348/2369/1854 2349/2370/1855 2329/2349/1835
f 2329/2349/1835 2349/2370/1855 2350/2371/1856 2330/2350/1836
f 2330/2350/1836 2350/2371/1856 2351/2372/1857 2331/2351/1837
f 2331/2351/1837 2351/2372/1857 2352/2373/1858 2332/2352/1838
f 2332/2352/1838 2352/2373/1858 2353/2374/1859 2333/2353/1839
f 2333/2353/1839 2353/2374/1859 2354/2375/1860 2334/2354/1840
f 2334/2354/1840 2354/2375/1860 2355/2376/1861 2335/2355/1841
f 2335/2355/1841 2355/2376/1861 2356/2377/1862 2336/2356/1842
f 2336/2356/1842 2356/2377/1862 2357/2378/1863 2337/2357/1843
f 2337/2357/1843 2357/2378/1863 2338/2358/1844 2318/2337/1824
f 2338/2379/1844 2358/2380/1674 2359/2381/1864 2339/2382/1845
f 2339/2382/1845 2359/2381/1864 2360/2383/1865 2340/2384/1846
f 2340/2384/1846 2360/2383/1865 2361/2385/1866 2341/2386/1847
f 2341/2386/1847 2361/2385/1866 2362/2387/1867 2342/2388/1848
f 2342/2388/1848 2362/2387/1867 2363/2389/1868 2343/2390/1849
f 2343/2390/1849 2363/2389/1868 2364/2391/1869 2344/2392/1850
f 2344/2392/1850 2364/2391/1869 2365/2393/1870 2345/2394/1851
f 2345/2394/1851 2365/2393/1870 2366/2395/1871 2346/2396/1852
f 2346/2396/1852 2366/2395/1871 2367/2397/1872 2347/2398/1853
f 2347/2399/1853 2367/2400/1872 2368/2401/1664 2348/2402/1854
f 2348/2402/1854 2368/2401/1664 2369/2403/1873 2349/2404/1855
f 2349/2404/1855 2369/2403/1873 2370/2405/1874 2350/2406/1856
f 2350/2406/1856 2370/2405/1874 2371/2407/1875 2351/2408/1857
f 2351/2408/1857 2371/2407/1875 2372/2409/1876 2352/2410/1858
f 2352/2410/1858 2372/2409/1876 2373/2411/1877 2353/2412/1859
f 2353/2412/1859 2373/2411/1877 2374/2413/1878 2354/2414/1860
f 2354/2414/1860 2374/2413/1878 2375/2415/1879 2355/2416/1861
f 2355/2416/1861 2375/2415/1879 2376/2417/1880 2356/2418/1862
f 2356/2418/1862 2376/2417/1880 2377/2419/1881 2357/2420/1863
f 2357/2420/1863 2377/2419/1881 2358/2380/1674 2338/2379/1844
f 2358/2380/1674 2378/2421/1694 2379/2422/1882 2359/2381/1864
f 2359/2381/1864 2379/2422/1882 2380/2423/1883 2360/2383/1865
f 2360/2383/1865 2380/2423/1883 2381/2424/1884 2361/2385/1866
f 2361/2385/1866 2381/2424/1884 2382/2425/1885 2362/2387/1867
f 2362/2387/1867 2382/2425/1885 2383/2426/1886 2363/2389/1868
f 2363/2389/1868 2383/2426/1886 2384/2427/1887 2364/2391/1869
f 2364/2391/1869 2384/2427/1887 2385/2428/1888 2365/2393/1870
f 2365/2393/1870 2385/2428/1888 2386/2429/1889 2366/2395/1871
f 2366/2395/1871 2386/2429/1889 2387/2430/1890 2367/2397/1872
f 2367/2400/1872 2387/2431/1890 2388/2432/1684 2368/2401/1664
f 2368/2401/1664 2388/2432/1684 2389/2433/1891 2369/2403/1873
f 2369/2403/1873 2389/2433/1891 2390/2434/1892 2370/2405/1874
f 2370/2405/1874 2390/2434/1892 2391/2435/1893 2371/2407/1875
f 2371/2407/1875 2391/2435/1893 2392/2436/1894 2372/2409/1876
f 2372/2409/1876 2392/2436/1894 2393/2437/1895 2373/2411/1877
f 2373/2411/1877 2393/2437/1895 2394/2438/1896 2374/2413/1878
f 2374/2413/1878 2394/2438/1896 2395/2439/1897 2375/2415/1879
f 2375/2415/1879 2395/2439/1897 2396/2440/1898 2376/2417/1880
f 2376/2417/1880 2396/2440/1898 2397/2441/1899 2377/2419/1881
f 2377/2419/1881 2397/2441/1899 2378/2421/1694 2358/2380/1674
f 2378/2421/1694 2398/2442/1714 2399/2443/1900 2379/2422/1882
f 2379/2422/1882 2399/2443/1900 2400/2444/1901 2380/2423/1883
f 2380/2423/1883 2400/2444/1901 2401/2445/1902 2381/2424/1884
f 2381/2424/1884 2401/2445/1902 2402/2446/1903 2382/2425/1885
f 2382/2425/1885 2402/2446/1903 2403/2447/1904 2383/2426/1886
f 2383/2426/1886 2403/2447/1904 2404/2448/1905 2384/2427/1887
f 2384/2427/1887 2404/2448/1905 2405/2449/1906 2385/2428/1888
f 2385/2428/1888 2405/2449/1906 2406/2450/1907 2386/2429/1889
f 2386/2429/1889 2406/2450/1907 2407/2451/1908 2387/2430/1890
f 2387/2431/1890 2407/2452/1908 2408/2453/1704 2388/2432/1684
f 2388/2432/1684 2408/2453/1704 2409/2454/1909 2389/2433/1891
f 2389/2433/1891 2409/2454/1909 2410/2455/1910 2390/2434/1892
f 2390/2434/1892 2410/2455/1910 2411/2456/1911 2391/2435/1893
f 2391/2435/1893 2411/2456/1911 2412/2457/1912 2392/2436/1894
f 2392/2436/1894 2412/2457/1912 2413/2458/1913 2393/2437/1895
f 2393/2437/1895 2413/2458/1913 2414/2459/1914 2394/2438/1896
f 2394/2438/1896 2414/2459/1914 2415/2460/1915 2395/2439/1897
f 2395/2439/1897 2415/2460/1915 2416/2461/1916 2396/2440/1898
f 2396/2440/1898 2416/2461/1916 2417/2462/1917 2397/2441/1899
f 2397/2441/1899 2417/2462/1917 2398/2442/1714 2378/2421/1694
f 2398/2442/1714 2418/2463/1734 2419/2464/1918 2399/2443/1900
f 2399/2443/1900 2419/2464/1918 2420/2465/1919 2400/2444/1901
f 2400/2444/1901 2420/2465/1919 2421/2466/1920 2401/2445/1902
f 2401/2445/1902 2421/2466/1920 2422/2467/1921 2402/2446/1903
f 2402/2446/1903 2422/2467/1921 2423/2468/1922 2403/2447/1904
f 2403/2447/1904 2423/2468/1922 2424/2469/1923 2404/2448/1905
f 2404/2448/1905 2424/2469/1923 2425/2470/1924 2405/2449/1906
f 2405/2449/1906 2425/2470/1924 2426/2471/1925 2406/2450/1907
f 2406/2450/1907 2426/2471/1925 2427/2472/1926 2407/2451/1908
f 2407/2452/1908 2427/2473/1926 2428/2474/1724 2408/2453/1704
f 2408/2453/1704 2428/2474/1724 2429/2475/1927 2409/2454/1909
f 2409/2454/1909 2429/2475/1927 2430/2476/1928 2410/2455/1910
f 2410/2455/1910 2430/2476/1928 2431/2477/1929 2411/2456/1911
f 2411/2456/1911 2431/2477/1929 2432/2478/1930 2412/2457/1912
f 2412/2457/1912 2432/2478/1930 2433/2479/1931 2413/2458/1913
f 2413/2458/1913 2433/2479/1931 2434/2480/1932 2414/2459/1914
f 2414/2459/1914 2434/2480/1932 2435/2481/1933 2415/2460/1915
f 2415/2460/1915 2435/2481/1933 2436/2482/1934 2416/2461/1916
f 2416/2461/1916 2436/2482/1934 2437/2483/1935 2417/2462/1917
f 2417/2462/1917 2437/2483/1935 2418/2463/1734 2398/2442/1714
f 2418/2463/1734 2438/2484/1754 2439/2485/1936 2419/2464/1918
f 2419/2464/1918 2439/2485/1936 2440/2486/1937 2420/2465/1919
f 2420/2465/1919 2440/2486/1937 2441/2487/1938 2421/2466/1920
f 2421/2466/1920 2441/2487/1938 2442/2488/1939 2422/2467/1921
f 2422/2467/1921 2442/2488/1939 2443/2489/1940 2423/2468/1922
f 2423/2468/1922 2443/2489/1940 2444/2490/1941 2424/2469/1923
f 2424/2469/1923 2444/2490/1941 2445/2491/1942 2425/2470/1924
f 2425/2470/1924 2445/2491/1942 2446/2492/1943 2426/2471/1925
f 2426/2471/1925 2446/2492/1943 2447/2493/1944 2427/2472/1926
f 2427/2473/1926 2447/2494/1944 2448/2495/1744 2428/2474/1724
f 2428/2474/1724 2448/2495/1744 2449/2496/1945 2429/2475/1927
f 2429/2475/1927 2449/2496/1945 2450/2497/1946 2430/2476/1928
f 2430/2476/1928 2450/2497/1946 2451/2498/1947 2431/2477/1929
f 2431/2477/1929 2451/2498/1947 2452/2499/1948 2432/2478/1930
f 2432/2478/1930 2452/2499/1948 2453/2500/1949 2433/2479/1931
f 2433/2479/1931 2453/2500/1949 2454/2501/1950 2434/2480/1932
f 2434/2480/1932 2454/2501/1950 2455/2502/1951 2435/2481/1933
f 2435/2481/1933 2455/2502/1951 2456/2503/1952 2436/2482/1934
f 2436/2482/1934 2456/2503/1952 2457/2504/1953 2437/2483/1935
f 2437/2483/1935 2457/2504/1953 2438/2484/1754 2418/2463/1734
f 2438/2484/1754 2458/2505/1774 2459/2506/1954 2439/2485/1936
f 2439/2485/1936 2459/2506/1954 2460/2507/1955 2440/2486/1937
f 2440/2486/1937 2460/2507/1955 2461/2508/1956 2441/2487/1938
f 2441/2487/1938 2461/2508/1956 2462/2509/1957 2442/2488/1939
f 2442/2488/1939 2462/2509/1957 2463/2510/1958 2443/2489/1940
f 2443/2489/1940 2463/2510/1958 2464/2511/1959 2444/2490/1941
f 2444/2490/1941 2464/2511/1959 2465/2512/1960 2445/2491/1942
f 2445/2491/1942 2465/2512/1960 2466/2513/1961 2446/2492/1943
f 2446/2492/1943 2466/2513/1961 2467/2514/1962 2447/2493/1944
f 2447/2494/1944 2467/2515/1962 2468/2516/1764 2448/2495/1744
f 2448/2495/1744 2468/2516/1764 2469/2517/1963 2449/2496/1945
f 2449/2496/1945 2469/2517/1963 2470/2518/1964 2450/2497/1946
f 2450/2497/1946 2470/2518/1964 2471/2519/1965 2451/2498/1947
f 2451/2498/1947 2471/2519/1965 2472/2520/1966 2452/2499/1948
f 2452/2499/1948 2472/2520/1966 2473/2521/1967 2453/2500/1949
f 2453/2500/1949 2473/2521/1967 2474/2522/1968 2454/2501/1950
f 2454/2501/1950 2474/2522/1968 2475/2523/1969 2455/2502/1951
f 2455/2502/1951 2475/2523/1969 2476/2524/1970 2456/2503/1952
f 2456/2503/1952 2476/2524/1970 2477/2525/1971 2457/2504/1953
f 2457/2504/1953 2477/2525/1971 2458/2505/1774 2438/2484/1754
f 2458/2505/1774 2478/2526/1794 2479/2527/1972 2459/2506/1954
f 2459/2506/1954 2479/2527/1972 2480/2528/1973 2460/2507/1955
f 2460/2507/1955 2480/2528/1973 2481/2529/1974 2461/2508/1956
f 2461/2508/1956 2481/2529/1974 2482/2530/1975 2462/2509/1957
f 2462/2509/1957 2482/2530/1975 2483/2531/1976 2463/2510/1958
f 2463/2510/1958 2483/2531/1976 2484/2532/1977 2464/2511/1959
f 2464/2511/1959 2484/2532/1977 2485/2533/1978 2465/2512/1960
f 2465/2512/1960 2485/2533/1978 2486/2534/1979 2466/2513/1961
f 2466/2513/1961 2486/2534/1979 2487/2535/1980 2467/2514/1962
f 2467/2515/1962 2487/2536/1980 2488/2537/1784 2468/2516/1764
f 2468/2516/1764 2488/2537/1784 2489/2538/1981 2469/2517/1963
f 2469/2517/1963 2489/2538/1981 2490/2539/1982 2470/2518/1964
f 2470/2518/1964 2490/2539/1982 2491/2540/1983 2471/2519/1965
f 2471/2519/1965 2491/2540/1983 2492/2541/1984 2472/2520/1966
f 2472/2520/1966 2492/2541/1984 2493/2542/1985 2473/2521/1967
f 2473/2521/1967 2493/2542/1985 2494/2543/1986 2474/2522/1968
f 2474/2522/1968 2494/2543/1986 2495/2544/1987 2475/2523/1969
f 2475/2523/1969 2495/2544/1987 2496/2545/1988 2476/2524/1970
f 2476/2524/1970 2496/2545/1988 2497/2546/1989 2477/2525/1971
f 2477/2525/1971 2497/2546/1989 2478/2526/1794 2458/2505/1774
f 2478/2526/1794 2498/2547/1814 2499/2548/1990 2479/2527/1972
f 2479/2527/1972 2499/2548/1990 2500/2549/1991 2480/2528/1973
f 2480/2528/1973 2500/2549/1991 2501/2550/1992 2481/2529/1974
f 2481/2529/1974 2501/2550/1992 2502/2551/1993 2482/2530/1975
f 2482/2530/1975 2502/2551/1993 2503/2552/1994 2483/2531/1976
f 2483/2531/1976 2503/2552/1994 2504/2553/1995 2484/2532/1977
f 2484/2532/1977 2504/2553/1995 2505/2554/1996 2485/2533/1978
f 2485/2533/1978 2505/2554/1996 2506/2555/1997 2486/2534/1979
f 2486/2534/1979 2506/2555/1997 2507/2556/1998 2487/2535/1980
f 2487/2536/1980 2507/2557/1998 2508/2558/1804 2488/2537/1784
f 2488/2537/1784 2508/2558/1804 2509/2559/1999 2489/2538/1981
f 2489/2538/1981 2509/2559/1999 2510/2560/2000 2490/2539/1982
f 2490/2539/1982 2510/2560/2000 2511/2561/2001 2491/2540/1983
f 2491/2540/1983 2511/2561/2001 2512/2562/2002 2492/2541/1984
f 2492/2541/1984 2512/2562/2002 2513/2563/2003 2493/2542/1985
f 2493/2542/1985 2513/2563/2003 2514/2564/2004 2494/2543/1986
f 2494/2543/1986 2514/2564/2004 2515/2565/2005 2495/2544/1987
f 2495/2544/1987 2515/2565/2005 2516/2566/2006 2496/2545/1988
f 2496/2545/1988 2516/2566/2006 2517/2567/2007 2497/2546/1989
f 2497/2546/1989 2517/2567/2007 2498/2547/1814 2478/2526/1794
f 2498/2547/1814 2518/2568/1834 2519/2569/2008 2499/2548/1990
f 2499/2548/1990 2519/2569/2008 2520/2570/2009 2500/2549/1991
f 2500/2549/1991 2520/2570/2009 2521/2571/2010 2501/2550/1992
f 2501/2550/1992 2521/2571/2010 2522/2572/2011 2502/2551/1993
f 2502/2551/1993 2522/2572/2011 2523/2573/2012 2503/2552/1994
f 2503/2552/1994 2523/2573/2012 2524/2574/2013 2504/2553/1995
f 2504/2553/1995 2524/2574/2013 2525/2575/2014 2505/2554/1996
f 2505/2554/1996 2525/2575/2014 2526/2576/2015 2506/2555/1997
f 2506/2555/1997 2526/2576/2015 2527/2577/2016 2507/2556/1998
f 2507/2557/1998 2527/2578/2016 2528/2579/1824 2508/2558/1804
f 2508/2558/1804 2528/2579/1824 2529/2580/2017 2509/2559/1999
f 2509/2559/1999 2529/2580/2017 2530/2581/2018 2510/2560/2000
f 2510/2560/2000 2530/2581/2018 2531/2582/2019 2511/2561/2001
f 2511/2561/2001 2531/2582/2019 2532/2583/2020 2512/2562/2002
f 2512/2562/2002 2532/2583/2020 2533/2584/2021 2513/2563/2003
f 2513/2563/2003 2533/2584/2021 2534/2585/2022 2514/2564/2004
f 2514/2564/2004 2534/2585/2022 2535/2586/2023 2515/2565/2005
f 2515/2565/2005 2535/2586/2023 2536/2587/2024 2516/2566/2006
f 2516/2566/2006 2536/2587/2024 2537/2588/2025 2517/2567/2007
f 2517/2567/2007 2537/2588/2025 2518/2568/1834 2498/2547/1814
f 2518/2568/1834 2538/2589/1854 2539/2590/2026 2519/2569/2008
f 2519/2569/2008 2539/2590/2026 2540/2591/2027 2520/2570/2009
f 2520/2570/2009 2540/2591/2027 2541/2592/2028 2521/2571/2010
f 2521/2571/2010 2541/2592/2028 2542/2593/2029 2522/2572/2011
f 2522/2572/2011 2542/2593/2029 2543/2594/2030 2523/2573/2012
f 2523/2573/2012 2543/2594/2030 2544/2595/2031 2524/2574/2013
f 2524/2574/2013 2544/2595/2031 2545/2596/2032 2525/2575/2014
f 2525/2575/2014 2545/2596/2032 2546/2597/2033 2526/2576/2015
f 2526/2576/2015 2546/2597/2033 2547/2598/2034 2527/2577/2016
f 2527/2578/2016 2547/2599/2034 2548/2600/1844 2528/2579/1824
f 2528/2579/1824 2548/2600/1844 2549/2601/2035 2529/2580/2017
f 2529/2580/2017 2549/2601/2035 2550/2602/2036 2530/2581/2018
f 2530/2581/2018 2550/2602/2036 2551/2603/2037 2531/2582/2019
f 2531/2582/2019 2551/2603/2037 2552/2604/2038 2532/2583/2020
f 2532/2583/2020 2552/2604/2038 2553/2605/2039 2533/2584/2021
f 2533/2584/2021 2553/2605/2039 2554/2606/2040 2534/2585/2022
f 2534/2585/2022 2554/2606/2040 2555/2607/2041 2535/2586/2023
f 2535/2586/2023 2555/2607/2041 2556/2608/2042 2536/2587/2024
f 2536/2587/2024 2556/2608/2042 2557/2609/2043 2537/2588/2025
f 2537/2588/2025 2557/2609/2043 2538/2589/1854 2518/2568/1834
f 2538/2589/1854 2158/2169/1664 2159/2172/1665 2539/2590/2026
f 2539/2590/2026 2159/2172/1665 2160/2174/1666 2540/2591/2027
f 2540/2591/2027 2160/2174/1666 2161/2176/1667 2541/2592/2028
f 2541/2592/2028 2161/2176/1667 2162/2178/1668 2542/2593/2029
f 2542/2593/2029 2162/2178/1668 2163/2180/1669 2543/2594/2030
f 2543/2594/2030 2163/2180/1669 2164/2182/1670 2544/2595/2031
f 2544/2595/2031 2164/2182/1670 2165/2184/1671 2545/2596/2032
f 2545/2596/2032 2165/2184/1671 2166/2186/1672 2546/2597/2033
f 2546/2597/2033 2166/2186/1672 2167/2188/1673 2547/2598/2034
f 2547/2599/2034 2167/2189/1673 2168/2192/1674 2548/2600/1844
f 2548/2600/1844 2168/2192/1674 2169/2194/1675 2549/2601/2035
f 2549/2601/2035 2169/2194/1675 2170/2196/1676 2550/2602/2036
f 2550/2602/2036 2170/2196/1676 2171/2198/1677 2551/2603/2037
f 2551/2603/2037 2171/2198/1677 2172/2200/1678 2552/2604/2038
f 2552/2604/2038 2172/2200/1678 2173/2202/1679 2553/2605/2039
f 2553/2605/2039 2173/2202/1679 2174/2204/1680 2554/2606/2040
f 2554/2606/2040 2174/2204/1680 2175/2206/1681 2555/2607/2041
f 2555/2607/2041 2175/2206/1681 2176/2208/1682 2556/2608/2042
f 2556/2608/2042 2176/2208/1682 2177/2210/1683 2557/2609/2043
f 2557/2609/2043 2177/2210/1683 2158/2169/1664 2538/2589/1854
o Cube.007
v 0.784826 0.513466 0.512832
v 0.801799 0.217962 0.512832
v 0.801799 0.513466 0.512832
v 0.784826 0.513466 0.373229
v 0.801799 0.217962 0.373229
v 0.801799 0.513466 0.373229
v 0.784826 0.484683 0.541715
v 0.784826 0.484683 0.347234
v 0.801799 0.484683 0.347234
v 0.801799 0.484683 0.541715
v 0.784826 0.242907 0.347234
v 0.801799 0.242907 0.347234
v 0.801799 0.242907 0.541715
v 0.784826 0.242907 0.541715
v 0.838432 0.217962 0.373229
v 0.838432 0.217962 0.512832
v 0.784826 0.230434 0.541715
v 0.784826 0.217962 0.529243
v 0.784826 0.224198 0.540044
v 0.784826 0.219633 0.535479
v 0.784826 0.513466 0.529243
v 0.784826 0.500994 0.541715
v 0.784826 0.511795 0.535479
v 0.784826 0.507230 0.540044
v 0.784826 0.217962 0.359707
v 0.784826 0.230434 0.347234
v 0.784826 0.219633 0.353470
v 0.784826 0.224198 0.348905
v 0.784826 0.500994 0.347234
v 0.784826 0.513466 0.359707
v 0.784826 0.507230 0.348905
v 0.784826 0.511795 0.353470
v 0.801799 0.217962 0.529243
v 0.801799 0.230434 0.541715
v 0.801799 0.219633 0.535479
v 0.801799 0.224198 0.540044
v 0.801799 0.500994 0.541715
v 0.801799 0.513466 0.529243
v 0.801799 0.507230 0.540044
v 0.801799 0.511795 0.535479
v 0.801799 0.230434 0.347234
v 0.801799 0.217962 0.359707
v 0.801799 0.224198 0.348905
v 0.801799 0.219633 0.353470
v 0.801799 0.513466 0.359707
v 0.801799 0.500994 0.347234
v 0.801799 0.511795 0.353470
v 0.801799 0.507230 0.348905
v 0.784826 0.230434 0.500359
v 0.797299 0.217962 0.500359
v 0.797299 0.217962 0.525305
v 0.772353 0.217962 0.525305
v 0.772353 0.230434 0.512832
v 0.786677 0.224312 0.500359
v 0.782975 0.230434 0.506481
v 0.784826 0.223850 0.507785
v 0.797299 0.217962 0.508674
v 0.791177 0.219812 0.500359
v 0.789873 0.219654 0.508636
v 0.788983 0.217962 0.525305
v 0.797299 0.217962 0.516990
v 0.789022 0.218803 0.517028
v 0.772353 0.219812 0.519183
v 0.780668 0.217962 0.525305
v 0.780630 0.219654 0.517879
v 0.778475 0.230434 0.510981
v 0.772353 0.224312 0.514683
v 0.779779 0.223850 0.512832
v 0.784826 0.230434 0.385702
v 0.772353 0.230434 0.373229
v 0.772353 0.217962 0.360756
v 0.797299 0.217962 0.360756
v 0.797299 0.217962 0.385702
v 0.782975 0.230434 0.379580
v 0.786677 0.224312 0.385702
v 0.784826 0.223850 0.378276
v 0.772353 0.224312 0.371378
v 0.778475 0.230434 0.375080
v 0.779779 0.223850 0.373229
v 0.780668 0.217962 0.360756
v 0.772353 0.219812 0.366878
v 0.780630 0.219654 0.368182
v 0.797299 0.217962 0.369072
v 0.788983 0.217962 0.360756
v 0.789022 0.218803 0.369033
v 0.791177 0.219812 0.385702
v 0.797299 0.217962 0.377387
v 0.789873 0.219654 0.377425
v 0.814271 0.472211 0.512832
v 0.801799 0.472211 0.500359
v 0.814271 0.484683 0.500359
v 0.808043 0.472211 0.511166
v 0.814271 0.478439 0.511166
v 0.808307 0.478175 0.509547
v 0.803465 0.478439 0.500359
v 0.803465 0.472211 0.506588
v 0.805084 0.478175 0.506324
v 0.814271 0.483017 0.506588
v 0.808043 0.483017 0.500359
v 0.808307 0.481399 0.506324
v 0.772353 0.484683 0.500359
v 0.784826 0.472211 0.500359
v 0.772353 0.472211 0.512832
v 0.778581 0.483017 0.500359
v 0.772353 0.483017 0.506588
v 0.778318 0.481399 0.506324
v 0.783160 0.472211 0.506588
v 0.783160 0.478439 0.500359
v 0.781541 0.478175 0.506324
v 0.772353 0.478439 0.511166
v 0.778581 0.472211 0.511166
v 0.778318 0.478175 0.509547
v 0.814271 0.484683 0.385702
v 0.801799 0.472211 0.385702
v 0.814271 0.472211 0.373229
v 0.808043 0.483017 0.385702
v 0.814271 0.483017 0.379474
v 0.808307 0.481399 0.379737
v 0.803465 0.472211 0.379474
v 0.803465 0.478439 0.385702
v 0.805084 0.478175 0.379737
v 0.814271 0.478439 0.374895
v 0.808043 0.472211 0.374895
v 0.808307 0.478175 0.376514
v 0.772353 0.484683 0.385702
v 0.772353 0.472211 0.373229
v 0.784826 0.472211 0.385702
v 0.772353 0.483017 0.379474
v 0.778581 0.483017 0.385702
v 0.778318 0.481399 0.379737
v 0.778581 0.472211 0.374895
v 0.772353 0.478439 0.374895
v 0.778318 0.478175 0.376514
v 0.783160 0.478439 0.385702
v 0.783160 0.472211 0.379474
v 0.781541 0.478175 0.379737
v 0.814271 0.242907 0.500359
v 0.801799 0.255379 0.500359
v 0.814271 0.255379 0.512832
v 0.808043 0.244573 0.500359
v 0.814271 0.244573 0.506588
v 0.808307 0.246192 0.506324
v 0.803465 0.255379 0.506588
v 0.803465 0.249151 0.500359
v 0.805084 0.249415 0.506324
v 0.814271 0.249151 0.511166
v 0.808043 0.255379 0.511166
v 0.808307 0.249415 0.509547
v 0.772353 0.242907 0.512832
v 0.784826 0.242907 0.500359
v 0.778590 0.242907 0.511161
v 0.783155 0.242907 0.506596
v 0.814271 0.255379 0.373229
v 0.801799 0.255379 0.385702
v 0.814271 0.242907 0.385702
v 0.808043 0.255379 0.374895
v 0.814271 0.249151 0.374895
v 0.808307 0.249415 0.376514
v 0.803465 0.249151 0.385702
v 0.803465 0.255379 0.379474
v 0.805084 0.249415 0.379737
v 0.814271 0.244573 0.379474
v 0.808043 0.244573 0.385702
v 0.808307 0.246192 0.379737
v 0.784826 0.242907 0.385702
v 0.772353 0.242907 0.373229
v 0.783155 0.242907 0.379465
v 0.778590 0.242907 0.374900
v 0.760665 0.230434 0.512832
v 0.760665 0.217962 0.525305
v 0.748192 0.230434 0.525305
v 0.760665 0.224206 0.514498
v 0.754437 0.230434 0.514498
v 0.754700 0.224470 0.516117
v 0.754437 0.219628 0.525305
v 0.760665 0.219628 0.519076
v 0.754700 0.221246 0.519340
v 0.749859 0.230434 0.519076
v 0.749859 0.224206 0.525305
v 0.751477 0.224470 0.519340
v 0.760665 0.217962 0.529243
v 0.760665 0.230434 0.541715
v 0.748192 0.230434 0.529243
v 0.760665 0.219628 0.535471
v 0.754437 0.219628 0.529243
v 0.754700 0.221246 0.535207
v 0.754437 0.230434 0.540049
v 0.760665 0.224206 0.540049
v 0.754700 0.224470 0.538430
v 0.749859 0.224206 0.529243
v 0.749859 0.230434 0.535471
v 0.751477 0.224470 0.535207
v 0.748192 0.484683 0.529243
v 0.760665 0.484683 0.541715
v 0.749863 0.484683 0.535479
v 0.754429 0.484683 0.540044
v 0.760665 0.500994 0.541715
v 0.760665 0.513466 0.529243
v 0.748192 0.500994 0.529243
v 0.760665 0.507222 0.540049
v 0.754437 0.500994 0.540049
v 0.754700 0.506958 0.538430
v 0.754437 0.511800 0.529243
v 0.760665 0.511800 0.535471
v 0.754700 0.510182 0.535207
v 0.749859 0.500994 0.535471
v 0.749859 0.507222 0.529243
v 0.751477 0.506958 0.535207
v 0.748192 0.500994 0.373229
v 0.760665 0.513466 0.373229
v 0.749863 0.507230 0.373229
v 0.754429 0.511795 0.373229
v 0.760665 0.513466 0.359707
v 0.760665 0.500994 0.347234
v 0.748192 0.500994 0.359707
v 0.760665 0.511800 0.353479
v 0.754437 0.511800 0.359707
v 0.754700 0.510182 0.353742
v 0.754437 0.500994 0.348900
v 0.760665 0.507222 0.348900
v 0.754700 0.506958 0.350519
v 0.749859 0.507222 0.359707
v 0.749859 0.500994 0.353479
v 0.751477 0.506958 0.353742
v 0.748192 0.242907 0.359707
v 0.760665 0.242907 0.347234
v 0.749863 0.242907 0.353470
v 0.754429 0.242907 0.348905
v 0.760665 0.230434 0.347234
v 0.760665 0.217962 0.359707
v 0.748192 0.230434 0.359707
v 0.760665 0.224206 0.348900
v 0.754437 0.230434 0.348900
v 0.754700 0.224470 0.350519
v 0.754437 0.219628 0.359707
v 0.760665 0.219628 0.353479
v 0.754700 0.221246 0.353742
v 0.749859 0.230434 0.353479
v 0.749859 0.224206 0.359707
v 0.751477 0.224470 0.353742
v 0.838432 0.255379 0.359707
v 0.850905 0.242907 0.359707
v 0.850905 0.230434 0.347234
v 0.825960 0.230434 0.347234
v 0.825960 0.255379 0.347234
v 0.840283 0.249257 0.359707
v 0.836582 0.255379 0.353585
v 0.838432 0.247954 0.353122
v 0.850905 0.241056 0.353585
v 0.844783 0.244757 0.359707
v 0.843479 0.242907 0.353122
v 0.842590 0.230434 0.347234
v 0.850905 0.236556 0.349085
v 0.842629 0.237860 0.348926
v 0.825960 0.238749 0.347234
v 0.834275 0.230434 0.347234
v 0.834236 0.238710 0.348076
v 0.832082 0.255379 0.349085
v 0.825960 0.247064 0.347234
v 0.833386 0.247103 0.348926
v 0.838432 0.230434 0.347234
v 0.838432 0.217962 0.359707
v 0.838432 0.224198 0.348905
v 0.838432 0.219633 0.353470
v 0.838432 0.500994 0.512832
v 0.825960 0.513466 0.512832
v 0.836761 0.507230 0.512832
v 0.832196 0.511795 0.512832
v 0.825960 0.500994 0.541715
v 0.838432 0.500994 0.529243
v 0.825960 0.513466 0.529243
v 0.832188 0.500994 0.540049
v 0.825960 0.507222 0.540049
v 0.831924 0.506958 0.538430
v 0.836766 0.507222 0.529243
v 0.836766 0.500994 0.535471
v 0.835148 0.506958 0.535207
v 0.825960 0.511800 0.535471
v 0.832188 0.511800 0.529243
v 0.831924 0.510182 0.535207
v 0.838432 0.255379 0.529243
v 0.825960 0.255379 0.541715
v 0.825960 0.230434 0.541715
v 0.850905 0.230434 0.541715
v 0.850905 0.242907 0.529243
v 0.836582 0.255379 0.535365
v 0.840283 0.249257 0.529243
v 0.838432 0.247954 0.535827
v 0.825960 0.247064 0.541715
v 0.832082 0.255379 0.539865
v 0.833386 0.247103 0.540023
v 0.834275 0.230434 0.541715
v 0.825960 0.238749 0.541715
v 0.834236 0.238710 0.540874
v 0.850905 0.236556 0.539865
v 0.842590 0.230434 0.541715
v 0.842629 0.237860 0.540023
v 0.844783 0.244757 0.529243
v 0.850905 0.241056 0.535365
v 0.843479 0.242907 0.535827
v 0.838432 0.217962 0.529243
v 0.838432 0.230434 0.541715
v 0.838432 0.219633 0.535479
v 0.838432 0.224198 0.540044
v 0.760665 0.513466 0.512832
v 0.748192 0.500994 0.512832
v 0.754429 0.511795 0.512832
v 0.749863 0.507230 0.512832
v 0.838432 0.500994 0.373229
v 0.825960 0.513466 0.373229
v 0.836761 0.507230 0.373229
v 0.832196 0.511795 0.373229
v 0.825960 0.255379 0.512832
v 0.838432 0.255379 0.525305
v 0.850905 0.242907 0.525305
v 0.850905 0.242907 0.500359
v 0.825960 0.242907 0.500359
v 0.832082 0.255379 0.514683
v 0.825960 0.249257 0.510981
v 0.833386 0.248795 0.512832
v 0.840283 0.249257 0.525305
v 0.836582 0.255379 0.519183
v 0.838432 0.248795 0.517879
v 0.850905 0.242907 0.516990
v 0.844783 0.244757 0.525305
v 0.843479 0.244599 0.517028
v 0.842590 0.242907 0.500359
v 0.850905 0.242907 0.508674
v 0.842629 0.243748 0.508636
v 0.825960 0.244757 0.506481
v 0.834275 0.242907 0.500359
v 0.834236 0.244599 0.507785
v 0.748192 0.242907 0.525305
v 0.760665 0.242907 0.512832
v 0.749863 0.242907 0.519068
v 0.754429 0.242907 0.514503
v 0.760665 0.217962 0.360756
v 0.760665 0.230434 0.373229
v 0.748192 0.230434 0.360756
v 0.760665 0.219628 0.366985
v 0.754437 0.219628 0.360756
v 0.754700 0.221246 0.366721
v 0.754437 0.230434 0.371563
v 0.760665 0.224206 0.371563
v 0.754700 0.224470 0.369944
v 0.749859 0.224206 0.360756
v 0.749859 0.230434 0.366985
v 0.751477 0.224470 0.366721
v 0.825960 0.513466 0.359707
v 0.838432 0.500994 0.359707
v 0.825960 0.500994 0.347234
v 0.832188 0.511800 0.359707
v 0.825960 0.511800 0.353479
v 0.831924 0.510182 0.353742
v 0.836766 0.500994 0.353479
v 0.836766 0.507222 0.359707
v 0.835148 0.506958 0.353742
v 0.825960 0.507222 0.348900
v 0.832188 0.500994 0.348900
v 0.831924 0.506958 0.350519
v 0.825960 0.255379 0.373229
v 0.825960 0.242907 0.385702
v 0.850905 0.242907 0.385702
v 0.850905 0.242907 0.360756
v 0.838432 0.255379 0.360756
v 0.825960 0.249257 0.375080
v 0.832082 0.255379 0.371378
v 0.833386 0.248795 0.373229
v 0.834275 0.242907 0.385702
v 0.825960 0.244757 0.379580
v 0.834236 0.244599 0.378276
v 0.850905 0.242907 0.377387
v 0.842590 0.242907 0.385702
v 0.842629 0.243748 0.377425
v 0.844783 0.244757 0.360756
v 0.850905 0.242907 0.369072
v 0.843479 0.244599 0.369033
v 0.836582 0.255379 0.366878
v 0.840283 0.249257 0.360756
v 0.838432 0.248795 0.368182
v 0.760665 0.242907 0.373229
v 0.748192 0.242907 0.360756
v 0.754429 0.242907 0.371558
v 0.749863 0.242907 0.366993
v 0.748192 0.242907 0.529243
v 0.760665 0.242907 0.541715
v 0.749863 0.242907 0.535479
v 0.754429 0.242907 0.540044
v 0.760665 0.484683 0.347234
v 0.748192 0.484683 0.359707
v 0.754429 0.484683 0.348905
v 0.749863 0.484683 0.353470
v 0.838432 0.484683 0.359707
v 0.825960 0.484683 0.347234
v 0.836761 0.484683 0.353470
v 0.832196 0.484683 0.348905
v 0.825960 0.484683 0.541715
v 0.838432 0.484683 0.529243
v 0.832196 0.484683 0.540044
v 0.836761 0.484683 0.535479
v 0.825960 0.472211 0.512832
v 0.825960 0.484683 0.500359
v 0.838432 0.497156 0.500359
v 0.838432 0.497156 0.525305
v 0.838432 0.472211 0.525305
v 0.825960 0.478333 0.510981
v 0.832082 0.472211 0.514683
v 0.832544 0.479637 0.512832
v 0.832082 0.486534 0.500359
v 0.825960 0.482833 0.506481
v 0.832544 0.484683 0.507785
v 0.838432 0.497156 0.508674
v 0.836582 0.491034 0.500359
v 0.836740 0.489730 0.508636
v 0.838432 0.488841 0.525305
v 0.838432 0.497156 0.516990
v 0.837591 0.488880 0.517028
v 0.836582 0.472211 0.519183
v 0.838432 0.480526 0.525305
v 0.836740 0.480487 0.517879
v 0.760665 0.484683 0.500359
v 0.760665 0.472211 0.512832
v 0.748192 0.472211 0.525305
v 0.748192 0.497156 0.525305
v 0.748192 0.497156 0.500359
v 0.760665 0.482833 0.506481
v 0.754543 0.486534 0.500359
v 0.754081 0.484683 0.507785
v 0.754543 0.472211 0.514683
v 0.760665 0.478333 0.510981
v 0.754081 0.479637 0.512832
v 0.748192 0.480526 0.525305
v 0.750043 0.472211 0.519183
v 0.749884 0.480487 0.517879
v 0.748192 0.497156 0.516990
v 0.748192 0.488841 0.525305
v 0.749034 0.488880 0.517028
v 0.750043 0.491034 0.500359
v 0.748192 0.497156 0.508674
v 0.749884 0.489730 0.508636
v 0.825960 0.484683 0.385702
v 0.825960 0.472211 0.373229
v 0.838432 0.472211 0.360756
v 0.838432 0.497156 0.360756
v 0.838432 0.497156 0.385702
v 0.825960 0.482833 0.379580
v 0.832082 0.486534 0.385702
v 0.832544 0.484683 0.378276
v 0.832082 0.472211 0.371378
v 0.825960 0.478333 0.375080
v 0.832544 0.479637 0.373229
v 0.838432 0.480526 0.360756
v 0.836582 0.472211 0.366878
v 0.836740 0.480487 0.368182
v 0.838432 0.497156 0.369072
v 0.838432 0.488841 0.360756
v 0.837591 0.488880 0.369033
v 0.836582 0.491034 0.385702
v 0.838432 0.497156 0.377387
v 0.836740 0.489730 0.377425
v 0.760665 0.484683 0.385702
v 0.748192 0.497156 0.385702
v 0.748192 0.497156 0.360756
v 0.748192 0.472211 0.360756
v 0.760665 0.472211 0.373229
v 0.754543 0.486534 0.385702
v 0.760665 0.482833 0.379580
v 0.754081 0.484683 0.378276
v 0.748192 0.497156 0.377387
v 0.750043 0.491034 0.385702
v 0.749884 0.489730 0.377425
v 0.748192 0.488841 0.360756
v 0.748192 0.497156 0.369072
v 0.749034 0.488880 0.369033
v 0.750043 0.472211 0.366878
v 0.748192 0.480526 0.360756
v 0.749884 0.480487 0.368182
v 0.760665 0.478333 0.375080
v 0.754543 0.472211 0.371378
v 0.754081 0.479637 0.373229
v 0.853909 0.230434 0.347234
v 0.853909 0.242907 0.359707
v 0.866382 0.230434 0.359707
v 0.853909 0.236662 0.348900
v 0.860137 0.230434 0.348900
v 0.859874 0.236399 0.350519
v 0.860137 0.241240 0.359707
v 0.853909 0.241240 0.353479
v 0.859874 0.239622 0.353742
v 0.864716 0.230434 0.353479
v 0.864716 0.236662 0.359707
v 0.863097 0.236399 0.353742
v 0.853909 0.217962 0.359707
v 0.853909 0.230434 0.347234
v 0.866382 0.230434 0.359707
v 0.853909 0.219628 0.353479
v 0.860137 0.219628 0.359707
v 0.859874 0.221246 0.353742
v 0.860137 0.230434 0.348900
v 0.853909 0.224206 0.348900
v 0.859874 0.224470 0.350519
v 0.864716 0.224206 0.359707
v 0.864716 0.230434 0.353479
v 0.863097 0.224470 0.353742
v 0.866382 0.230434 0.373229
v 0.853909 0.217962 0.373229
v 0.864711 0.224198 0.373229
v 0.860146 0.219633 0.373229
v 0.853909 0.230434 0.541715
v 0.866382 0.230434 0.529243
v 0.853909 0.242907 0.529243
v 0.860137 0.230434 0.540049
v 0.853909 0.236662 0.540049
v 0.859874 0.236399 0.538430
v 0.864716 0.236662 0.529243
v 0.864716 0.230434 0.535471
v 0.863097 0.236399 0.535207
v 0.853909 0.241240 0.535471
v 0.860137 0.241240 0.529243
v 0.859874 0.239622 0.535207
v 0.853909 0.230434 0.541715
v 0.853909 0.217962 0.529243
v 0.866382 0.230434 0.529243
v 0.853909 0.224206 0.540049
v 0.860137 0.230434 0.540049
v 0.859874 0.224470 0.538430
v 0.860137 0.219628 0.529243
v 0.853909 0.219628 0.535471
v 0.859874 0.221246 0.535207
v 0.864716 0.230434 0.535471
v 0.864716 0.224206 0.529243
v 0.863097 0.224470 0.535207
v 0.853909 0.217962 0.512832
v 0.866382 0.230434 0.512832
v 0.860146 0.219633 0.512832
v 0.864711 0.224198 0.512832
v 0.866382 0.230434 0.512832
v 0.853909 0.242907 0.512832
v 0.864711 0.236670 0.512832
v 0.860146 0.241236 0.512832
v 0.866382 0.230434 0.373229
v 0.853909 0.242907 0.373229
v 0.864711 0.236670 0.373229
v 0.860146 0.241236 0.373229
vn -0.0000 1.0000 -0.0000
vn -0.0000 -1.0000 -0.0000
vn -0.0000 -0.0000 1.0000
vn -0.0000 -0.0000 -1.0000
vn -0.0000 -0.1305 0.9915
vn -0.0000 -0.9915 0.1305
vn -0.0000 -0.5000 0.8660
vn -0.0000 -0.8660 0.5000
vn -0.0000 0.9915 0.1305
vn -0.0000 0.1305 0.9915
vn -0.0000 0.8660 0.5000
vn -0.0000 0.5000 0.8660
vn -0.0000 -0.9915 -0.1305
vn -0.0000 -0.1305 -0.9915
vn -0.0000 -0.8660 -0.5000
vn -0.0000 -0.5000 -0.8660
vn -0.0000 0.1305 -0.9915
vn -0.0000 0.9915 -0.1305
vn -0.0000 0.5000 -0.8660
vn -0.0000 0.8660 -0.5000
vn -0.0000 -0.9914 0.1305
vn -0.0000 -0.1305 0.9914
vn -0.0000 -0.1305 -0.9914
vn -0.0000 -0.9914 -0.1305
vn -0.9791 -0.1490 -0.1383
vn -0.1369 -0.9906 -0.0073
vn -0.0179 -0.9997 -0.0179
vn -0.0051 -0.9911 -0.1329
vn -0.1361 -0.1450 -0.9800
vn -0.8392 -0.5325 -0.1107
vn -0.8525 -0.1583 -0.4982
vn -0.6746 -0.6233 -0.3955
vn -0.1035 -0.9944 -0.0220
vn -0.4838 -0.8739 -0.0469
vn -0.3721 -0.9131 -0.1667
vn -0.0273 -0.9982 -0.0526
vn -0.0526 -0.9982 -0.0273
vn -0.1720 -0.9700 -0.1720
vn -0.0401 -0.8761 -0.4805
vn -0.0220 -0.9944 -0.1035
vn -0.1667 -0.9131 -0.3721
vn -0.4982 -0.1583 -0.8525
vn -0.1039 -0.5295 -0.8419
vn -0.3955 -0.6233 -0.6746
vn -0.9791 -0.1490 0.1383
vn -0.1361 -0.1450 0.9800
vn -0.0051 -0.9911 0.1329
vn -0.0199 -0.9996 0.0199
vn -0.1369 -0.9906 0.0073
vn -0.8525 -0.1583 0.4982
vn -0.8392 -0.5325 0.1107
vn -0.6746 -0.6233 0.3955
vn -0.1039 -0.5295 0.8419
vn -0.4982 -0.1583 0.8525
vn -0.3955 -0.6233 0.6746
vn -0.0220 -0.9944 0.1035
vn -0.0401 -0.8761 0.4805
vn -0.1667 -0.9131 0.3721
vn -0.0526 -0.9982 0.0273
vn -0.0273 -0.9982 0.0526
vn -0.1720 -0.9700 0.1720
vn -0.4838 -0.8739 0.0469
vn -0.1035 -0.9944 0.0220
vn -0.3721 -0.9131 0.1667
vn 0.1274 -0.1337 -0.9828
vn 0.9831 -0.1296 -0.1296
vn 0.1274 -0.9828 -0.1337
vn 0.4915 -0.1216 -0.8623
vn 0.1147 -0.4955 -0.8610
vn 0.4473 -0.4473 -0.7744
vn 0.8623 -0.4915 -0.1216
vn 0.8623 -0.1216 -0.4915
vn 0.7744 -0.4473 -0.4473
vn 0.1147 -0.8610 -0.4955
vn 0.4915 -0.8623 -0.1216
vn 0.4473 -0.7744 -0.4473
vn -0.1274 -0.9828 -0.1337
vn -0.9831 -0.1296 -0.1296
vn -0.1275 -0.1337 -0.9828
vn -0.4915 -0.8623 -0.1216
vn -0.1147 -0.8610 -0.4955
vn -0.4473 -0.7744 -0.4473
vn -0.8623 -0.1216 -0.4916
vn -0.8623 -0.4915 -0.1216
vn -0.7744 -0.4473 -0.4473
vn -0.1147 -0.4955 -0.8610
vn -0.4916 -0.1216 -0.8623
vn -0.4473 -0.4473 -0.7744
vn 0.1274 -0.9828 0.1337
vn 0.9831 -0.1296 0.1296
vn 0.1274 -0.1337 0.9828
vn 0.4915 -0.8623 0.1216
vn 0.1147 -0.8610 0.4955
vn 0.4473 -0.7744 0.4473
vn 0.8623 -0.1216 0.4915
vn 0.8623 -0.4915 0.1216
vn 0.7744 -0.4473 0.4473
vn 0.1147 -0.4955 0.8610
vn 0.4915 -0.1216 0.8623
vn 0.4473 -0.4473 0.7744
vn -0.1274 -0.9828 0.1337
vn -0.1275 -0.1337 0.9828
vn -0.9831 -0.1296 0.1296
vn -0.1147 -0.8610 0.4955
vn -0.4915 -0.8623 0.1216
vn -0.4473 -0.7744 0.4473
vn -0.4916 -0.1216 0.8623
vn -0.1147 -0.4955 0.8610
vn -0.4473 -0.4473 0.7744
vn -0.8623 -0.4915 0.1216
vn -0.8623 -0.1216 0.4916
vn -0.7744 -0.4473 0.4473
vn 0.1274 0.9828 -0.1337
vn 0.9831 0.1296 -0.1296
vn 0.1274 0.1337 -0.9828
vn 0.4915 0.8623 -0.1216
vn 0.1147 0.8610 -0.4955
vn 0.4473 0.7744 -0.4473
vn 0.8623 0.1216 -0.4915
vn 0.8623 0.4915 -0.1216
vn 0.7744 0.4473 -0.4473
vn 0.1147 0.4955 -0.8610
vn 0.4915 0.1216 -0.8623
vn 0.4473 0.4473 -0.7744
vn -0.1344 0.0021 -0.9909
vn -0.9909 0.0021 -0.1344
vn -0.5034 0.0064 -0.8640
vn -0.8640 0.0064 -0.5034
vn 0.1274 0.1337 0.9828
vn 0.9831 0.1296 0.1296
vn 0.1274 0.9828 0.1337
vn 0.4915 0.1216 0.8623
vn 0.1147 0.4955 0.8610
vn 0.4473 0.4473 0.7744
vn 0.8623 0.4915 0.1216
vn 0.8623 0.1216 0.4915
vn 0.7744 0.4473 0.4473
vn 0.1147 0.8610 0.4955
vn 0.4915 0.8623 0.1216
vn 0.4473 0.7744 0.4473
vn -0.9909 0.0021 0.1344
vn -0.1344 0.0021 0.9909
vn -0.8640 0.0064 0.5034
vn -0.5034 0.0064 0.8640
vn -0.1275 -0.1336 -0.9828
vn -0.4915 -0.1216 -0.8623
vn -0.8623 -0.1216 -0.4915
vn -0.1296 -0.9831 0.1296
vn -0.1296 -0.1296 0.9831
vn -0.1216 -0.8623 0.4916
vn -0.4915 -0.1216 0.8623
vn -0.1216 -0.4916 0.8623
vn -0.8623 -0.1216 0.4915
vn -0.9915 -0.0000 0.1305
vn -0.1305 -0.0000 0.9915
vn -0.8660 -0.0000 0.5000
vn -0.5000 -0.0000 0.8660
vn -0.1296 0.1296 0.9831
vn -0.1296 0.9831 0.1296
vn -0.9831 0.1296 0.1296
vn -0.1216 0.4916 0.8623
vn -0.4915 0.1216 0.8623
vn -0.4473 0.4473 0.7744
vn -0.4915 0.8623 0.1216
vn -0.1216 0.8623 0.4916
vn -0.4473 0.7744 0.4473
vn -0.8623 0.1216 0.4915
vn -0.8623 0.4915 0.1216
vn -0.7744 0.4473 0.4473
vn -0.9915 0.1305 -0.0000
vn -0.1305 0.9915 -0.0000
vn -0.8660 0.5000 -0.0000
vn -0.5000 0.8660 -0.0000
vn -0.1296 0.9831 -0.1296
vn -0.1296 0.1296 -0.9831
vn -0.9831 0.1296 -0.1296
vn -0.1216 0.8623 -0.4916
vn -0.4915 0.8623 -0.1216
vn -0.4473 0.7744 -0.4473
vn -0.4915 0.1216 -0.8623
vn -0.1216 0.4916 -0.8623
vn -0.4473 0.4473 -0.7744
vn -0.8623 0.4915 -0.1216
vn -0.8623 0.1216 -0.4915
vn -0.7744 0.4473 -0.4473
vn -0.9915 -0.0000 -0.1305
vn -0.1305 -0.0000 -0.9915
vn -0.8660 -0.0000 -0.5000
vn -0.5000 -0.0000 -0.8660
vn -0.1296 -0.1296 -0.9831
vn -0.1296 -0.9831 -0.1296
vn -0.1216 -0.4916 -0.8623
vn -0.1216 -0.8623 -0.4916
vn 0.9789 0.1420 -0.1471
vn 0.1337 0.9800 -0.1473
vn -0.0016 0.7949 -0.6067
vn 0.0150 0.0150 -0.9998
vn 0.1329 0.0072 -0.9911
vn 0.8496 0.5011 -0.1645
vn 0.8413 0.1104 -0.5292
vn 0.6746 0.3955 -0.6233
vn 0.0841 0.8436 -0.5304
vn 0.5011 0.8496 -0.1645
vn 0.3955 0.6746 -0.6233
vn 0.0282 0.7769 -0.6290
vn 0.0202 0.4808 -0.8766
vn 0.1667 0.3721 -0.9131
vn 0.0526 0.0273 -0.9982
vn 0.0367 0.7438 -0.6674
vn 0.1720 0.1720 -0.9700
vn 0.4804 0.0466 -0.8758
vn 0.1035 0.0220 -0.9944
vn 0.3721 0.1667 -0.9131
vn -0.0000 0.6088 -0.7933
vn 0.9915 0.1305 -0.0000
vn 0.1305 0.9915 -0.0000
vn 0.8660 0.5000 -0.0000
vn 0.5000 0.8660 -0.0000
vn 0.1296 0.1296 0.9831
vn 0.1296 0.9831 0.1296
vn 0.1216 0.4916 0.8623
vn 0.1216 0.8623 0.4916
vn 0.9789 0.1420 0.1471
vn 0.1329 0.0072 0.9911
vn 0.0150 0.0150 0.9998
vn -0.0016 0.7949 0.6067
vn 0.1337 0.9800 0.1473
vn 0.8413 0.1104 0.5292
vn 0.8496 0.5011 0.1645
vn 0.6746 0.3955 0.6233
vn 0.1035 0.0220 0.9944
vn 0.4804 0.0466 0.8758
vn 0.3721 0.1667 0.9131
vn 0.0367 0.7438 0.6674
vn 0.0526 0.0273 0.9982
vn 0.1720 0.1720 0.9700
vn 0.0202 0.4808 0.8766
vn 0.0282 0.7769 0.6290
vn 0.1667 0.3721 0.9131
vn 0.5011 0.8496 0.1645
vn 0.0841 0.8436 0.5304
vn 0.3955 0.6746 0.6233
vn -0.0000 0.6088 0.7933
vn 0.1400 0.1471 -0.9792
vn 0.9782 0.1511 -0.1422
vn 0.1369 0.9906 -0.0073
vn 0.0127 0.9998 -0.0127
vn 0.0051 0.9911 -0.1329
vn 0.5011 0.1645 -0.8496
vn 0.1039 0.5295 -0.8419
vn 0.3955 0.6233 -0.6746
vn 0.8392 0.5325 -0.1107
vn 0.8496 0.1645 -0.5011
vn 0.6746 0.6233 -0.3955
vn 0.1035 0.9944 -0.0220
vn 0.4838 0.8739 -0.0469
vn 0.3721 0.9131 -0.1667
vn 0.0273 0.9982 -0.0526
vn 0.0526 0.9982 -0.0273
vn 0.1720 0.9700 -0.1720
vn 0.0401 0.8761 -0.4805
vn 0.0220 0.9944 -0.1035
vn 0.1667 0.9131 -0.3721
vn -0.9909 0.0001 -0.1344
vn -0.1344 0.0001 -0.9909
vn -0.8640 0.0003 -0.5034
vn -0.5034 0.0003 -0.8640
vn -0.1275 -0.1336 0.9828
vn 0.1296 0.9831 -0.1296
vn 0.1296 0.1296 -0.9831
vn 0.1216 0.8623 -0.4916
vn 0.1216 0.4916 -0.8623
vn 0.1400 0.1471 0.9792
vn 0.0051 0.9911 0.1329
vn 0.0127 0.9998 0.0127
vn 0.1369 0.9906 0.0073
vn 0.9782 0.1511 0.1422
vn 0.1039 0.5295 0.8419
vn 0.5011 0.1645 0.8496
vn 0.3955 0.6233 0.6746
vn 0.0220 0.9944 0.1035
vn 0.0401 0.8761 0.4805
vn 0.1667 0.9131 0.3721
vn 0.0526 0.9982 0.0273
vn 0.0273 0.9982 0.0526
vn 0.1720 0.9700 0.1720
vn 0.4838 0.8739 0.0469
vn 0.1035 0.9944 0.0220
vn 0.3721 0.9131 0.1667
vn 0.8496 0.1645 0.5011
vn 0.8392 0.5325 0.1107
vn 0.6746 0.6233 0.3955
vn -0.1344 0.0001 0.9909
vn -0.9909 0.0001 0.1344
vn -0.5034 0.0003 0.8640
vn -0.8640 0.0003 0.5034
vn 0.9909 -0.0001 -0.1344
vn 0.1344 -0.0001 -0.9909
vn 0.8640 -0.0003 -0.5034
vn 0.5034 -0.0003 -0.8640
vn 0.1344 -0.0001 0.9909
vn 0.9909 -0.0001 0.1344
vn 0.5034 -0.0003 0.8640
vn 0.8640 -0.0003 0.5034
vn 0.1488 -0.1383 -0.9791
vn 0.1488 -0.9791 -0.1383
vn 0.9906 -0.1369 -0.0073
vn 0.9997 -0.0183 -0.0183
vn 0.9906 -0.0073 -0.1369
vn 0.1579 -0.4982 -0.8526
vn 0.5325 -0.1107 -0.8392
vn 0.6233 -0.3955 -0.6746
vn 0.5325 -0.8392 -0.1107
vn 0.1579 -0.8526 -0.4982
vn 0.6233 -0.6746 -0.3955
vn 0.9944 -0.1035 -0.0220
vn 0.8739 -0.4838 -0.0469
vn 0.9131 -0.3721 -0.1667
vn 0.9982 -0.0273 -0.0526
vn 0.9982 -0.0526 -0.0273
vn 0.9700 -0.1720 -0.1720
vn 0.8739 -0.0469 -0.4838
vn 0.9944 -0.0220 -0.1035
vn 0.9131 -0.1667 -0.3721
vn -0.1488 -0.9791 -0.1383
vn -0.1449 -0.1381 -0.9798
vn -0.9911 -0.0072 -0.1329
vn -0.9997 -0.0183 -0.0183
vn -0.9906 -0.1369 -0.0073
vn -0.1579 -0.8526 -0.4982
vn -0.5325 -0.8392 -0.1107
vn -0.6233 -0.6746 -0.3955
vn -0.5292 -0.1104 -0.8413
vn -0.1579 -0.4982 -0.8526
vn -0.6233 -0.3955 -0.6746
vn -0.9944 -0.0220 -0.1035
vn -0.8758 -0.0466 -0.4804
vn -0.9131 -0.1667 -0.3721
vn -0.9982 -0.0526 -0.0273
vn -0.9982 -0.0273 -0.0526
vn -0.9700 -0.1720 -0.1720
vn -0.8739 -0.4838 -0.0469
vn -0.9944 -0.1035 -0.0220
vn -0.9131 -0.3721 -0.1667
vn 0.1488 -0.9791 0.1383
vn 0.1488 -0.1383 0.9791
vn 0.9906 -0.0073 0.1369
vn 0.9996 -0.0204 0.0204
vn 0.9906 -0.1369 0.0073
vn 0.1579 -0.8526 0.4982
vn 0.5325 -0.8392 0.1107
vn 0.6233 -0.6746 0.3955
vn 0.5325 -0.1107 0.8392
vn 0.1579 -0.4982 0.8526
vn 0.6233 -0.3955 0.6746
vn 0.9944 -0.0220 0.1035
vn 0.8739 -0.0469 0.4838
vn 0.9131 -0.1667 0.3721
vn 0.9982 -0.0526 0.0273
vn 0.9982 -0.0273 0.0526
vn 0.9700 -0.1720 0.1720
vn 0.8739 -0.4838 0.0469
vn 0.9944 -0.1035 0.0220
vn 0.9131 -0.3721 0.1667
vn -0.1488 -0.9791 0.1383
vn -0.9906 -0.1369 0.0073
vn -0.9996 -0.0204 0.0204
vn -0.9911 -0.0072 0.1329
vn -0.1449 -0.1381 0.9798
vn -0.5325 -0.8392 0.1107
vn -0.1579 -0.8526 0.4982
vn -0.6233 -0.6746 0.3955
vn -0.9944 -0.1035 0.0220
vn -0.8739 -0.4838 0.0469
vn -0.9131 -0.3721 0.1667
vn -0.9982 -0.0273 0.0526
vn -0.9982 -0.0526 0.0273
vn -0.9700 -0.1720 0.1720
vn -0.8758 -0.0466 0.4804
vn -0.9944 -0.0220 0.1035
vn -0.9131 -0.1667 0.3721
vn -0.1579 -0.4982 0.8526
vn -0.5292 -0.1104 0.8413
vn -0.6233 -0.3955 0.6746
vn 0.0674 0.8037 -0.5912
vn 0.1210 0.9836 -0.1337
vn 0.5940 0.8006 -0.0785
vn 0.0954 0.4964 -0.8628
vn 0.2898 0.8066 -0.5152
vn 0.0954 0.8628 -0.4964
vn 0.5152 0.8066 -0.2898
vn 0.1296 -0.9831 -0.1296
vn 0.1024 0.6237 -0.7749
vn 0.7749 0.6237 -0.1024
vn 0.1216 -0.8623 -0.4915
vn 0.3723 0.6507 -0.6618
vn 0.1216 -0.4915 -0.8623
vn 0.6618 0.6507 -0.3723
vn 0.7933 0.6088 -0.0000
vn 0.1305 -0.9915 -0.0000
vn 0.8660 -0.5000 -0.0000
vn 0.5000 -0.8660 -0.0000
vn 0.0674 0.8037 0.5912
vn 0.5940 0.8006 0.0785
vn 0.1210 0.9836 0.1337
vn 0.2898 0.8066 0.5152
vn 0.0954 0.4964 0.8628
vn 0.5152 0.8066 0.2898
vn 0.0954 0.8628 0.4964
vn 0.1024 0.6237 0.7749
vn 0.1296 -0.9831 0.1296
vn 0.7749 0.6237 0.1024
vn 0.1216 -0.4915 0.8623
vn 0.3723 0.6507 0.6618
vn 0.1216 -0.8623 0.4915
vn 0.6618 0.6507 0.3723
vn 0.6088 0.7933 -0.0000
vt 0.375000 0.733967
vt 0.375000 0.712871
vt 0.614448 0.250000
vt 0.600649 0.250000
vt 0.396104 0.216584
vt 0.590097 0.216584
vt 0.396104 0.216584
vt 0.625000 0.712871
vt 0.875000 0.712871
vt 0.875000 0.733967
vt 0.625000 0.733967
vt 0.385552 0.750000
vt 0.396104 0.750000
vt 0.396104 1.000000
vt 0.385552 1.000000
vt 0.625000 0.533416
vt 0.875000 0.533416
vt 0.385552 0.216584
vt 0.385552 0.216584
vt 0.875000 0.516033
vt 0.614448 0.750000
vt 0.600649 0.750000
vt 0.590097 0.533416
vt 0.406656 0.533416
vt 0.406656 0.533416
vt 0.590097 0.533416
vt 0.125000 0.516033
vt 0.125000 0.517383
vt 0.125000 0.517383
vt 0.125000 0.517383
vt 0.125000 0.517383
vt 0.614448 0.500000
vt 0.600649 0.500000
vt 0.375000 0.533416
vt 0.590097 0.037129
vt 0.396104 0.037129
vt 0.396104 0.037129
vt 0.625000 0.516033
vt 0.600649 0.200551
vt 0.600649 0.053162
vt 0.600649 0.053162
vt 0.600649 0.200551
vt 0.406656 0.712871
vt 0.590097 0.712871
vt 0.590097 0.712871
vt 0.406656 0.712871
vt 0.600649 1.000000
vt 0.611201 0.053162
vt 0.611201 0.042473
vt 0.611201 0.031784
vt 0.611201 0.021096
vt 0.614448 0.037129
vt 0.614448 0.216584
vt 0.611201 0.232617
vt 0.611201 0.221929
vt 0.611201 0.211240
vt 0.611201 0.200551
vt 0.396104 0.250000
vt 0.396104 0.500000
vt 0.375000 0.516033
vt 0.406656 0.728904
vt 0.590097 0.728904
vt 0.597132 0.728905
vt 0.604167 0.728904
vt 0.611201 0.728904
vt 0.600649 0.733967
vt 0.406656 0.733967
vt 0.308714 0.517383
vt 0.308714 0.549449
vt 0.308714 0.538760
vt 0.308714 0.528071
vt 0.308714 0.517383
vt 0.308714 0.728904
vt 0.308714 0.718216
vt 0.308714 0.707527
vt 0.308714 0.696838
vt 0.385552 1.000000
vt 0.406656 0.516033
vt 0.600649 0.516033
vt 0.611201 0.517383
vt 0.604167 0.517383
vt 0.597132 0.517383
vt 0.590097 0.517383
vt 0.406656 0.517383
vt 0.385552 0.500000
vt 0.385552 0.500000
vt 0.396104 0.232617
vt 0.590097 0.232617
vt 0.597132 0.232617
vt 0.604167 0.232617
vt 0.611201 0.232617
vt 0.600649 0.233967
vt 0.396104 0.233967
vt 0.385552 0.037129
vt 0.385552 0.037129
vt 0.385552 0.750000
vt 0.392587 0.750000
vt 0.399621 0.750000
vt 0.406656 0.750000
vt 0.396104 1.000000
vt 0.396104 0.549449
vt 0.396104 0.696838
vt 0.396104 0.712871
vt 0.396104 0.533416
vt 0.611201 0.232617
vt 0.614448 0.216584
vt 0.614448 0.233967
vt 0.396104 0.516033
vt 0.396104 0.517383
vt 0.396104 0.528071
vt 0.396104 0.538760
vt 0.396104 0.549449
vt 0.396104 0.516033
vt 0.396104 0.696838
vt 0.396104 0.707527
vt 0.396104 0.718216
vt 0.396104 0.728904
vt 0.396104 0.733967
vt 0.396104 0.733967
vt 0.385552 0.232617
vt 0.385552 0.233967
vt 0.406656 0.500000
vt 0.399621 0.500000
vt 0.392587 0.500000
vt 0.385552 0.500000
vt 0.385552 0.500000
vt 0.385552 0.533416
vt 0.385552 0.712871
vt 0.600649 0.016033
vt 0.614448 0.016033
vt 0.611201 0.021096
vt 0.611201 0.728904
vt 0.614448 0.712871
vt 0.614448 0.733967
vt 0.396104 0.053162
vt 0.590097 0.053162
vt 0.590097 0.200551
vt 0.396104 0.200551
vt 0.396104 0.696838
vt 0.396104 0.696838
vt 0.396104 0.549449
vt 0.614448 1.000000
vt 0.614448 1.000000
vt 0.406656 0.549449
vt 0.590097 0.549449
vt 0.590097 0.696838
vt 0.406656 0.696838
vt 0.385552 0.250000
vt 0.385552 0.250000
vt 0.396104 0.250000
vt 0.125000 0.733967
vt 0.600649 0.696838
vt 0.600649 0.549449
vt 0.600649 0.549449
vt 0.600649 0.696838
vt 0.396104 0.016033
vt 0.600649 0.016033
vt 0.611201 0.021096
vt 0.604167 0.021096
vt 0.597132 0.021096
vt 0.590097 0.021096
vt 0.396104 0.021096
vt 0.611201 0.549449
vt 0.611201 0.538760
vt 0.611201 0.528071
vt 0.611201 0.517383
vt 0.614448 0.533416
vt 0.611201 0.718216
vt 0.611201 0.707527
vt 0.611201 0.696838
vt 0.385552 0.016033
vt 0.396104 0.016033
vt 0.385552 0.021096
vt 0.385552 0.053162
vt 0.385552 0.200551
vt 0.385552 0.733967
vt 0.385552 0.516033
vt 0.385552 0.750000
vt 0.614448 0.516033
vt 0.611201 0.517383
vt 0.380373 0.053162
vt 0.379982 0.043616
vt 0.385552 0.045292
vt 0.375000 0.053162
vt 0.376432 0.042523
vt 0.375000 0.042473
vt 0.186809 0.718266
vt 0.199338 0.707477
vt 0.186238 0.728905
vt 0.125000 0.728904
vt 0.125000 0.719359
vt 0.125000 0.718266
vt 0.125000 0.728904
vt 0.125000 0.721035
vt 0.125000 0.712871
vt 0.385552 0.037129
vt 0.375000 0.037129
vt 0.125000 0.706384
vt 0.125000 0.707477
vt 0.385552 0.208420
vt 0.379982 0.210097
vt 0.375000 0.200551
vt 0.379982 0.216584
vt 0.380373 0.216584
vt 0.375000 0.216584
vt 0.376432 0.216584
vt 0.125000 0.528022
vt 0.125000 0.526928
vt 0.125000 0.528071
vt 0.125000 0.538760
vt 0.125000 0.538810
vt 0.218543 0.549449
vt 0.199338 0.538810
vt 0.125000 0.549449
vt 0.125000 0.539903
vt 0.125000 0.539903
vt 0.125000 0.533416
vt 0.590097 0.712871
vt 0.595143 0.712871
vt 0.595367 0.712871
vt 0.590097 0.704844
vt 0.595144 0.704505
vt 0.595366 0.696838
vt 0.600649 0.696838
vt 0.600649 0.704505
vt 0.600649 0.704844
vt 0.600649 0.045495
vt 0.600649 0.045156
vt 0.595366 0.053162
vt 0.595143 0.045495
vt 0.590097 0.045156
vt 0.595143 0.037129
vt 0.595366 0.037129
vt 0.600649 0.549449
vt 0.600649 0.541782
vt 0.600649 0.541443
vt 0.595366 0.549449
vt 0.595143 0.541782
vt 0.590097 0.541443
vt 0.590097 0.533416
vt 0.595143 0.533416
vt 0.595366 0.533416
vt 0.600649 0.208557
vt 0.600649 0.208218
vt 0.595366 0.216584
vt 0.595143 0.216584
vt 0.590097 0.216584
vt 0.590097 0.208557
vt 0.595144 0.208218
vt 0.595366 0.200551
vt 0.396104 0.704505
vt 0.396104 0.704844
vt 0.401387 0.696838
vt 0.401610 0.704505
vt 0.406656 0.704844
vt 0.406656 0.712871
vt 0.401610 0.712871
vt 0.401387 0.712871
vt 0.406656 0.533416
vt 0.401610 0.533416
vt 0.401387 0.533416
vt 0.406656 0.541443
vt 0.401610 0.541782
vt 0.401387 0.549449
vt 0.396104 0.541782
vt 0.396104 0.541443
vt 0.385552 0.037129
vt 0.125000 0.720898
vt 0.125000 0.721237
vt 0.385552 0.029102
vt 0.375000 0.028763
vt 0.375000 0.021096
vt 0.125000 0.741973
vt 0.125000 0.741634
vt 0.125000 0.750000
vt 0.375000 1.000000
vt 0.385552 0.000000
vt 0.385552 0.008027
vt 0.375000 0.008366
vt 0.375000 0.000000
vt 0.375000 0.016033
vt 0.619717 1.000000
vt 0.619494 1.000000
vt 0.625000 1.000000
vt 0.875000 0.741634
vt 0.875000 0.750000
vt 0.625000 0.016033
vt 0.619717 0.016033
vt 0.619494 0.008366
vt 0.625000 0.008366
vt 0.614448 0.008027
vt 0.614448 0.000000
vt 0.619494 0.000000
vt 0.875000 0.500000
vt 0.875000 0.508366
vt 0.625000 0.250000
vt 0.619717 0.250000
vt 0.619494 0.250000
vt 0.614448 0.241973
vt 0.619494 0.241634
vt 0.619717 0.233967
vt 0.625000 0.233967
vt 0.625000 0.241634
vt 0.619494 0.245777
vt 0.375000 0.250000
vt 0.385552 0.250000
vt 0.125000 0.500000
vt 0.125000 0.508027
vt 0.125000 0.508366
vt 0.385552 0.241973
vt 0.375000 0.241634
vt 0.375000 0.233967
vt 0.401477 0.516033
vt 0.400374 0.507569
vt 0.406656 0.508164
vt 0.396104 0.516033
vt 0.396104 0.507569
vt 0.396104 0.508164
vt 0.396104 0.502379
vt 0.396104 0.502175
vt 0.392554 0.500000
vt 0.391834 0.500000
vt 0.392587 0.500000
vt 0.399621 0.500000
vt 0.399654 0.500000
vt 0.399654 0.500000
vt 0.619494 0.750000
vt 0.619717 0.750000
vt 0.614448 0.741973
vt 0.619494 0.741634
vt 0.619717 0.733967
vt 0.625000 0.741634
vt 0.625000 0.741973
vt 0.406656 0.741836
vt 0.400374 0.742431
vt 0.401477 0.733967
vt 0.406656 0.747621
vt 0.399654 0.747825
vt 0.392554 0.750000
vt 0.399654 0.750000
vt 0.385552 0.750000
vt 0.391834 0.750000
vt 0.392554 0.750000
vt 0.390731 0.750000
vt 0.396104 0.741836
vt 0.396104 0.742431
vt 0.401086 0.712871
vt 0.401477 0.712871
vt 0.406656 0.721035
vt 0.401086 0.719359
vt 0.401477 0.728904
vt 0.397670 0.728904
vt 0.397535 0.718265
vt 0.396104 0.707477
vt 0.396104 0.718266
vt 0.396104 0.696838
vt 0.396104 0.706384
vt 0.396104 0.704708
vt 0.125000 0.525389
vt 0.125000 0.525050
vt 0.385552 0.224611
vt 0.375000 0.224950
vt 0.375000 0.232617
vt 0.125000 0.525050
vt 0.625000 0.508366
vt 0.625000 0.508027
vt 0.619717 0.516033
vt 0.619494 0.508366
vt 0.614448 0.508027
vt 0.619494 0.500000
vt 0.619717 0.500000
vt 0.401477 0.533416
vt 0.401086 0.533416
vt 0.397670 0.533416
vt 0.397535 0.533416
vt 0.396104 0.533416
vt 0.396104 0.533416
vt 0.396104 0.538810
vt 0.396104 0.539903
vt 0.396104 0.538760
vt 0.396104 0.528022
vt 0.396104 0.517383
vt 0.396104 0.528022
vt 0.401477 0.517383
vt 0.401086 0.526928
vt 0.406656 0.525252
vt 0.595277 0.712871
vt 0.596380 0.712871
vt 0.600649 0.704708
vt 0.600649 0.706384
vt 0.600649 0.707477
vt 0.600649 0.707527
vt 0.600649 0.718216
vt 0.600649 0.718266
vt 0.604167 0.728905
vt 0.604199 0.718266
vt 0.597099 0.719359
vt 0.590097 0.721035
vt 0.600649 0.045292
vt 0.600649 0.043616
vt 0.600649 0.053162
vt 0.595277 0.037129
vt 0.596380 0.037129
vt 0.590097 0.037129
vt 0.597099 0.037129
vt 0.597132 0.037129
vt 0.604199 0.031734
vt 0.597099 0.030641
vt 0.611201 0.031784
vt 0.611201 0.042473
vt 0.604919 0.042523
vt 0.606022 0.053162
vt 0.600649 0.541580
vt 0.600649 0.539903
vt 0.600649 0.549449
vt 0.595277 0.533416
vt 0.596380 0.533416
vt 0.590097 0.533416
vt 0.597099 0.533416
vt 0.590097 0.533416
vt 0.597132 0.533416
vt 0.604167 0.533416
vt 0.604199 0.533416
vt 0.611201 0.528071
vt 0.604200 0.528022
vt 0.611201 0.538760
vt 0.604919 0.538810
vt 0.606022 0.549449
vt 0.604919 0.538810
vt 0.600649 0.210097
vt 0.600649 0.208420
vt 0.600649 0.211190
vt 0.600649 0.211240
vt 0.600649 0.221929
vt 0.600649 0.221978
vt 0.604199 0.221978
vt 0.597099 0.223072
vt 0.590097 0.224748
vt 0.590097 0.216584
vt 0.596380 0.216584
vt 0.595277 0.216584
vt 0.390821 0.500000
vt 0.390598 0.500000
vt 0.396104 0.508027
vt 0.396104 0.508366
vt 0.390821 0.516033
vt 0.390598 0.508366
vt 0.385552 0.508027
vt 0.375000 0.508027
vt 0.375000 0.508366
vt 0.380283 0.500000
vt 0.380506 0.500000
vt 0.380506 0.508366
vt 0.380283 0.516033
vt 0.390598 0.750000
vt 0.390821 0.750000
vt 0.385552 0.741973
vt 0.390598 0.741634
vt 0.390821 0.733967
vt 0.396104 0.741634
vt 0.396104 0.741973
vt 0.380283 0.750000
vt 0.380506 0.750000
vt 0.375000 0.741973
vt 0.375000 0.741634
vt 0.380283 0.733967
vt 0.380506 0.741634
vt 0.125000 0.508017
vt 0.375000 0.508017
vt 0.375000 0.500000
vt 0.625000 0.500000
vt 0.619724 0.500000
vt 0.619724 0.250000
vt 0.375000 0.741983
vt 0.125000 0.741983
vt 0.375000 0.750000
vt 0.625000 0.750000
vt 0.619724 1.000000
vt 0.619724 0.750000
vt 0.218543 0.696838
vt 0.125000 0.696838
vt 0.396104 0.045145
vt 0.396104 0.208568
vt 0.380276 0.500000
vt 0.625000 0.741983
vt 0.600649 0.000000
vt 0.600649 0.008017
vt 0.625000 0.216584
vt 0.619724 0.216584
vt 0.396104 0.241983
vt 0.619724 0.712871
vt 0.625000 0.037129
vt 0.619724 0.037129
vt 0.625000 0.533416
vt 0.619724 0.533416
vt 0.396104 0.029112
vt 0.396104 0.224601
vt 0.396104 0.000000
vt 0.600649 0.008017
vt 0.396104 0.008017
vt 0.600649 0.241983
vt 0.600649 0.508017
vt 0.600649 0.741983
vt 0.606022 0.200551
vt 0.606022 0.696838
vt 0.406656 0.750000
vt 0.590097 0.028965
vt 0.590097 0.525252
vt 0.396104 0.008017
vt 0.396104 0.728904
vt 0.125000 0.525252
vt 0.396104 0.541579
vt 0.380276 0.750000
vt 0.380276 0.750000
vt 0.625000 0.508017
vt 0.380276 0.533416
vt 0.380276 0.712871
vt 0.390828 0.712871
vt 0.390828 0.533416
vt 0.390731 0.500000
vt 0.125000 0.728905
s 1
usemtl Masaneta_e_borda_de_trosos
f 2590/2610/2064 2559/2611/2045 2573/2611/2045 2858/2610/2049
f 2586/2612/2060 2565/2613/2047 2946/2613/2230 2771/2612/2218
f 2723/2614/2185 2683/2615/2145 3022/2615/2412 2938/2616/2336
f 2560/2617/2044 2558/2618/2044 2578/2619/2052 2595/2620/2052
f 2591/2621/2065 2570/2622/2046 2571/2623/2046 2574/2624/2048
f 2578/2619/2052 2558/2618/2044 2862/2618/2214 2755/2619/2202
f 2563/2625/2044 2561/2626/2044 2558/2618/2044 2560/2617/2044
f 2627/2627/2089 2723/2616/2185 2938/2614/2336 2895/2628/2311
f 2561/2626/2044 2587/2629/2061 2770/2629/2217 2767/2626/2214
f 2594/2630/2053 2567/2631/2046 2954/2631/2344 2826/2630/2262
f 2672/2632/2134 2710/2633/2172 2918/2634/2316 2999/2635/2389
f 2582/2636/2056 2629/2637/2091 2641/2637/2103 2637/2638/2099 2628/2639/2090 2894/2640/2144 2787/2636/2234
f 2565/2613/2047 2586/2612/2060 2603/2641/2060 2566/2642/2047
f 2559/2611/2045 2562/2643/2045 2572/2643/2045 2573/2611/2045
f 2660/2644/2122 2706/2645/2168 2891/2646/2308 2979/2644/2369
f 2602/2647/2061 2563/2625/2044 2867/2625/2259 2906/2647/2312
f 2682/2648/2144 2658/2649/2120 2978/2650/2368 3018/2651/2408
f 2696/2652/2158 2646/2653/2108 2958/2654/2348 2870/2655/2287
f 2570/2622/2046 2567/2631/2046 2564/2656/2046 2571/2623/2046
f 2982/2657/2372 2996/2658/2386 2992/2659/2382 2981/2660/2371 2863/2661/2213 2766/2662/2213 3020/2663/2410 3030/2664/2420 3026/2665/2416 3019/2666/2409
f 2568/2667/2047 2565/2613/2047 2566/2642/2047 2569/2668/2047
f 2562/2643/2045 2599/2669/2067 2819/2669/2056 2572/2643/2045
f 2871/2670/2288 2962/2671/2352 2976/2672/2366 2972/2673/2362 2961/2674/2351 2955/2675/2345 2838/2676/2266
f 2582/2636/2056 2599/2669/2067 2562/2643/2045 2629/2677/2091
f 2630/2678/2092 2644/2679/2106 2640/2680/2102 2629/2681/2091 2562/2643/2045 2559/2611/2045 2608/2682/2070 2618/2683/2080 2614/2684/2076 2607/2685/2069
f 2574/2624/2048 2571/2623/2046 2943/2623/2198 2739/2686/2192
f 2798/2687/2237 2950/2688/2340 3001/2689/2391 3013/2690/2403 3009/2691/2399 3000/2692/2390 2922/2693/2320
f 2598/2694/2066 2569/2668/2047 2801/2695/2240 2818/2694/2257
f 2939/2696/2337 3021/2697/2411 3033/2698/2423 3029/2699/2419 3020/2700/2410 2947/2701/2229 2782/2702/2229
f 2706/2646/2168 2610/2703/2072 2726/2704/2188 2891/2645/2308
f 2565/2613/2047 2568/2667/2047 2783/2667/2230 2946/2613/2230
f 2563/2625/2044 2560/2617/2044 2823/2617/2259 2867/2625/2259
f 2567/2631/2046 2570/2622/2046 2840/2705/2268 2850/2706/2278 2846/2707/2274 2839/2708/2267 2954/2631/2344
f 2571/2623/2046 2564/2656/2046 2751/2656/2198 2943/2709/2198
f 2920/2710/2318 2873/2711/2290 3095/2712/2259 3099/2713/2259
f 3020/2714/2410 2766/2715/2213 2772/2716/2219 2947/2701/2229
f 2799/2717/2238 2921/2718/2319 2933/2719/2331 2929/2720/2327 2920/2721/2318 3099/2713/2259 3039/2722/2429
f 2558/2618/2044 2561/2626/2044 2767/2626/2214 2862/2618/2214
f 2873/2723/2290 2885/2724/2302 2881/2725/2298 2872/2726/2289 2842/2727/2270 3068/2728/2448 3095/2712/2259
f 2896/2729/2146 2939/2696/2337 2782/2702/2229 2788/2730/2121
f 2569/2668/2047 2566/2642/2047 2951/2642/2341 2802/2731/2241 2816/2732/2255 2812/2733/2251 2801/2695/2240
f 2818/2694/2257 2801/2734/2240 2813/2735/2252 2809/2695/2248 2800/2694/2239 3038/2694/2428 3051/2694/2436
f 3062/2736/2442 3098/2736/2460 3094/2737/2460 3091/2737/2442
f 2750/2738/2197 2756/2739/2203 2863/2661/2213 2981/2740/2371
f 2961/2741/2351 2822/2742/2258 2827/2743/2173 2955/2675/2345
f 2707/2744/2169 2659/2745/2121 2684/2746/2146 2722/2747/2184
f 2566/2642/2047 2603/2641/2060 2908/2641/2313 2951/2642/2341
f 2712/2721/2174 2694/2748/2156 2874/2749/2291 2888/2711/2305 2884/2711/2301 2873/2711/2290 2920/2721/2318 2930/2750/2328 2926/2721/2324 2919/2750/2317
f 2564/2656/2046 2579/2751/2053 2754/2752/2201 2751/2656/2198
f 2711/2753/2173 2671/2754/2133 2647/2755/2109 2695/2756/2157
f 2568/2667/2047 2583/2757/2057 2786/2758/2233 2783/2759/2230
f 2608/2682/2070 2559/2611/2045 2590/2610/2064 2575/2760/2049
f 2648/2761/2110 2670/2762/2132 2998/2763/2388 2959/2764/2349
f 2560/2617/2044 2595/2620/2052 2828/2620/2263 2823/2617/2259
f 2567/2631/2046 2594/2630/2053 2579/2751/2053 2564/2656/2046
f 2942/2765/2197 2750/2766/2197 2981/2767/2371 2993/2768/2383 2989/2769/2379 2980/2770/2370 2890/2771/2307
f 3002/2772/2392 3016/2773/2406 3012/2774/2402 3001/2775/2391 2866/2776/2258 2822/2742/2258 2961/2741/2351 2973/2777/2363 2969/2778/2359 2960/2779/2350
f 2602/2647/2061 2587/2629/2061 2561/2626/2044 2563/2625/2044
f 2570/2622/2046 2591/2621/2065 2859/2621/2286 2840/2621/2268
f 2740/2780/2146 2942/2781/2197 2890/2771/2307 2728/2782/2121
f 2583/2757/2057 2568/2667/2047 2569/2668/2047 2598/2694/2066
f 2606/2783/2068 2707/2744/2169 2722/2747/2184 2626/2784/2088
f 3091/2737/2442 3094/2737/2460 3067/2785/2447 3080/2785/2455
f 2573/2611/2045 2572/2643/2045 3063/2643/2443 3090/2611/2443
f 3052/2786/2437 3040/2786/2430 3098/2736/2460 3062/2736/2442
f 2572/2643/2045 2819/2669/2056 3050/2669/2435 3063/2643/2443
f 2841/2787/2269 2853/2705/2281 2849/2705/2277 2840/2787/2268 2859/2621/2286 3078/2787/2453 3066/2787/2446
f 2950/2688/2340 2907/2788/2157 2866/2776/2258 3001/2789/2391
f 2858/2610/2049 2573/2611/2045 3090/2611/2443 3079/2610/2454
f 2606/2783/2068 2611/2790/2073 2613/2791/2075 2612/2792/2074
f 2611/2790/2073 2615/2793/2077 2616/2794/2078 2613/2791/2075
f 2607/2793/2069 2614/2795/2076 2616/2794/2078 2615/2793/2077
f 2614/2684/2076 2618/2683/2080 2619/2796/2081 2616/2797/2078
f 2608/2682/2070 2617/2798/2079 2619/2796/2081 2618/2683/2080
f 2617/2799/2079 2621/2799/2083 2622/2800/2084 2619/2801/2081
f 2609/2802/2071 2620/2803/2082 2622/2800/2084 2621/2799/2083
f 2620/2803/2082 2624/2804/2086 2625/2804/2087 2622/2800/2084
f 2610/2703/2072 2623/2805/2085 2625/2806/2087 2624/2806/2086
f 2623/2805/2085 2612/2792/2074 2613/2791/2075 2625/2806/2087
f 2613/2807/2075 2616/2808/2078 2619/2801/2081 2622/2800/2084 2625/2804/2087
f 2626/2784/2088 2631/2809/2093 2633/2810/2095 2632/2811/2094
f 2631/2809/2093 2635/2627/2097 2636/2812/2098 2633/2810/2095
f 2627/2627/2089 2634/2813/2096 2636/2812/2098 2635/2627/2097
f 2634/2813/2096 2638/2814/2100 2639/2815/2101 2636/2812/2098
f 2628/2814/2090 2637/2814/2099 2639/2815/2101 2638/2814/2100
f 2637/2638/2099 2641/2637/2103 2642/2816/2104 2639/2817/2101
f 2629/2637/2091 2640/2818/2102 2642/2816/2104 2641/2637/2103
f 2640/2818/2102 2644/2819/2106 2645/2820/2107 2642/2816/2104
f 2630/2678/2092 2643/2821/2105 2645/2822/2107 2644/2679/2106
f 2643/2821/2105 2632/2823/2094 2633/2824/2095 2645/2822/2107
f 2633/2825/2095 2636/2826/2098 2639/2817/2101 2642/2816/2104 2645/2820/2107
f 2646/2653/2108 2649/2827/2111 2651/2828/2113 2650/2829/2112
f 2649/2827/2111 2653/2830/2115 2654/2831/2116 2651/2828/2113
f 2647/2755/2109 2652/2832/2114 2654/2831/2116 2653/2830/2115
f 2652/2832/2114 2656/2833/2118 2657/2834/2119 2654/2831/2116
f 2648/2761/2110 2655/2835/2117 2657/2834/2119 2656/2833/2118
f 2655/2835/2117 2650/2829/2112 2651/2828/2113 2657/2834/2119
f 2651/2828/2113 2654/2831/2116 2657/2834/2119
f 2658/2649/2120 2661/2649/2123 2663/2836/2125 2662/2837/2124
f 2661/2649/2123 2665/2838/2127 2666/2839/2128 2663/2836/2125
f 2659/2745/2121 2664/2840/2126 2666/2839/2128 2665/2838/2127
f 2664/2840/2126 2668/2644/2130 2669/2841/2131 2666/2839/2128
f 2660/2644/2122 2667/2842/2129 2669/2841/2131 2668/2644/2130
f 2667/2842/2129 2662/2837/2124 2663/2836/2125 2669/2841/2131
f 2663/2836/2125 2666/2839/2128 2669/2841/2131
f 2670/2762/2132 2673/2843/2135 2675/2844/2137 2674/2845/2136
f 2673/2843/2135 2677/2846/2139 2678/2847/2140 2675/2844/2137
f 2671/2754/2133 2676/2848/2138 2678/2847/2140 2677/2846/2139
f 2676/2848/2138 2680/2849/2142 2681/2850/2143 2678/2847/2140
f 2672/2632/2134 2679/2851/2141 2681/2850/2143 2680/2849/2142
f 2679/2851/2141 2674/2845/2136 2675/2844/2137 2681/2850/2143
f 2675/2844/2137 2678/2847/2140 2681/2850/2143
f 2682/2648/2144 2685/2852/2147 2687/2853/2149 2686/2651/2148
f 2685/2852/2147 2689/2854/2151 2690/2855/2152 2687/2853/2149
f 2683/2615/2145 2688/2856/2150 2690/2855/2152 2689/2854/2151
f 2688/2856/2150 2692/2857/2154 2693/2858/2155 2690/2855/2152
f 2684/2746/2146 2691/2859/2153 2693/2858/2155 2692/2857/2154
f 2691/2859/2153 2686/2651/2148 2687/2853/2149 2693/2858/2155
f 2687/2853/2149 2690/2855/2152 2693/2858/2155
f 2694/2748/2156 2697/2711/2159 2699/2860/2161 2698/2861/2160
f 2697/2711/2159 2701/2862/2163 2702/2863/2164 2699/2860/2161
f 2695/2756/2157 2700/2864/2162 2702/2863/2164 2701/2862/2163
f 2700/2864/2162 2704/2865/2166 2705/2866/2167 2702/2863/2164
f 2696/2652/2158 2703/2867/2165 2705/2866/2167 2704/2865/2166
f 2703/2867/2165 2698/2861/2160 2699/2860/2161 2705/2866/2167
f 2699/2860/2161 2702/2863/2164 2705/2866/2167
f 2710/2633/2172 2713/2868/2175 2715/2869/2177 2714/2870/2176
f 2713/2868/2175 2717/2871/2179 2718/2872/2180 2715/2869/2177
f 2711/2753/2173 2716/2873/2178 2718/2872/2180 2717/2871/2179
f 2716/2873/2178 2720/2750/2182 2721/2874/2183 2718/2872/2180
f 2712/2721/2174 2719/2875/2181 2721/2874/2183 2720/2750/2182
f 2719/2875/2181 2714/2870/2176 2715/2869/2177 2721/2874/2183
f 2715/2869/2177 2718/2872/2180 2721/2874/2183
f 2726/2704/2188 2729/2806/2129 2731/2806/2131 2730/2876/2189
f 2729/2804/2129 2733/2877/2124 2734/2878/2125 2731/2804/2131
f 2727/2799/2120 2732/2799/2123 2734/2878/2125 2733/2877/2124
f 2732/2799/2123 2736/2799/2127 2737/2878/2128 2734/2878/2125
f 2728/2782/2121 2735/2879/2190 2737/2880/2128 2736/2881/2127
f 2735/2879/2190 2730/2876/2189 2731/2806/2131 2737/2880/2128
f 2731/2804/2131 2734/2878/2125 2737/2878/2128
f 2738/2760/2191 2741/2882/2193 2743/2883/2149 2742/2760/2148
f 2741/2882/2193 2745/2884/2195 2746/2884/2152 2743/2883/2149
f 2739/2686/2192 2744/2624/2194 2746/2885/2152 2745/2885/2195
f 2744/2886/2194 2748/2887/2196 2749/2888/2155 2746/2889/2152
f 2740/2780/2146 2747/2890/2153 2749/2888/2155 2748/2887/2196
f 2747/2760/2153 2742/2760/2148 2743/2883/2149 2749/2883/2155
f 2743/2883/2149 2746/2884/2152 2749/2883/2155
f 2754/2752/2201 2757/2891/2204 2759/2892/2206 2758/2751/2205
f 2757/2891/2204 2761/2893/2208 2762/2893/2209 2759/2892/2206
f 2755/2619/2202 2760/2619/2207 2762/2894/2209 2761/2895/2208
f 2760/2896/2207 2764/2897/2211 2765/2898/2212 2762/2899/2209
f 2756/2739/2203 2763/2900/2210 2765/2898/2212 2764/2897/2211
f 2763/2900/2210 2758/2901/2205 2759/2902/2206 2765/2898/2212
f 2759/2902/2206 2762/2899/2209 2765/2898/2212
f 2770/2629/2217 2773/2903/2220 2775/2904/2222 2774/2629/2221
f 2773/2905/2220 2777/2906/2224 2778/2907/2225 2775/2905/2222
f 2771/2612/2218 2776/2612/2223 2778/2907/2225 2777/2906/2224
f 2776/2612/2223 2780/2908/2227 2781/2909/2228 2778/2907/2225
f 2772/2716/2219 2779/2910/2226 2781/2909/2228 2780/2908/2227
f 2779/2910/2226 2774/2911/2221 2775/2912/2222 2781/2909/2228
f 2775/2912/2222 2778/2913/2225 2781/2909/2228
f 2786/2758/2233 2789/2914/2235 2791/2914/2131 2790/2915/2189
f 2789/2916/2235 2793/2917/2236 2794/2918/2125 2791/2916/2131
f 2787/2636/2234 2792/2636/2123 2794/2918/2125 2793/2917/2236
f 2792/2636/2123 2796/2636/2127 2797/2918/2128 2794/2918/2125
f 2788/2730/2121 2795/2919/2190 2797/2920/2128 2796/2921/2127
f 2795/2919/2190 2790/2915/2189 2791/2914/2131 2797/2920/2128
f 2791/2916/2131 2794/2918/2125 2797/2918/2128
f 2798/2687/2237 2803/2922/2242 2805/2923/2244 2804/2924/2243
f 2803/2922/2242 2807/2925/2246 2808/2926/2247 2805/2923/2244
f 2799/2717/2238 2806/2927/2245 2808/2926/2247 2807/2925/2246
f 2806/2927/2245 2810/2928/2249 2811/2929/2250 2808/2926/2247
f 2800/2668/2239 2809/2668/2248 2811/2929/2250 2810/2928/2249
f 2809/2695/2248 2813/2735/2252 2814/2930/2253 2811/2931/2250
f 2801/2734/2240 2812/2932/2251 2814/2930/2253 2813/2735/2252
f 2812/2932/2251 2816/2933/2255 2817/2934/2256 2814/2930/2253
f 2802/2731/2241 2815/2731/2254 2817/2935/2256 2816/2732/2255
f 2815/2731/2254 2804/2924/2243 2805/2923/2244 2817/2935/2256
f 2805/2923/2244 2808/2926/2247 2811/2929/2250 2814/2930/2253 2817/2935/2256
f 2826/2630/2262 2829/2630/2175 2831/2936/2177 2830/2937/2264
f 2829/2630/2175 2833/2938/2179 2834/2939/2180 2831/2936/2177
f 2827/2743/2173 2832/2940/2178 2834/2939/2180 2833/2938/2179
f 2832/2940/2178 2836/2620/2182 2837/2941/2183 2834/2939/2180
f 2828/2620/2263 2835/2942/2265 2837/2941/2183 2836/2620/2182
f 2835/2942/2265 2830/2937/2264 2831/2936/2177 2837/2941/2183
f 2831/2936/2177 2834/2939/2180 2837/2941/2183
f 2838/2676/2266 2843/2943/2271 2845/2944/2273 2844/2945/2272
f 2843/2943/2271 2847/2946/2275 2848/2947/2276 2845/2944/2273
f 2839/2708/2267 2846/2707/2274 2848/2947/2276 2847/2946/2275
f 2846/2707/2274 2850/2706/2278 2851/2948/2279 2848/2949/2276
f 2840/2705/2268 2849/2950/2277 2851/2948/2279 2850/2706/2278
f 2849/2705/2277 2853/2705/2281 2854/2951/2282 2851/2952/2279
f 2841/2787/2269 2852/2953/2280 2854/2951/2282 2853/2705/2281
f 2852/2953/2280 2856/2954/2284 2857/2955/2285 2854/2951/2282
f 2842/2727/2270 2855/2727/2283 2857/2955/2285 2856/2954/2284
f 2855/2727/2283 2844/2945/2272 2845/2944/2273 2857/2955/2285
f 2845/2944/2273 2848/2947/2276 2851/2948/2279 2854/2951/2282 2857/2955/2285
f 2870/2655/2287 2875/2655/2292 2877/2956/2294 2876/2957/2293
f 2875/2655/2292 2879/2958/2296 2880/2959/2297 2877/2956/2294
f 2871/2670/2288 2878/2960/2295 2880/2959/2297 2879/2958/2296
f 2878/2960/2295 2882/2961/2299 2883/2962/2300 2880/2959/2297
f 2872/2726/2289 2881/2725/2298 2883/2962/2300 2882/2961/2299
f 2881/2725/2298 2885/2724/2302 2886/2963/2303 2883/2964/2300
f 2873/2723/2290 2884/2965/2301 2886/2963/2303 2885/2724/2302
f 2884/2711/2301 2888/2711/2305 2889/2966/2306 2886/2963/2303
f 2874/2749/2291 2887/2967/2304 2889/2966/2306 2888/2711/2305
f 2887/2967/2304 2876/2957/2293 2877/2956/2294 2889/2966/2306
f 2877/2956/2294 2880/2959/2297 2883/2962/2300 2886/2963/2303 2889/2966/2306
f 2894/2640/2144 2897/2968/2147 2899/2969/2149 2898/2640/2148
f 2897/2968/2147 2901/2826/2151 2902/2826/2152 2899/2969/2149
f 2895/2628/2311 2900/2627/2194 2902/2814/2152 2901/2814/2151
f 2900/2627/2194 2904/2970/2196 2905/2971/2155 2902/2814/2152
f 2896/2729/2146 2903/2972/2153 2905/2971/2155 2904/2970/2196
f 2903/2640/2153 2898/2640/2148 2899/2969/2149 2905/2973/2155
f 2899/2969/2149 2902/2826/2152 2905/2973/2155
f 2906/2647/2312 2909/2647/2159 2911/2974/2161 2910/2975/2314
f 2909/2647/2159 2913/2976/2163 2914/2977/2164 2911/2974/2161
f 2907/2788/2157 2912/2978/2162 2914/2977/2164 2913/2976/2163
f 2912/2978/2162 2916/2641/2166 2917/2979/2167 2914/2977/2164
f 2908/2641/2313 2915/2980/2315 2917/2979/2167 2916/2641/2166
f 2915/2980/2315 2910/2975/2314 2911/2974/2161 2917/2979/2167
f 2911/2974/2161 2914/2977/2164 2917/2979/2167
f 2918/2634/2316 2923/2981/2321 2925/2982/2323 2924/2633/2322
f 2923/2981/2321 2927/2983/2325 2928/2984/2326 2925/2982/2323
f 2919/2985/2317 2926/2986/2324 2928/2984/2326 2927/2983/2325
f 2926/2721/2324 2930/2750/2328 2931/2987/2329 2928/2988/2326
f 2920/2721/2318 2929/2989/2327 2931/2987/2329 2930/2750/2328
f 2929/2989/2327 2933/2719/2331 2934/2990/2332 2931/2987/2329
f 2921/2718/2319 2932/2991/2330 2934/2992/2332 2933/2719/2331
f 2932/2991/2330 2936/2993/2334 2937/2994/2335 2934/2992/2332
f 2922/2693/2320 2935/2995/2333 2937/2994/2335 2936/2993/2334
f 2935/2995/2333 2924/2633/2322 2925/2982/2323 2937/2994/2335
f 2925/2982/2323 2928/2984/2326 2931/2987/2329 2934/2992/2332 2937/2994/2335
f 2958/2654/2348 2963/2996/2353 2965/2997/2355 2964/2827/2354
f 2963/2996/2353 2967/2998/2357 2968/2999/2358 2965/2997/2355
f 2959/2764/2349 2966/2764/2356 2968/2999/2358 2967/2998/2357
f 2966/2764/2356 2970/2764/2360 2971/3000/2361 2968/2999/2358
f 2960/2764/2350 2969/3001/2359 2971/3000/2361 2970/2764/2360
f 2969/3001/2359 2973/3002/2363 2974/3003/2364 2971/3000/2361
f 2961/2741/2351 2972/3004/2362 2974/3005/2364 2973/2777/2363
f 2972/2673/2362 2976/2672/2366 2977/3006/2367 2974/3005/2364
f 2962/2671/2352 2975/3007/2365 2977/3006/2367 2976/2672/2366
f 2975/3007/2365 2964/2827/2354 2965/2997/2355 2977/3006/2367
f 2965/2997/2355 2968/2999/2358 2971/3000/2361 2974/3005/2364 2977/3006/2367
f 2978/2650/2368 2983/3008/2373 2985/3009/2375 2984/3010/2374
f 2983/3008/2373 2987/3011/2377 2988/3012/2378 2985/3009/2375
f 2979/2644/2369 2986/3013/2376 2988/3012/2378 2987/3011/2377
f 2986/3013/2376 2990/2644/2380 2991/3014/2381 2988/3012/2378
f 2980/3013/2370 2989/3015/2379 2991/3014/2381 2990/2644/2380
f 2989/2769/2379 2993/2768/2383 2994/3016/2384 2991/3017/2381
f 2981/2767/2371 2992/3018/2382 2994/3016/2384 2993/2768/2383
f 2992/3018/2382 2996/3019/2386 2997/3020/2387 2994/3016/2384
f 2982/2657/2372 2995/3021/2385 2997/3020/2387 2996/2658/2386
f 2995/3021/2385 2984/3010/2374 2985/3009/2375 2997/3020/2387
f 2985/3009/2375 2988/3012/2378 2991/3014/2381 2994/3016/2384 2997/3020/2387
f 2998/2763/2388 3003/3022/2393 3005/3023/2395 3004/3024/2394
f 3003/3022/2393 3007/3025/2397 3008/3026/2398 3005/3023/2395
f 2999/2635/2389 3006/2849/2396 3008/3026/2398 3007/3025/2397
f 3006/2849/2396 3010/3027/2400 3011/3028/2401 3008/3026/2398
f 3000/3029/2390 3009/3030/2399 3011/3028/2401 3010/3027/2400
f 3009/3030/2399 3013/3031/2403 3014/3032/2404 3011/3028/2401
f 3001/2689/2391 3012/3033/2402 3014/3034/2404 3013/2690/2403
f 3012/3033/2402 3016/3035/2406 3017/3036/2407 3014/3034/2404
f 3002/2772/2392 3015/3037/2405 3017/3038/2407 3016/2773/2406
f 3015/3037/2405 3004/3024/2394 3005/3023/2395 3017/3038/2407
f 3005/3023/2395 3008/3026/2398 3011/3028/2401 3014/3034/2404 3017/3038/2407
f 3018/2651/2408 3023/2648/2413 3025/3039/2415 3024/3040/2414
f 3023/2648/2413 3027/2651/2417 3028/3041/2418 3025/3039/2415
f 3019/2648/2409 3026/3042/2416 3028/3041/2418 3027/2651/2417
f 3026/3042/2416 3030/3043/2420 3031/3044/2421 3028/3041/2418
f 3020/2663/2410 3029/2699/2419 3031/3045/2421 3030/2664/2420
f 3029/2699/2419 3033/2698/2423 3034/3046/2424 3031/3045/2421
f 3021/2697/2411 3032/3047/2422 3034/3046/2424 3033/2698/2423
f 3032/3047/2422 3036/3048/2426 3037/3049/2427 3034/3046/2424
f 3022/2615/2412 3035/3050/2425 3037/3049/2427 3036/3048/2426
f 3035/3050/2425 3024/3040/2414 3025/3039/2415 3037/3049/2427
f 3025/3039/2415 3028/3041/2418 3031/3045/2421 3034/3046/2424 3037/3049/2427
f 3038/2694/2428 3041/3051/2431 3043/3052/2167 3042/2734/2432
f 3041/3051/2431 3045/3053/2433 3046/3054/2161 3043/3052/2167
f 3039/2722/2429 3044/2722/2159 3046/3054/2161 3045/3053/2433
f 3044/2722/2159 3048/3055/2163 3049/3056/2164 3046/3054/2161
f 3040/2786/2430 3047/3057/2434 3049/3056/2164 3048/3055/2163
f 3047/3057/2434 3042/2734/2432 3043/3052/2167 3049/3056/2164
f 3043/3052/2167 3046/3054/2161 3049/3056/2164
f 3050/2669/2435 3053/3058/2438 3055/3059/2119 3054/2669/2118
f 3053/3058/2438 3057/3060/2440 3058/3061/2113 3055/3059/2119
f 3051/2694/2436 3056/2734/2439 3058/3061/2113 3057/3060/2440
f 3056/2734/2439 3060/3057/2441 3061/3062/2116 3058/3061/2113
f 3052/2786/2437 3059/3063/2114 3061/3062/2116 3060/3057/2441
f 3059/3063/2114 3054/2669/2118 3055/3059/2119 3061/3062/2116
f 3055/3059/2119 3058/3061/2113 3061/3062/2116
f 3066/2787/2446 3069/2787/2449 3071/3064/2177 3070/3065/2450
f 3069/2787/2449 3073/3066/2451 3074/3067/2180 3071/3064/2177
f 3067/2785/2447 3072/3068/2178 3074/3067/2180 3073/3066/2451
f 3072/3068/2178 3076/2728/2182 3077/3069/2183 3074/3067/2180
f 3068/2728/2448 3075/3070/2452 3077/3069/2183 3076/2728/2182
f 3075/3070/2452 3070/3065/2450 3071/3064/2177 3077/3069/2183
f 3071/3064/2177 3074/3067/2180 3077/3069/2183
f 3078/2787/2453 3081/3071/2456 3083/3072/2143 3082/2787/2457
f 3081/3071/2456 3085/3073/2458 3086/3074/2137 3083/3072/2143
f 3079/2610/2454 3084/2610/2135 3086/3074/2137 3085/3073/2458
f 3084/2610/2135 3088/3075/2139 3089/3076/2140 3086/3074/2137
f 3080/2785/2455 3087/3066/2459 3089/3076/2140 3088/3075/2139
f 3087/3066/2459 3082/2787/2457 3083/3072/2143 3089/3076/2140
f 3083/3072/2143 3086/3074/2137 3089/3076/2140
f 2599/2669/2067 2582/2636/2056 2584/3077/2058 2601/3078/2058
f 2601/3078/2058 2584/3077/2058 2585/2916/2059 2600/3079/2059
f 2600/3079/2059 2585/2914/2059 2583/2757/2057 2598/2694/2066
f 2587/2629/2061 2602/2647/2061 2604/3080/2063 2589/2903/2063
f 2589/2905/2063 2604/3080/2063 2605/3081/2062 2588/3082/2062
f 2588/3082/2062 2605/3081/2062 2603/2641/2060 2586/2612/2060
f 2575/2760/2049 2590/2610/2064 2592/3083/2051 2577/3084/2051
f 2577/3084/2051 2592/3083/2051 2593/3085/2050 2576/2884/2050
f 2576/2885/2050 2593/3085/2050 2591/2621/2065 2574/2624/2048
f 2595/2620/2052 2578/2619/2052 2580/2895/2054 2597/3086/2054
f 2597/3086/2054 2580/2893/2054 2581/3087/2055 2596/3088/2055
f 2596/3088/2055 2581/3087/2055 2579/2751/2053 2594/2630/2053
f 2630/2678/2092 2607/2685/2069 2615/3089/2077 2643/2821/2105
f 2643/2821/2105 2615/3089/2077 2611/3090/2073 2632/2823/2094
f 2632/2811/2094 2611/2793/2073 2606/2783/2068 2626/2784/2088
f 2874/2749/2291 2694/2748/2156 2698/2861/2160 2887/2967/2304
f 2887/2967/2304 2698/2861/2160 2703/2867/2165 2876/2957/2293
f 2876/2957/2293 2703/2867/2165 2696/2652/2158 2870/2655/2287
f 2707/2744/2169 2606/2783/2068 2612/2792/2074 2709/3091/2171
f 2709/3091/2171 2612/2792/2074 2623/2805/2085 2708/2646/2170
f 2708/2646/2170 2623/2805/2085 2610/2703/2072 2706/2646/2168
f 2648/2761/2110 2959/2764/2349 2967/2998/2357 2655/2835/2117
f 2655/2835/2117 2967/2998/2357 2963/2996/2353 2650/2829/2112
f 2650/2829/2112 2963/2996/2353 2958/2654/2348 2646/2653/2108
f 2723/2616/2185 2627/2627/2089 2635/2627/2097 2725/2614/2187
f 2725/2614/2187 2635/2627/2097 2631/2809/2093 2724/3092/2186
f 2724/3092/2186 2631/2809/2093 2626/2784/2088 2722/2747/2184
f 2819/2669/2056 2599/2669/2067 2601/3078/2058 2821/3078/2058
f 2821/3078/2058 2601/3078/2058 2600/3093/2059 2820/3093/2059
f 2820/3093/2059 2600/3093/2059 2598/2694/2066 2818/2694/2257
f 2658/2649/2120 2682/2648/2144 2686/2651/2148 2661/2649/2123
f 2661/2649/2123 2686/2651/2148 2691/2859/2153 2665/2838/2127
f 2665/2838/2127 2691/2859/2153 2684/2746/2146 2659/2745/2121
f 2609/2802/2071 2727/2799/2120 2733/2877/2124 2620/2803/2082
f 2620/2803/2082 2733/2877/2124 2729/2804/2129 2624/2804/2086
f 2624/2806/2086 2729/2806/2129 2726/2704/2188 2610/2703/2072
f 2670/2762/2132 2648/2761/2110 2656/2833/2118 2673/2843/2135
f 2673/2843/2135 2656/2833/2118 2652/2832/2114 2677/2846/2139
f 2677/2846/2139 2652/2832/2114 2647/2755/2109 2671/2754/2133
f 2646/2653/2108 2696/2652/2158 2704/2865/2166 2649/2827/2111
f 2649/2827/2111 2704/2865/2166 2700/2864/2162 2653/2830/2115
f 2653/2830/2115 2700/2864/2162 2695/2756/2157 2647/2755/2109
f 2659/2745/2121 2707/2744/2169 2709/3091/2171 2664/2840/2126
f 2664/2840/2126 2709/3091/2171 2708/2646/2170 2668/2644/2130
f 2668/2644/2130 2708/2646/2170 2706/2645/2168 2660/2644/2122
f 2671/2754/2133 2711/2753/2173 2717/2871/2179 2676/2848/2138
f 2676/2848/2138 2717/2871/2179 2713/2868/2175 2680/2849/2142
f 2680/2849/2142 2713/2868/2175 2710/2633/2172 2672/2632/2134
f 2683/2615/2145 2723/2614/2185 2725/2614/2187 2688/2856/2150
f 2688/2856/2150 2725/2614/2187 2724/3092/2186 2692/2857/2154
f 2692/2857/2154 2724/3092/2186 2722/2747/2184 2684/2746/2146
f 2828/2620/2263 2595/2620/2052 2597/3094/2054 2835/2942/2265
f 2835/2942/2265 2597/3094/2054 2596/3088/2055 2830/2937/2264
f 2830/2937/2264 2596/3088/2055 2594/2630/2053 2826/2630/2262
f 2711/2753/2173 2695/2756/2157 2701/2862/2163 2716/2873/2178
f 2716/2873/2178 2701/2862/2163 2697/2711/2159 2720/2750/2182
f 2720/2750/2182 2697/2711/2159 2694/2748/2156 2712/2721/2174
f 2727/2799/2120 2738/2760/2191 2742/2760/2148 2732/2799/2123
f 2732/2799/2123 2742/2760/2148 2747/2760/2153 2736/2799/2127
f 2736/2881/2127 2747/2890/2153 2740/2780/2146 2728/2782/2121
f 2751/2656/2198 2754/2752/2201 2758/2751/2205 2753/2656/2200
f 2753/3095/2200 2758/2901/2205 2763/2900/2210 2752/3096/2199
f 2752/3096/2199 2763/2900/2210 2756/2739/2203 2750/2738/2197
f 2767/2626/2214 2770/2629/2217 2774/2629/2221 2769/2626/2216
f 2769/3097/2216 2774/2911/2221 2779/2910/2226 2768/3098/2215
f 2768/3098/2215 2779/2910/2226 2772/2716/2219 2766/2715/2213
f 2783/2759/2230 2786/2758/2233 2790/2915/2189 2785/2667/2232
f 2785/2667/2232 2790/2915/2189 2795/2919/2190 2784/3099/2231
f 2784/3099/2231 2795/2919/2190 2788/2730/2121 2782/2702/2229
f 2823/2617/2259 2828/2620/2263 2836/2620/2182 2825/2617/2261
f 2825/2617/2261 2836/2620/2182 2832/2940/2178 2824/3100/2260
f 2824/3100/2260 2832/2940/2178 2827/2743/2173 2822/2742/2258
f 2755/2619/2202 2862/2618/2214 2864/2618/2216 2760/2619/2207
f 2760/2896/2207 2864/3101/2216 2865/3102/2215 2764/2897/2211
f 2764/2897/2211 2865/3102/2215 2863/2661/2213 2756/2739/2203
f 2867/2625/2259 2823/2617/2259 2825/2617/2261 2869/3103/2261
f 2869/3103/2261 2825/2617/2261 2824/3100/2260 2868/3104/2260
f 2868/3104/2260 2824/3100/2260 2822/2742/2258 2866/2776/2258
f 2891/2645/2308 2726/2704/2188 2730/2876/2189 2893/2646/2310
f 2893/2646/2310 2730/2876/2189 2735/2879/2190 2892/3105/2309
f 2892/3105/2309 2735/2879/2190 2728/2782/2121 2890/2771/2307
f 2862/2618/2214 2767/2626/2214 2769/2626/2216 2864/2618/2216
f 2864/3101/2216 2769/3097/2216 2768/3098/2215 2865/3102/2215
f 2865/3102/2215 2768/3098/2215 2766/2662/2213 2863/2661/2213
f 2787/2636/2234 2894/2640/2144 2898/2640/2148 2792/2636/2123
f 2792/2636/2123 2898/2640/2148 2903/2640/2153 2796/2636/2127
f 2796/2921/2127 2903/2972/2153 2896/2729/2146 2788/2730/2121
f 2906/2647/2312 2867/2625/2259 2869/3103/2261 2909/2647/2159
f 2909/2647/2159 2869/3103/2261 2868/3104/2260 2913/2976/2163
f 2913/2976/2163 2868/3104/2260 2866/2776/2258 2907/2788/2157
f 2818/2694/2257 3051/2694/2436 3057/3060/2440 2820/3093/2059
f 2820/3093/2059 3057/3060/2440 3053/3058/2438 2821/3078/2058
f 2821/3078/2058 3053/3058/2438 3050/2669/2435 2819/2669/2056
f 2939/2696/2337 2896/2729/2146 2904/2970/2196 2941/3106/2339
f 2941/3106/2339 2904/2970/2196 2900/2627/2194 2940/2614/2338
f 2940/2614/2338 2900/2627/2194 2895/2628/2311 2938/2614/2336
f 2943/2709/2198 2751/2656/2198 2753/2656/2200 2945/2623/2200
f 2945/3107/2200 2753/3095/2200 2752/3108/2199 2944/3109/2199
f 2944/3109/2199 2752/3108/2199 2750/2766/2197 2942/2765/2197
f 2771/2612/2218 2946/2613/2230 2948/2613/2232 2776/2612/2223
f 2776/2612/2223 2948/2613/2232 2949/3110/2231 2780/2908/2227
f 2780/2908/2227 2949/3110/2231 2947/2701/2229 2772/2716/2219
f 2907/2788/2157 2950/2688/2340 2952/3111/2342 2912/2978/2162
f 2912/2978/2162 2952/3111/2342 2953/2642/2343 2916/2641/2166
f 2916/2641/2166 2953/2642/2343 2951/2642/2341 2908/2641/2313
f 2826/2630/2262 2954/2631/2344 2956/2631/2346 2829/2630/2175
f 2829/2630/2175 2956/2631/2346 2957/3112/2347 2833/2938/2179
f 2833/2938/2179 2957/3112/2347 2955/2675/2345 2827/2743/2173
f 2982/2657/2372 3019/2666/2409 3027/3113/2417 2995/3021/2385
f 2995/3021/2385 3027/3113/2417 3023/2648/2413 2984/3010/2374
f 2984/3010/2374 3023/2648/2413 3018/2651/2408 2978/2650/2368
f 3002/2772/2392 2960/2779/2350 2970/3114/2360 3015/3037/2405
f 3015/3037/2405 2970/3114/2360 2966/2764/2356 3004/3024/2394
f 3004/3024/2394 2966/2764/2356 2959/2764/2349 2998/2763/2388
f 2946/2613/2230 2783/2667/2230 2785/2667/2232 2948/2613/2232
f 2948/2613/2232 2785/2667/2232 2784/3099/2231 2949/3110/2231
f 2949/3110/2231 2784/3099/2231 2782/2702/2229 2947/2701/2229
f 2950/2688/2340 2798/2687/2237 2804/2924/2243 2952/3111/2342
f 2952/3111/2342 2804/2924/2243 2815/2731/2254 2953/2642/2343
f 2953/2642/2343 2815/2731/2254 2802/2731/2241 2951/2642/2341
f 2954/2631/2344 2839/2708/2267 2847/3115/2275 2956/2631/2346
f 2956/2631/2346 2847/3115/2275 2843/2943/2271 2957/3112/2347
f 2957/3112/2347 2843/2943/2271 2838/2676/2266 2955/2675/2345
f 2962/2671/2352 2871/2670/2288 2879/2958/2296 2975/3007/2365
f 2975/3007/2365 2879/2958/2296 2875/2655/2292 2964/2827/2354
f 2964/2827/2354 2875/2655/2292 2870/2655/2287 2958/2654/2348
f 2979/2644/2369 2891/2646/2308 2893/2646/2310 2986/3013/2376
f 2986/3013/2376 2893/2646/2310 2892/3105/2309 2990/3116/2380
f 2990/3116/2380 2892/3105/2309 2890/2771/2307 2980/2770/2370
f 2999/2635/2389 2918/2634/2316 2924/2633/2322 3006/2849/2396
f 3006/2849/2396 2924/2633/2322 2935/2995/2333 3010/3117/2400
f 3010/3117/2400 2935/2995/2333 2922/2693/2320 3000/2692/2390
f 3021/2697/2411 2939/2696/2337 2941/3106/2339 3032/3047/2422
f 3032/3047/2422 2941/3106/2339 2940/2614/2338 3036/3048/2426
f 3036/3048/2426 2940/2614/2338 2938/2616/2336 3022/2615/2412
f 2739/2686/2192 2943/2623/2198 2945/2623/2200 2744/2624/2194
f 2744/2886/2194 2945/3107/2200 2944/3118/2199 2748/2887/2196
f 2748/2887/2196 2944/3118/2199 2942/2781/2197 2740/2780/2146
f 2871/2670/2288 2838/2676/2266 2844/2945/2272 2878/2960/2295
f 2878/2960/2295 2844/2945/2272 2855/2727/2283 2882/3119/2299
f 2882/3119/2299 2855/2727/2283 2842/2727/2270 2872/2726/2289
f 2798/2687/2237 2922/2693/2320 2936/2993/2334 2803/2922/2242
f 2803/2922/2242 2936/2993/2334 2932/2991/2330 2807/2925/2246
f 2807/2925/2246 2932/2991/2330 2921/2718/2319 2799/2717/2238
f 2978/2650/2368 2658/2649/2120 2662/2837/2124 2983/3008/2373
f 2983/3008/2373 2662/2837/2124 2667/2842/2129 2987/3011/2377
f 2987/3011/2377 2667/2842/2129 2660/2644/2122 2979/2644/2369
f 2627/2627/2089 2895/2628/2311 2901/2814/2151 2634/2814/2096
f 2634/2826/2096 2901/2826/2151 2897/2968/2147 2638/3120/2100
f 2638/3120/2100 2897/2968/2147 2894/2640/2144 2628/2639/2090
f 2786/2758/2233 2583/2757/2057 2585/2914/2059 2789/2914/2235
f 2789/2916/2235 2585/2916/2059 2584/3077/2058 2793/2917/2236
f 2793/2917/2236 2584/3077/2058 2582/2636/2056 2787/2636/2234
f 2712/2721/2174 2919/2750/2317 2927/3121/2325 2719/2875/2181
f 2719/2875/2181 2927/3121/2325 2923/2981/2321 2714/2870/2176
f 2714/2870/2176 2923/2981/2321 2918/2634/2316 2710/2633/2172
f 2998/2763/2388 2670/2762/2132 2674/2845/2136 3003/3022/2393
f 3003/3022/2393 2674/2845/2136 2679/2851/2141 3007/3025/2397
f 3007/3025/2397 2679/2851/2141 2672/2632/2134 2999/2635/2389
f 2590/2610/2064 2858/2610/2049 2860/3083/2051 2592/3083/2051
f 2592/3083/2051 2860/3083/2051 2861/3122/2050 2593/3123/2050
f 2593/3123/2050 2861/3122/2050 2859/2621/2286 2591/2621/2065
f 3022/2615/2412 2683/2615/2145 2689/2854/2151 3035/3050/2425
f 3035/3050/2425 2689/2854/2151 2685/2852/2147 3024/3040/2414
f 3024/3040/2414 2685/2852/2147 2682/2648/2144 3018/2651/2408
f 2908/2641/2313 2603/2641/2060 2605/3081/2062 2915/2980/2315
f 2915/2980/2315 2605/3081/2062 2604/3124/2063 2910/2975/2314
f 2910/2975/2314 2604/3124/2063 2602/2647/2061 2906/2647/2312
f 2738/2760/2191 2575/2760/2049 2577/3084/2051 2741/2882/2193
f 2741/2882/2193 2577/3084/2051 2576/2884/2050 2745/2884/2195
f 2745/2885/2195 2576/2885/2050 2574/2624/2048 2739/2686/2192
f 2754/2752/2201 2579/2751/2053 2581/3087/2055 2757/2891/2204
f 2757/2891/2204 2581/3087/2055 2580/2893/2054 2761/2893/2208
f 2761/2895/2208 2580/2895/2054 2578/2619/2052 2755/2619/2202
f 2586/2612/2060 2771/2612/2218 2777/2906/2224 2588/3082/2062
f 2588/3082/2062 2777/2906/2224 2773/2905/2220 2589/2905/2063
f 2589/2903/2063 2773/2903/2220 2770/2629/2217 2587/2629/2061
f 3040/2786/2430 3052/2786/2437 3060/3057/2441 3047/3057/2434
f 3047/3057/2434 3060/3057/2441 3056/2734/2439 3042/2734/2432
f 3042/2734/2432 3056/2734/2439 3051/2694/2436 3038/2694/2428
f 3063/2643/2443 3050/2669/2435 3054/2669/2118 3065/2643/2445
f 3065/2643/2445 3054/2669/2118 3059/3063/2114 3064/3125/2444
f 3064/3125/2444 3059/3063/2114 3052/2786/2437 3062/2736/2442
f 3066/2787/2446 3078/2787/2453 3082/2787/2457 3069/2787/2449
f 3069/2787/2449 3082/2787/2457 3087/3066/2459 3073/3066/2451
f 3073/3066/2451 3087/3066/2459 3080/2785/2455 3067/2785/2447
f 3079/2610/2454 3090/2611/2443 3092/2611/2445 3084/2610/2135
f 3084/2610/2135 3092/2611/2445 3093/3126/2444 3088/3075/2139
f 3088/3075/2139 3093/3126/2444 3091/2737/2442 3080/2785/2455
f 3090/2611/2443 3063/2643/2443 3065/2643/2445 3092/2611/2445
f 3092/2611/2445 3065/2643/2445 3064/3125/2444 3093/3126/2444
f 3093/3126/2444 3064/3125/2444 3062/2736/2442 3091/2737/2442
f 3095/2712/2259 3068/2728/2448 3076/2728/2182 3097/2712/2261
f 3097/2712/2261 3076/2728/2182 3072/3068/2178 3096/3127/2260
f 3096/3127/2260 3072/3068/2178 3067/2785/2447 3094/2737/2460
f 3099/2713/2259 3095/2712/2259 3097/2712/2261 3101/2713/2261
f 3101/2713/2261 3097/2712/2261 3096/3127/2260 3100/3128/2260
f 3100/3128/2260 3096/3127/2260 3094/2737/2460 3098/2736/2460
f 3039/2722/2429 3099/2713/2259 3101/2713/2261 3044/2722/2159
f 3044/2722/2159 3101/2713/2261 3100/3128/2260 3048/3055/2163
f 3048/3055/2163 3100/3128/2260 3098/2736/2460 3040/2786/2430
f 3038/2694/2428 2800/2694/2239 2810/3129/2249 3041/3051/2431
f 3041/3051/2431 2810/3129/2249 2806/2927/2245 3045/3053/2433
f 3045/3053/2433 2806/2927/2245 2799/2717/2238 3039/2722/2429
f 2841/2787/2269 3066/2787/2446 3070/3065/2450 2852/2953/2280
f 2852/2953/2280 3070/3065/2450 3075/3070/2452 2856/2954/2284
f 2856/2954/2284 3075/3070/2452 3068/2728/2448 2842/2727/2270
f 3078/2787/2453 2859/2621/2286 2861/3122/2050 3081/3071/2456
f 3081/3071/2456 2861/3122/2050 2860/3083/2051 3085/3073/2458
f 3085/3073/2458 2860/3083/2051 2858/2610/2049 3079/2610/2454
f 2609/2802/2071 2621/2799/2083 2617/2799/2079 2608/3130/2070 2575/2760/2049 2738/2760/2191 2727/2799/2120
o Icosphere
v 0.795395 0.199042 0.817999
v 0.674526 0.199046 0.778724
v 0.674525 0.199044 0.651634
v 0.795394 0.199039 0.612361
v 0.870097 0.199037 0.715181
v 0.762140 0.266871 0.715121
v 0.876674 0.170746 0.733483
v 0.842539 0.116957 0.757112
v 0.842528 0.116932 0.671110
v 0.876680 0.170760 0.697793
v 0.779802 0.170737 0.831126
v 0.743904 0.116996 0.806875
v 0.825671 0.116921 0.780317
v 0.813749 0.170752 0.820094
v 0.657015 0.170755 0.769167
v 0.666076 0.116983 0.728435
v 0.716622 0.116962 0.798025
v 0.677995 0.170764 0.798035
v 0.677991 0.170754 0.633238
v 0.716610 0.116936 0.630194
v 0.666082 0.116997 0.699761
v 0.657010 0.170743 0.662112
v 0.813751 0.170758 0.611181
v 0.825671 0.116919 0.647918
v 0.743897 0.116979 0.621323
v 0.779803 0.170739 0.600159
v 0.862569 0.206556 0.743999
v 0.845320 0.209529 0.775557
v 0.820617 0.206556 0.801740
v 0.765701 0.206556 0.819583
v 0.730364 0.209529 0.812908
v 0.697822 0.206556 0.797528
v 0.663883 0.206556 0.750814
v 0.659318 0.209529 0.715122
v 0.663883 0.206556 0.679442
v 0.697822 0.206556 0.632729
v 0.730364 0.209529 0.617335
v 0.765701 0.206556 0.610673
v 0.820617 0.206556 0.628516
v 0.845320 0.209529 0.654686
v 0.862569 0.206556 0.686258
v 0.771520 0.262997 0.743991
v 0.781776 0.248820 0.775556
v 0.790281 0.225475 0.801733
v 0.853209 0.225475 0.715121
v 0.825686 0.248819 0.715121
v 0.792496 0.262997 0.715121
v 0.737581 0.262997 0.732964
v 0.710730 0.248820 0.752471
v 0.688463 0.225475 0.768649
v 0.737581 0.262997 0.697278
v 0.710730 0.248820 0.677770
v 0.688463 0.225475 0.661592
v 0.771520 0.262997 0.686250
v 0.781776 0.248820 0.654686
v 0.790281 0.225475 0.628509
v 0.805871 0.254111 0.683348
v 0.839279 0.233464 0.683348
v 0.816195 0.233464 0.651575
v 0.745436 0.254111 0.663712
v 0.755759 0.233464 0.631939
v 0.718408 0.233464 0.644075
v 0.708085 0.254111 0.715121
v 0.681057 0.233464 0.695484
v 0.681057 0.233464 0.734757
v 0.745436 0.254111 0.766530
v 0.718408 0.233464 0.786166
v 0.755759 0.233464 0.798303
v 0.805871 0.254111 0.746893
v 0.816195 0.233464 0.778666
v 0.839279 0.233464 0.746894
v 0.865346 0.174410 0.664164
v 0.842267 0.174421 0.632387
v 0.744467 0.174394 0.600622
v 0.707134 0.174434 0.612747
v 0.646686 0.174406 0.695938
v 0.646692 0.174419 0.735207
v 0.707131 0.174429 0.818387
v 0.744469 0.174397 0.830532
v 0.842271 0.174431 0.798750
v 0.865341 0.174398 0.766986
v 0.805321 0.116341 0.625605
v 0.773148 0.116383 0.615134
v 0.688862 0.116366 0.642522
v 0.668985 0.116408 0.669894
v 0.668983 0.116403 0.758511
v 0.688872 0.116388 0.785899
v 0.773156 0.116401 0.813279
v 0.805324 0.116349 0.802834
v 0.857417 0.116363 0.731138
v 0.857409 0.116346 0.697296
v 0.870293 0.132333 0.748646
v 0.873280 0.146250 0.752423
v 0.873270 0.146344 0.679784
v 0.870317 0.132573 0.682606
v 0.761946 0.131930 0.831851
v 0.760383 0.146113 0.835219
v 0.829423 0.146319 0.812772
v 0.824643 0.132495 0.811495
v 0.649333 0.131967 0.754465
v 0.646752 0.146129 0.753414
v 0.689431 0.146165 0.812168
v 0.688057 0.132058 0.807885
v 0.688033 0.132395 0.623395
v 0.689405 0.146278 0.620047
v 0.646760 0.146098 0.678827
v 0.649322 0.131867 0.676829
v 0.824625 0.132625 0.619776
v 0.829418 0.146359 0.619427
v 0.760367 0.146202 0.597007
v 0.761928 0.132181 0.599394
v 0.852143 0.131676 0.648076
v 0.856038 0.145901 0.646268
v 0.723488 0.131543 0.606286
v 0.723166 0.145848 0.603101
v 0.644112 0.130994 0.715788
v 0.641083 0.145695 0.716146
v 0.723571 0.131150 0.825198
v 0.723190 0.145734 0.829167
v 0.852146 0.131653 0.783381
v 0.856039 0.145884 0.785989
v 0.796673 0.146183 0.602796
v 0.794821 0.131759 0.605240
v 0.663486 0.146076 0.646095
v 0.665062 0.131456 0.647467
v 0.663511 0.145971 0.786158
v 0.665149 0.131110 0.783970
v 0.796683 0.146121 0.829434
v 0.794848 0.131594 0.826131
v 0.879005 0.146176 0.716115
v 0.875067 0.131729 0.715688
vn 0.2826 0.4143 0.8652
vn -0.7302 0.4301 0.5308
vn -0.7332 0.4208 -0.5342
vn 0.2843 0.3988 -0.8719
vn 0.9188 0.3947 -0.0006
vn -0.0000 1.0000 -0.0000
vn 0.9745 0.1608 0.1564
vn 0.4991 -0.8148 0.2950
vn 0.5260 -0.7920 -0.3099
vn 0.9753 0.1556 -0.1567
vn 0.1522 0.2056 0.9667
vn -0.1230 -0.8330 0.5394
vn 0.4324 -0.8176 0.3802
vn 0.4473 0.1927 0.8734
vn -0.8662 0.2352 0.4408
vn -0.5755 -0.8162 0.0511
vn -0.2195 -0.8302 0.5124
vn -0.6870 0.2326 0.6884
vn -0.6904 0.2106 -0.6921
vn -0.2445 -0.7842 -0.5703
vn -0.5818 -0.8116 -0.0527
vn -0.8693 0.2209 -0.4421
vn 0.4498 0.1641 -0.8779
vn 0.4617 -0.7861 -0.4109
vn -0.1375 -0.7845 -0.6047
vn 0.1526 0.1739 -0.9729
vn 0.8465 0.4686 0.2529
vn 0.7025 0.4974 0.5091
vn 0.5012 0.4763 0.7225
vn 0.0216 0.4838 0.8749
vn -0.2649 0.5108 0.8179
vn -0.5284 0.4900 0.6933
vn -0.8218 0.4914 0.2885
vn -0.8582 0.5133 -0.0005
vn -0.8234 0.4878 -0.2899
vn -0.5306 0.4812 -0.6978
vn -0.2662 0.5015 -0.8232
vn 0.0212 0.4725 -0.8811
vn 0.5038 0.4670 -0.7267
vn 0.7047 0.4915 -0.5117
vn 0.8478 0.4653 -0.2545
vn 0.0806 0.9654 0.2480
vn 0.1625 0.8507 0.5000
vn 0.2322 0.6603 0.7142
vn 0.7520 0.6591 -0.0000
vn 0.5257 0.8507 -0.0000
vn 0.2607 0.9654 -0.0000
vn -0.2110 0.9654 0.1533
vn -0.4253 0.8507 0.3090
vn -0.6068 0.6613 0.4409
vn -0.2110 0.9654 -0.1533
vn -0.4253 0.8507 -0.3090
vn -0.6071 0.6608 -0.4412
vn 0.0806 0.9654 -0.2480
vn 0.1625 0.8507 -0.5000
vn 0.2324 0.6595 -0.7149
vn 0.3682 0.8904 -0.2675
vn 0.6326 0.7268 -0.2675
vn 0.4499 0.7268 -0.5189
vn -0.1406 0.8904 -0.4329
vn -0.0590 0.7269 -0.6842
vn -0.3544 0.7269 -0.5882
vn -0.4551 0.8904 -0.0000
vn -0.6688 0.7270 -0.1553
vn -0.6688 0.7270 0.1552
vn -0.1406 0.8904 0.4329
vn -0.3543 0.7270 0.5881
vn -0.0590 0.7270 0.6841
vn 0.3682 0.8904 0.2675
vn 0.4499 0.7269 0.5189
vn 0.6326 0.7268 0.2675
vn 0.8766 0.1873 -0.4432
vn 0.6924 0.1900 -0.6960
vn -0.1492 0.2152 -0.9651
vn -0.4438 0.2273 -0.8668
vn -0.9545 0.2550 -0.1544
vn -0.9533 0.2598 0.1537
vn -0.4415 0.2533 0.8608
vn -0.1481 0.2444 0.9583
vn 0.6894 0.2113 0.6928
vn 0.8745 0.2009 0.4415
vn 0.3691 -0.7145 -0.5943
vn 0.0498 -0.7160 -0.6963
vn -0.4414 -0.7207 -0.5345
vn -0.6242 -0.7376 -0.2577
vn -0.6048 -0.7620 0.2314
vn -0.4064 -0.7717 0.4891
vn 0.0402 -0.7779 0.6271
vn 0.3474 -0.7675 0.5388
vn 0.6399 -0.7522 0.1573
vn 0.6538 -0.7367 -0.1723
vn 0.8016 -0.5331 0.2707
vn 0.9401 -0.1219 0.3184
vn 0.9416 -0.1187 -0.3152
vn 0.8144 -0.5098 -0.2772
vn -0.0116 -0.5285 0.8489
vn -0.0095 -0.0718 0.9974
vn 0.5932 -0.1050 0.7982
vn 0.5032 -0.5308 0.6819
vn -0.8386 -0.4793 0.2588
vn -0.9538 -0.0197 0.2997
vn -0.5760 -0.0414 0.8164
vn -0.5033 -0.5028 0.7028
vn -0.5179 -0.4496 -0.7278
vn -0.5776 -0.0335 -0.8156
vn -0.9552 -0.0172 -0.2953
vn -0.8453 -0.4656 -0.2620
vn 0.5195 -0.4844 -0.7039
vn 0.5960 -0.0991 -0.7969
vn -0.0106 -0.0625 -0.9980
vn -0.0156 -0.4673 -0.8840
vn 0.6708 -0.5573 -0.4893
vn 0.8047 -0.1191 -0.5816
vn -0.2670 -0.5190 -0.8120
vn -0.3078 -0.0570 -0.9498
vn -0.8453 -0.5343 0.0009
vn -0.9996 -0.0271 0.0020
vn -0.2554 -0.5723 0.7792
vn -0.3066 -0.0652 0.9496
vn 0.6537 -0.5869 0.4777
vn 0.8023 -0.1234 0.5841
vn 0.3104 -0.0695 -0.9481
vn 0.2757 -0.4455 -0.8518
vn -0.8097 -0.0093 -0.5868
vn -0.7322 -0.4266 -0.5309
vn -0.8076 -0.0166 0.5895
vn -0.7149 -0.4697 0.5179
vn 0.3093 -0.0790 0.9477
vn 0.2659 -0.5076 0.8195
vn 0.9935 -0.1134 0.0018
vn 0.8669 -0.4984 -0.0007
vt 0.181819 0.314921
vt 0.227273 0.314921
vt 0.204546 0.354286
vt 0.000000 0.314921
vt 0.045455 0.314921
vt 0.022727 0.354286
vt 0.727273 0.314921
vt 0.772727 0.314921
vt 0.750000 0.354286
vt 0.545455 0.314921
vt 0.590909 0.314921
vt 0.568182 0.354286
vt 0.363637 0.314921
vt 0.409091 0.314921
vt 0.386364 0.354286
vt 0.431819 0.433017
vt 0.477273 0.433017
vt 0.454546 0.472382
vt 0.409091 0.393651
vt 0.454546 0.393651
vt 0.431819 0.354286
vt 0.500000 0.393651
vt 0.477273 0.354286
vt 0.522728 0.354286
vt 0.454546 0.314921
vt 0.500000 0.314921
vt 0.613637 0.433017
vt 0.659091 0.433017
vt 0.636364 0.472382
vt 0.590909 0.393651
vt 0.636364 0.393651
vt 0.613637 0.354286
vt 0.681818 0.393651
vt 0.659091 0.354286
vt 0.704546 0.354286
vt 0.636364 0.314921
vt 0.681818 0.314921
vt 0.795455 0.433017
vt 0.840909 0.433017
vt 0.818182 0.472382
vt 0.772727 0.393651
vt 0.818182 0.393651
vt 0.795455 0.354286
vt 0.863636 0.393651
vt 0.840909 0.354286
vt 0.886364 0.354286
vt 0.818182 0.314921
vt 0.863636 0.314921
vt 0.909091 0.314921
vt 0.068182 0.433017
vt 0.113637 0.433017
vt 0.090910 0.472382
vt 0.045455 0.393651
vt 0.090910 0.393651
vt 0.068182 0.354286
vt 0.136365 0.393651
vt 0.113637 0.354286
vt 0.159092 0.354286
vt 0.090909 0.314921
vt 0.136364 0.314921
vt 0.250001 0.433017
vt 0.295455 0.433017
vt 0.272728 0.472382
vt 0.227273 0.393651
vt 0.272728 0.393651
vt 0.250001 0.354286
vt 0.318182 0.393651
vt 0.295455 0.354286
vt 0.340910 0.354286
vt 0.272728 0.314921
vt 0.318182 0.314921
vt 0.386364 0.275556
vt 0.409369 0.248331
vt 0.454739 0.248314
vt 0.431819 0.275556
vt 0.364159 0.249563
vt 0.408326 0.249554
vt 0.364259 0.227174
vt 0.386364 0.196826
vt 0.404154 0.227360
vt 0.613637 0.196826
vt 0.659091 0.196826
vt 0.636364 0.227962
vt 0.477273 0.275556
vt 0.454546 0.248194
vt 0.454353 0.248314
vt 0.499722 0.248331
vt 0.568182 0.196826
vt 0.586007 0.227382
vt 0.477273 0.196826
vt 0.522728 0.196826
vt 0.504845 0.227376
vt 0.522728 0.275556
vt 0.568182 0.275556
vt 0.591187 0.248331
vt 0.636557 0.248314
vt 0.613637 0.275556
vt 0.545977 0.249563
vt 0.590144 0.249554
vt 0.546077 0.227174
vt 0.585972 0.227360
vt 0.795455 0.196826
vt 0.840909 0.196826
vt 0.818182 0.227962
vt 0.659091 0.275556
vt 0.636364 0.248194
vt 0.636171 0.248314
vt 0.681540 0.248331
vt 0.750000 0.196826
vt 0.767825 0.227382
vt 0.704546 0.196826
vt 0.686663 0.227376
vt 0.704546 0.275556
vt 0.750000 0.275556
vt 0.773005 0.248331
vt 0.818375 0.248314
vt 0.795455 0.275556
vt 0.727795 0.249563
vt 0.771962 0.249554
vt 0.727895 0.227174
vt 0.767790 0.227360
vt 0.068182 0.196826
vt 0.113637 0.196826
vt 0.090910 0.227962
vt 0.840909 0.275556
vt 0.818182 0.248194
vt 0.817989 0.248314
vt 0.863359 0.248331
vt 0.931818 0.196826
vt 0.977273 0.196826
vt 0.949643 0.227382
vt 0.886364 0.196826
vt 0.868481 0.227376
vt 0.886364 0.275556
vt 0.022727 0.275556
vt 0.045733 0.248331
vt 0.091103 0.248314
vt 0.068182 0.275556
vt 0.909613 0.249563
vt 0.953780 0.249554
vt 0.931818 0.275556
vt 0.909714 0.227174
vt 0.949608 0.227360
vt 0.250001 0.196826
vt 0.295455 0.196826
vt 0.272728 0.227962
vt 0.113637 0.275556
vt 0.090910 0.248194
vt 0.090717 0.248314
vt 0.136087 0.248331
vt 0.204546 0.196826
vt 0.222370 0.227382
vt 0.159092 0.196826
vt 0.141209 0.227376
vt 0.159092 0.275556
vt 0.204546 0.275556
vt 0.227552 0.248331
vt 0.272921 0.248314
vt 0.250001 0.275556
vt 0.182341 0.249563
vt 0.226508 0.249554
vt 0.182442 0.227174
vt 0.222336 0.227360
vt 0.545455 0.249468
vt 0.295455 0.275556
vt 0.272728 0.248194
vt 0.272535 0.248314
vt 0.317904 0.248331
vt 0.431819 0.196826
vt 0.404188 0.227382
vt 0.340910 0.196826
vt 0.323027 0.227376
vt 0.340910 0.275556
vt 0.504910 0.227352
vt 0.544832 0.227174
vt 0.502743 0.227569
vt 0.455772 0.227771
vt 0.545455 0.227400
vt 0.590671 0.248847
vt 0.500239 0.248846
vt 0.727273 0.249468
vt 0.454546 0.227962
vt 0.635138 0.227771
vt 0.588121 0.227576
vt 0.686728 0.227352
vt 0.726650 0.227174
vt 0.684561 0.227569
vt 0.637591 0.227771
vt 0.727273 0.227400
vt 0.772489 0.248847
vt 0.682057 0.248846
vt 0.909091 0.249468
vt 0.500766 0.249554
vt 0.544933 0.249563
vt 0.816956 0.227771
vt 0.769939 0.227576
vt 0.868546 0.227352
vt 0.908469 0.227174
vt 0.866380 0.227569
vt 0.819408 0.227771
vt 0.909091 0.227400
vt 0.045216 0.248847
vt 0.863875 0.248847
vt 0.181819 0.249468
vt 0.682584 0.249554
vt 0.726751 0.249563
vt 0.089683 0.227771
vt 0.042667 0.227576
vt 0.141274 0.227352
vt 0.181197 0.227174
vt 0.139107 0.227569
vt 0.092136 0.227771
vt 0.181819 0.227400
vt 0.227035 0.248846
vt 0.136603 0.248847
vt 0.363637 0.249468
vt 0.864402 0.249554
vt 0.908569 0.249563
vt 0.271502 0.227771
vt 0.224485 0.227576
vt 0.323092 0.227352
vt 0.363015 0.227174
vt 0.320925 0.227569
vt 0.273954 0.227771
vt 0.363637 0.227400
vt 0.408853 0.248847
vt 0.318421 0.248847
vt 0.137130 0.249554
vt 0.181297 0.249563
vt 0.453320 0.227771
vt 0.406303 0.227576
vt 0.363115 0.249563
vt 0.318948 0.249554
s 1
usemtl Material.001
f 3102/3131/2461 3130/3132/2489 3145/3133/2504
f 3103/3134/2462 3133/3135/2492 3151/3136/2510
f 3104/3137/2463 3136/3138/2495 3154/3139/2513
f 3105/3140/2464 3139/3141/2498 3157/3142/2516
f 3106/3143/2465 3142/3144/2501 3146/3145/2505
f 3148/3146/2507 3155/3147/2514 3107/3148/2466
f 3147/3149/2506 3158/3150/2517 3148/3146/2507
f 3146/3145/2505 3159/3151/2518 3147/3149/2506
f 3148/3146/2507 3158/3150/2517 3155/3147/2514
f 3158/3150/2517 3156/3152/2515 3155/3147/2514
f 3147/3149/2506 3159/3151/2518 3158/3150/2517
f 3159/3151/2518 3160/3153/2519 3158/3150/2517
f 3158/3150/2517 3160/3153/2519 3156/3152/2515
f 3160/3153/2519 3157/3154/2516 3156/3152/2515
f 3146/3145/2505 3142/3144/2501 3159/3151/2518
f 3142/3144/2501 3141/3155/2500 3159/3151/2518
f 3159/3151/2518 3141/3155/2500 3160/3153/2519
f 3141/3155/2500 3140/3156/2499 3160/3153/2519
f 3160/3153/2519 3140/3156/2499 3157/3154/2516
f 3140/3156/2499 3105/3140/2464 3157/3154/2516
f 3155/3157/2514 3152/3158/2511 3107/3159/2466
f 3156/3160/2515 3161/3161/2520 3155/3157/2514
f 3157/3142/2516 3162/3162/2521 3156/3160/2515
f 3155/3157/2514 3161/3161/2520 3152/3158/2511
f 3161/3161/2520 3153/3163/2512 3152/3158/2511
f 3156/3160/2515 3162/3162/2521 3161/3161/2520
f 3162/3162/2521 3163/3164/2522 3161/3161/2520
f 3161/3161/2520 3163/3164/2522 3153/3163/2512
f 3163/3164/2522 3154/3165/2513 3153/3163/2512
f 3157/3142/2516 3139/3141/2498 3162/3162/2521
f 3139/3141/2498 3138/3166/2497 3162/3162/2521
f 3162/3162/2521 3138/3166/2497 3163/3164/2522
f 3138/3166/2497 3137/3167/2496 3163/3164/2522
f 3163/3164/2522 3137/3167/2496 3154/3165/2513
f 3137/3167/2496 3104/3137/2463 3154/3165/2513
f 3152/3168/2511 3149/3169/2508 3107/3170/2466
f 3153/3171/2512 3164/3172/2523 3152/3168/2511
f 3154/3139/2513 3165/3173/2524 3153/3171/2512
f 3152/3168/2511 3164/3172/2523 3149/3169/2508
f 3164/3172/2523 3150/3174/2509 3149/3169/2508
f 3153/3171/2512 3165/3173/2524 3164/3172/2523
f 3165/3173/2524 3166/3175/2525 3164/3172/2523
f 3164/3172/2523 3166/3175/2525 3150/3174/2509
f 3166/3175/2525 3151/3176/2510 3150/3174/2509
f 3154/3139/2513 3136/3138/2495 3165/3173/2524
f 3136/3138/2495 3135/3177/2494 3165/3173/2524
f 3165/3173/2524 3135/3177/2494 3166/3175/2525
f 3135/3177/2494 3134/3178/2493 3166/3175/2525
f 3166/3175/2525 3134/3178/2493 3151/3176/2510
f 3134/3178/2493 3103/3179/2462 3151/3176/2510
f 3149/3180/2508 3143/3181/2502 3107/3182/2466
f 3150/3183/2509 3167/3184/2526 3149/3180/2508
f 3151/3136/2510 3168/3185/2527 3150/3183/2509
f 3149/3180/2508 3167/3184/2526 3143/3181/2502
f 3167/3184/2526 3144/3186/2503 3143/3181/2502
f 3150/3183/2509 3168/3185/2527 3167/3184/2526
f 3168/3185/2527 3169/3187/2528 3167/3184/2526
f 3167/3184/2526 3169/3187/2528 3144/3186/2503
f 3169/3187/2528 3145/3188/2504 3144/3186/2503
f 3151/3136/2510 3133/3135/2492 3168/3185/2527
f 3133/3135/2492 3132/3189/2491 3168/3185/2527
f 3168/3185/2527 3132/3189/2491 3169/3187/2528
f 3132/3189/2491 3131/3190/2490 3169/3187/2528
f 3169/3187/2528 3131/3190/2490 3145/3188/2504
f 3131/3190/2490 3102/3131/2461 3145/3188/2504
f 3143/3191/2502 3148/3192/2507 3107/3193/2466
f 3144/3194/2503 3170/3195/2529 3143/3191/2502
f 3145/3133/2504 3171/3196/2530 3144/3194/2503
f 3143/3191/2502 3170/3195/2529 3148/3192/2507
f 3170/3195/2529 3147/3197/2506 3148/3192/2507
f 3144/3194/2503 3171/3196/2530 3170/3195/2529
f 3171/3196/2530 3172/3198/2531 3170/3195/2529
f 3170/3195/2529 3172/3198/2531 3147/3197/2506
f 3172/3198/2531 3146/3199/2505 3147/3197/2506
f 3145/3133/2504 3130/3132/2489 3171/3196/2530
f 3130/3132/2489 3129/3200/2488 3171/3196/2530
f 3171/3196/2530 3129/3200/2488 3172/3198/2531
f 3129/3200/2488 3128/3201/2487 3172/3198/2531
f 3172/3198/2531 3128/3201/2487 3146/3199/2505
f 3128/3201/2487 3106/3143/2465 3146/3199/2505
f 3111/3202/2470 3142/3144/2501 3106/3143/2465
f 3195/3203/2554 3214/3204/2573 3173/3205/2532
f 3231/3206/2590 3195/3207/2554 3111/3202/2470
f 3111/3202/2470 3173/3205/2532 3142/3144/2501
f 3173/3205/2532 3141/3155/2500 3142/3144/2501
f 3232/3208/2591 3192/3209/2551 3196/3210/2555
f 3126/3211/2485 3121/3212/2480 3215/3213/2574
f 3173/3205/2532 3174/3214/2533 3141/3155/2500
f 3174/3214/2533 3140/3156/2499 3141/3155/2500
f 3214/3215/2573 3174/3214/2533 3173/3205/2532
f 3214/3216/2573 3210/3217/2569 3174/3214/2533
f 3184/3218/2543 3126/3211/2485 3212/3219/2571
f 3125/3220/2484 3183/3221/2542 3209/3222/2568
f 3174/3214/2533 3124/3223/2483 3140/3156/2499
f 3124/3223/2483 3105/3140/2464 3140/3156/2499
f 3127/3224/2486 3139/3141/2498 3105/3140/2464
f 3211/3225/2570 3216/3226/2575 3175/3227/2534
f 3223/3228/2582 3211/3229/2570 3127/3224/2486
f 3127/3224/2486 3175/3227/2534 3139/3141/2498
f 3175/3227/2534 3138/3166/2497 3139/3141/2498
f 3224/3230/2583 3184/3218/2543 3212/3231/2571
f 3122/3232/2481 3117/3233/2476 3217/3234/2576
f 3175/3227/2534 3176/3235/2535 3138/3166/2497
f 3176/3235/2535 3137/3167/2496 3138/3166/2497
f 3216/3236/2575 3176/3235/2535 3175/3227/2534
f 3216/3237/2575 3206/3238/2565 3176/3235/2535
f 3186/3239/2545 3122/3232/2481 3208/3240/2567
f 3121/3212/2480 3185/3241/2544 3205/3242/2564
f 3176/3235/2535 3120/3243/2479 3137/3167/2496
f 3120/3243/2479 3104/3137/2463 3137/3167/2496
f 3123/3244/2482 3136/3138/2495 3104/3137/2463
f 3207/3245/2566 3218/3246/2577 3177/3247/2536
f 3225/3248/2584 3207/3249/2566 3123/3244/2482
f 3123/3244/2482 3177/3247/2536 3136/3138/2495
f 3177/3247/2536 3135/3177/2494 3136/3138/2495
f 3226/3250/2585 3186/3239/2545 3208/3251/2567
f 3118/3252/2477 3113/3253/2472 3219/3254/2578
f 3177/3247/2536 3178/3255/2537 3135/3177/2494
f 3178/3255/2537 3134/3178/2493 3135/3177/2494
f 3218/3256/2577 3178/3255/2537 3177/3247/2536
f 3218/3257/2577 3202/3258/2561 3178/3255/2537
f 3188/3259/2547 3118/3260/2477 3204/3261/2563
f 3117/3233/2476 3187/3262/2546 3201/3263/2560
f 3178/3255/2537 3116/3264/2475 3134/3178/2493
f 3116/3264/2475 3103/3179/2462 3134/3178/2493
f 3119/3265/2478 3133/3135/2492 3103/3134/2462
f 3203/3266/2562 3220/3267/2579 3179/3268/2538
f 3227/3269/2586 3203/3270/2562 3119/3271/2478
f 3119/3265/2478 3179/3268/2538 3133/3135/2492
f 3179/3268/2538 3132/3189/2491 3133/3135/2492
f 3228/3272/2587 3188/3259/2547 3204/3273/2563
f 3114/3274/2473 3109/3275/2468 3221/3276/2580
f 3179/3268/2538 3180/3277/2539 3132/3189/2491
f 3180/3277/2539 3131/3190/2490 3132/3189/2491
f 3220/3278/2579 3180/3277/2539 3179/3268/2538
f 3220/3279/2579 3198/3280/2557 3180/3277/2539
f 3190/3281/2549 3114/3274/2473 3200/3282/2559
f 3113/3253/2472 3189/3283/2548 3197/3284/2556
f 3180/3277/2539 3112/3285/2471 3131/3190/2490
f 3112/3285/2471 3102/3131/2461 3131/3190/2490
f 3115/3286/2474 3130/3132/2489 3102/3131/2461
f 3199/3287/2558 3222/3288/2581 3181/3289/2540
f 3229/3290/2588 3199/3291/2558 3115/3286/2474
f 3115/3286/2474 3181/3289/2540 3130/3132/2489
f 3181/3289/2540 3129/3200/2488 3130/3132/2489
f 3230/3292/2589 3190/3281/2549 3200/3293/2559
f 3124/3223/2483 3223/3294/2582 3127/3224/2486
f 3181/3289/2540 3182/3295/2541 3129/3200/2488
f 3182/3295/2541 3128/3201/2487 3129/3200/2488
f 3222/3296/2581 3182/3295/2541 3181/3289/2540
f 3222/3297/2581 3194/3298/2553 3182/3295/2541
f 3192/3209/2551 3110/3299/2469 3196/3300/2555
f 3109/3275/2468 3191/3301/2550 3193/3302/2552
f 3182/3295/2541 3108/3303/2467 3128/3201/2487
f 3108/3303/2467 3106/3143/2465 3128/3201/2487
f 3124/3223/2483 3127/3224/2486 3105/3140/2464
f 3209/3304/2568 3183/3221/2542 3224/3305/2583
f 3125/3220/2484 3209/3306/2568 3213/3307/2572
f 3183/3221/2542 3184/3218/2543 3224/3308/2583
f 3211/3309/2570 3175/3227/2534 3127/3224/2486
f 3210/3310/2569 3124/3223/2483 3174/3214/2533
f 3120/3243/2479 3225/3311/2584 3123/3244/2482
f 3110/3299/2469 3125/3220/2484 3213/3312/2572
f 3126/3211/2485 3215/3313/2574 3212/3314/2571
f 3120/3243/2479 3123/3244/2482 3104/3137/2463
f 3205/3315/2564 3185/3241/2544 3226/3316/2585
f 3121/3212/2480 3205/3317/2564 3215/3318/2574
f 3185/3241/2544 3186/3239/2545 3226/3319/2585
f 3207/3320/2566 3177/3247/2536 3123/3244/2482
f 3206/3321/2565 3120/3243/2479 3176/3235/2535
f 3116/3264/2475 3227/3322/2586 3119/3271/2478
f 3210/3323/2569 3223/3324/2582 3124/3223/2483
f 3122/3232/2481 3217/3325/2576 3208/3326/2567
f 3116/3264/2475 3119/3271/2478 3103/3179/2462
f 3201/3327/2560 3187/3262/2546 3228/3328/2587
f 3117/3233/2476 3201/3329/2560 3217/3330/2576
f 3187/3262/2546 3188/3259/2547 3228/3331/2587
f 3203/3332/2562 3179/3268/2538 3119/3265/2478
f 3202/3333/2561 3116/3264/2475 3178/3255/2537
f 3112/3285/2471 3229/3334/2588 3115/3286/2474
f 3206/3335/2565 3225/3336/2584 3120/3243/2479
f 3118/3252/2477 3219/3337/2578 3204/3338/2563
f 3112/3285/2471 3115/3286/2474 3102/3131/2461
f 3197/3339/2556 3189/3283/2548 3230/3340/2589
f 3113/3253/2472 3197/3341/2556 3219/3342/2578
f 3189/3283/2548 3190/3281/2549 3230/3343/2589
f 3199/3344/2558 3181/3289/2540 3115/3286/2474
f 3198/3345/2557 3112/3285/2471 3180/3277/2539
f 3108/3303/2467 3231/3346/2590 3111/3202/2470
f 3202/3347/2561 3227/3348/2586 3116/3264/2475
f 3114/3274/2473 3221/3349/2580 3200/3350/2559
f 3108/3303/2467 3111/3202/2470 3106/3143/2465
f 3193/3351/2552 3191/3301/2550 3232/3352/2591
f 3109/3275/2468 3193/3353/2552 3221/3354/2580
f 3191/3301/2550 3192/3209/2551 3232/3355/2591
f 3195/3356/2554 3173/3205/2532 3111/3202/2470
f 3194/3357/2553 3108/3303/2467 3182/3295/2541
f 3198/3358/2557 3229/3359/2588 3112/3285/2471
f 3110/3299/2469 3213/3360/2572 3196/3361/2555
f 3196/3361/2555 3213/3360/2572 3214/3204/2573 3195/3203/2554
f 3213/3307/2572 3209/3306/2568 3210/3217/2569 3214/3216/2573
f 3212/3314/2571 3215/3313/2574 3216/3226/2575 3211/3225/2570
f 3215/3318/2574 3205/3317/2564 3206/3238/2565 3216/3237/2575
f 3208/3326/2567 3217/3325/2576 3218/3246/2577 3207/3245/2566
f 3217/3330/2576 3201/3329/2560 3202/3258/2561 3218/3257/2577
f 3204/3338/2563 3219/3337/2578 3220/3267/2579 3203/3266/2562
f 3219/3342/2578 3197/3341/2556 3198/3280/2557 3220/3279/2579
f 3200/3350/2559 3221/3349/2580 3222/3288/2581 3199/3287/2558
f 3221/3354/2580 3193/3353/2552 3194/3298/2553 3222/3297/2581
f 3224/3230/2583 3212/3231/2571 3211/3229/2570 3223/3228/2582
f 3209/3304/2568 3224/3305/2583 3223/3324/2582 3210/3323/2569
f 3226/3250/2585 3208/3251/2567 3207/3249/2566 3225/3248/2584
f 3205/3315/2564 3226/3316/2585 3225/3336/2584 3206/3335/2565
f 3228/3272/2587 3204/3273/2563 3203/3270/2562 3227/3269/2586
f 3201/3327/2560 3228/3328/2587 3227/3348/2586 3202/3347/2561
f 3230/3292/2589 3200/3293/2559 3199/3291/2558 3229/3290/2588
f 3197/3339/2556 3230/3340/2589 3229/3359/2588 3198/3358/2557
f 3232/3208/2591 3196/3210/2555 3195/3207/2554 3231/3206/2590
f 3193/3351/2552 3232/3352/2591 3231/3362/2590 3194/3363/2553
f 3194/3363/2553 3231/3362/2590 3108/3303/2467
o Cube.008
v 0.784826 0.511342 0.164673
v 0.801799 0.215837 0.164673
v 0.801799 0.511342 0.164673
v 0.784826 0.511342 0.025070
v 0.801799 0.215837 0.025070
v 0.801799 0.511342 0.025070
v 0.784826 0.482559 0.193556
v 0.784826 0.482559 -0.000925
v 0.801799 0.482559 -0.000925
v 0.801799 0.482559 0.193556
v 0.784826 0.240782 -0.000925
v 0.801799 0.240782 -0.000925
v 0.801799 0.240782 0.193556
v 0.784826 0.240782 0.193556
v 0.838432 0.215837 0.025070
v 0.838432 0.215837 0.164673
v 0.784826 0.228309 0.193556
v 0.784826 0.215837 0.181084
v 0.784826 0.222073 0.191885
v 0.784826 0.217508 0.187320
v 0.784826 0.511342 0.181084
v 0.784826 0.498869 0.193556
v 0.784826 0.509671 0.187320
v 0.784826 0.505105 0.191885
v 0.784826 0.215837 0.011548
v 0.784826 0.228309 -0.000925
v 0.784826 0.217508 0.005311
v 0.784826 0.222073 0.000746
v 0.784826 0.498869 -0.000925
v 0.784826 0.511342 0.011548
v 0.784826 0.505105 0.000746
v 0.784826 0.509671 0.005311
v 0.801799 0.215837 0.181084
v 0.801799 0.228309 0.193556
v 0.801799 0.217508 0.187320
v 0.801799 0.222073 0.191885
v 0.801799 0.498869 0.193556
v 0.801799 0.511342 0.181084
v 0.801799 0.505105 0.191885
v 0.801799 0.509671 0.187320
v 0.801799 0.228309 -0.000925
v 0.801799 0.215837 0.011548
v 0.801799 0.222073 0.000746
v 0.801799 0.217508 0.005311
v 0.801799 0.511342 0.011548
v 0.801799 0.498869 -0.000925
v 0.801799 0.509671 0.005311
v 0.801799 0.505105 0.000746
v 0.784826 0.228309 0.152200
v 0.797299 0.215837 0.152200
v 0.797299 0.215837 0.177146
v 0.772353 0.215837 0.177146
v 0.772353 0.228309 0.164673
v 0.786677 0.222187 0.152200
v 0.782975 0.228309 0.158322
v 0.784826 0.221725 0.159626
v 0.797299 0.215837 0.160515
v 0.791177 0.217687 0.152200
v 0.789873 0.217529 0.160477
v 0.788983 0.215837 0.177146
v 0.797299 0.215837 0.168831
v 0.789022 0.216678 0.168869
v 0.772353 0.217687 0.171024
v 0.780668 0.215837 0.177146
v 0.780630 0.217529 0.169720
v 0.778475 0.228309 0.162822
v 0.772353 0.222187 0.166524
v 0.779779 0.221725 0.164673
v 0.784826 0.228309 0.037543
v 0.772353 0.228309 0.025070
v 0.772353 0.215837 0.012597
v 0.797299 0.215837 0.012597
v 0.797299 0.215837 0.037543
v 0.782975 0.228309 0.031421
v 0.786677 0.222187 0.037543
v 0.784826 0.221725 0.030117
v 0.772353 0.222187 0.023219
v 0.778475 0.228309 0.026921
v 0.779779 0.221725 0.025070
v 0.780668 0.215837 0.012597
v 0.772353 0.217687 0.018719
v 0.780630 0.217529 0.020023
v 0.797299 0.215837 0.020913
v 0.788983 0.215837 0.012597
v 0.789022 0.216678 0.020874
v 0.791177 0.217687 0.037543
v 0.797299 0.215837 0.029228
v 0.789873 0.217529 0.029266
v 0.814271 0.470086 0.164673
v 0.801799 0.470086 0.152200
v 0.814271 0.482559 0.152200
v 0.808043 0.470086 0.163007
v 0.814271 0.476314 0.163007
v 0.808307 0.476051 0.161388
v 0.803465 0.476314 0.152200
v 0.803465 0.470086 0.158428
v 0.805084 0.476051 0.158165
v 0.814271 0.480892 0.158428
v 0.808043 0.480892 0.152200
v 0.808307 0.479274 0.158165
v 0.772353 0.482559 0.152200
v 0.784826 0.470086 0.152200
v 0.772353 0.470086 0.164673
v 0.778581 0.480892 0.152200
v 0.772353 0.480892 0.158428
v 0.778318 0.479274 0.158165
v 0.783160 0.470086 0.158428
v 0.783160 0.476314 0.152200
v 0.781541 0.476051 0.158165
v 0.772353 0.476314 0.163007
v 0.778581 0.470086 0.163007
v 0.778318 0.476051 0.161388
v 0.814271 0.482559 0.037543
v 0.801799 0.470086 0.037543
v 0.814271 0.470086 0.025070
v 0.808043 0.480892 0.037543
v 0.814271 0.480892 0.031315
v 0.808307 0.479274 0.031578
v 0.803465 0.470086 0.031315
v 0.803465 0.476314 0.037543
v 0.805084 0.476051 0.031578
v 0.814271 0.476314 0.026736
v 0.808043 0.470086 0.026736
v 0.808307 0.476051 0.028355
v 0.772353 0.482559 0.037543
v 0.772353 0.470086 0.025070
v 0.784826 0.470086 0.037543
v 0.772353 0.480892 0.031315
v 0.778581 0.480892 0.037543
v 0.778318 0.479274 0.031578
v 0.778581 0.470086 0.026736
v 0.772353 0.476314 0.026736
v 0.778318 0.476051 0.028355
v 0.783160 0.476314 0.037543
v 0.783160 0.470086 0.031315
v 0.781541 0.476051 0.031578
v 0.814271 0.240782 0.152200
v 0.801799 0.253255 0.152200
v 0.814271 0.253255 0.164673
v 0.808043 0.242448 0.152200
v 0.814271 0.242448 0.158428
v 0.808307 0.244067 0.158165
v 0.803465 0.253255 0.158428
v 0.803465 0.247026 0.152200
v 0.805084 0.247290 0.158165
v 0.814271 0.247026 0.163007
v 0.808043 0.253255 0.163007
v 0.808307 0.247290 0.161388
v 0.772353 0.240782 0.164673
v 0.784826 0.240782 0.152200
v 0.778590 0.240782 0.163002
v 0.783155 0.240782 0.158437
v 0.814271 0.253255 0.025070
v 0.801799 0.253255 0.037543
v 0.814271 0.240782 0.037543
v 0.808043 0.253255 0.026736
v 0.814271 0.247026 0.026736
v 0.808307 0.247290 0.028355
v 0.803465 0.247026 0.037543
v 0.803465 0.253255 0.031315
v 0.805084 0.247290 0.031578
v 0.814271 0.242448 0.031315
v 0.808043 0.242448 0.037543
v 0.808307 0.244067 0.031578
v 0.784826 0.240782 0.037543
v 0.772353 0.240782 0.025070
v 0.783155 0.240782 0.031306
v 0.778590 0.240782 0.026741
v 0.760665 0.228309 0.164673
v 0.760665 0.215837 0.177146
v 0.748192 0.228309 0.177146
v 0.760665 0.222081 0.166339
v 0.754437 0.228309 0.166339
v 0.754700 0.222345 0.167958
v 0.754437 0.217503 0.177146
v 0.760665 0.217503 0.170917
v 0.754700 0.219122 0.171181
v 0.749859 0.228309 0.170917
v 0.749859 0.222081 0.177146
v 0.751477 0.222345 0.171181
v 0.760665 0.215837 0.181084
v 0.760665 0.228309 0.193556
v 0.748192 0.228309 0.181084
v 0.760665 0.217503 0.187312
v 0.754437 0.217503 0.181084
v 0.754700 0.219122 0.187048
v 0.754437 0.228309 0.191890
v 0.760665 0.222081 0.191890
v 0.754700 0.222345 0.190271
v 0.749859 0.222081 0.181084
v 0.749859 0.228309 0.187312
v 0.751477 0.222345 0.187048
v 0.748192 0.482559 0.181084
v 0.760665 0.482559 0.193556
v 0.749863 0.482559 0.187320
v 0.754429 0.482559 0.191885
v 0.760665 0.498869 0.193556
v 0.760665 0.511342 0.181084
v 0.748192 0.498869 0.181084
v 0.760665 0.505097 0.191890
v 0.754437 0.498869 0.191890
v 0.754700 0.504834 0.190271
v 0.754437 0.509675 0.181084
v 0.760665 0.509675 0.187312
v 0.754700 0.508057 0.187048
v 0.749859 0.498869 0.187312
v 0.749859 0.505097 0.181084
v 0.751477 0.504834 0.187048
v 0.748192 0.498869 0.025070
v 0.760665 0.511342 0.025070
v 0.749863 0.505105 0.025070
v 0.754429 0.509671 0.025070
v 0.760665 0.511342 0.011548
v 0.760665 0.498869 -0.000925
v 0.748192 0.498869 0.011548
v 0.760665 0.509675 0.005320
v 0.754437 0.509675 0.011548
v 0.754700 0.508057 0.005583
v 0.754437 0.498869 0.000741
v 0.760665 0.505097 0.000741
v 0.754700 0.504834 0.002360
v 0.749859 0.505097 0.011548
v 0.749859 0.498869 0.005320
v 0.751477 0.504834 0.005583
v 0.748192 0.240782 0.011548
v 0.760665 0.240782 -0.000925
v 0.749863 0.240782 0.005311
v 0.754429 0.240782 0.000746
v 0.760665 0.228309 -0.000925
v 0.760665 0.215837 0.011548
v 0.748192 0.228309 0.011548
v 0.760665 0.222081 0.000741
v 0.754437 0.228309 0.000741
v 0.754700 0.222345 0.002360
v 0.754437 0.217503 0.011548
v 0.760665 0.217503 0.005320
v 0.754700 0.219122 0.005583
v 0.749859 0.228309 0.005320
v 0.749859 0.222081 0.011548
v 0.751477 0.222345 0.005583
v 0.838432 0.253255 0.011548
v 0.850905 0.240782 0.011548
v 0.850905 0.228309 -0.000925
v 0.825960 0.228309 -0.000925
v 0.825960 0.253255 -0.000925
v 0.840283 0.247133 0.011548
v 0.836582 0.253255 0.005426
v 0.838432 0.245829 0.004963
v 0.850905 0.238931 0.005426
v 0.844783 0.242633 0.011548
v 0.843479 0.240782 0.004963
v 0.842590 0.228309 -0.000925
v 0.850905 0.234431 0.000926
v 0.842629 0.235735 0.000767
v 0.825960 0.236624 -0.000925
v 0.834275 0.228309 -0.000925
v 0.834236 0.236586 -0.000083
v 0.832082 0.253255 0.000926
v 0.825960 0.244939 -0.000925
v 0.833386 0.244978 0.000767
v 0.838432 0.228309 -0.000925
v 0.838432 0.215837 0.011548
v 0.838432 0.222073 0.000746
v 0.838432 0.217508 0.005311
v 0.838432 0.498869 0.164673
v 0.825960 0.511342 0.164673
v 0.836761 0.505105 0.164673
v 0.832196 0.509671 0.164673
v 0.825960 0.498869 0.193556
v 0.838432 0.498869 0.181084
v 0.825960 0.511342 0.181084
v 0.832188 0.498869 0.191890
v 0.825960 0.505097 0.191890
v 0.831924 0.504834 0.190271
v 0.836766 0.505097 0.181084
v 0.836766 0.498869 0.187312
v 0.835148 0.504834 0.187048
v 0.825960 0.509675 0.187312
v 0.832188 0.509675 0.181084
v 0.831924 0.508057 0.187048
v 0.838432 0.253255 0.181084
v 0.825960 0.253255 0.193556
v 0.825960 0.228309 0.193556
v 0.850905 0.228309 0.193556
v 0.850905 0.240782 0.181084
v 0.836582 0.253255 0.187206
v 0.840283 0.247133 0.181084
v 0.838432 0.245829 0.187668
v 0.825960 0.244939 0.193556
v 0.832082 0.253255 0.191706
v 0.833386 0.244978 0.191864
v 0.834275 0.228309 0.193556
v 0.825960 0.236624 0.193556
v 0.834236 0.236586 0.192715
v 0.850905 0.234431 0.191706
v 0.842590 0.228309 0.193556
v 0.842629 0.235735 0.191864
v 0.844783 0.242633 0.181084
v 0.850905 0.238931 0.187206
v 0.843479 0.240782 0.187668
v 0.838432 0.215837 0.181084
v 0.838432 0.228309 0.193556
v 0.838432 0.217508 0.187320
v 0.838432 0.222073 0.191885
v 0.760665 0.511342 0.164673
v 0.748192 0.498869 0.164673
v 0.754429 0.509671 0.164673
v 0.749863 0.505105 0.164673
v 0.838432 0.498869 0.025070
v 0.825960 0.511342 0.025070
v 0.836761 0.505105 0.025070
v 0.832196 0.509671 0.025070
v 0.825960 0.253255 0.164673
v 0.838432 0.253255 0.177146
v 0.850905 0.240782 0.177146
v 0.850905 0.240782 0.152200
v 0.825960 0.240782 0.152200
v 0.832082 0.253255 0.166524
v 0.825960 0.247133 0.162822
v 0.833386 0.246670 0.164673
v 0.840283 0.247133 0.177146
v 0.836582 0.253255 0.171024
v 0.838432 0.246670 0.169720
v 0.850905 0.240782 0.168831
v 0.844783 0.242633 0.177146
v 0.843479 0.242474 0.168869
v 0.842590 0.240782 0.152200
v 0.850905 0.240782 0.160515
v 0.842629 0.241623 0.160477
v 0.825960 0.242633 0.158322
v 0.834275 0.240782 0.152200
v 0.834236 0.242474 0.159626
v 0.748192 0.240782 0.177146
v 0.760665 0.240782 0.164673
v 0.749863 0.240782 0.170909
v 0.754429 0.240782 0.166344
v 0.760665 0.215837 0.012597
v 0.760665 0.228309 0.025070
v 0.748192 0.228309 0.012597
v 0.760665 0.217503 0.018826
v 0.754437 0.217503 0.012597
v 0.754700 0.219122 0.018562
v 0.754437 0.228309 0.023404
v 0.760665 0.222081 0.023404
v 0.754700 0.222345 0.021785
v 0.749859 0.222081 0.012597
v 0.749859 0.228309 0.018826
v 0.751477 0.222345 0.018562
v 0.825960 0.511342 0.011548
v 0.838432 0.498869 0.011548
v 0.825960 0.498869 -0.000925
v 0.832188 0.509675 0.011548
v 0.825960 0.509675 0.005320
v 0.831924 0.508057 0.005583
v 0.836766 0.498869 0.005320
v 0.836766 0.505097 0.011548
v 0.835148 0.504834 0.005583
v 0.825960 0.505097 0.000741
v 0.832188 0.498869 0.000741
v 0.831924 0.504834 0.002360
v 0.825960 0.253255 0.025070
v 0.825960 0.240782 0.037543
v 0.850905 0.240782 0.037543
v 0.850905 0.240782 0.012597
v 0.838432 0.253255 0.012597
v 0.825960 0.247133 0.026921
v 0.832082 0.253255 0.023219
v 0.833386 0.246670 0.025070
v 0.834275 0.240782 0.037543
v 0.825960 0.242633 0.031421
v 0.834236 0.242474 0.030117
v 0.850905 0.240782 0.029228
v 0.842590 0.240782 0.037543
v 0.842629 0.241623 0.029266
v 0.844783 0.242633 0.012597
v 0.850905 0.240782 0.020913
v 0.843479 0.242474 0.020874
v 0.836582 0.253255 0.018719
v 0.840283 0.247133 0.012597
v 0.838432 0.246670 0.020023
v 0.760665 0.240782 0.025070
v 0.748192 0.240782 0.012597
v 0.754429 0.240782 0.023399
v 0.749863 0.240782 0.018834
v 0.748192 0.240782 0.181084
v 0.760665 0.240782 0.193556
v 0.749863 0.240782 0.187320
v 0.754429 0.240782 0.191885
v 0.760665 0.482559 -0.000925
v 0.748192 0.482559 0.011548
v 0.754429 0.482559 0.000746
v 0.749863 0.482559 0.005311
v 0.838432 0.482559 0.011548
v 0.825960 0.482559 -0.000925
v 0.836761 0.482559 0.005311
v 0.832196 0.482559 0.000746
v 0.825960 0.482559 0.193556
v 0.838432 0.482559 0.181084
v 0.832196 0.482559 0.191885
v 0.836761 0.482559 0.187320
v 0.825960 0.470086 0.164673
v 0.825960 0.482559 0.152200
v 0.838432 0.495031 0.152200
v 0.838432 0.495031 0.177146
v 0.838432 0.470086 0.177146
v 0.825960 0.476208 0.162822
v 0.832082 0.470086 0.166524
v 0.832544 0.477512 0.164673
v 0.832082 0.484409 0.152200
v 0.825960 0.480708 0.158322
v 0.832544 0.482559 0.159626
v 0.838432 0.495031 0.160515
v 0.836582 0.488909 0.152200
v 0.836740 0.487606 0.160477
v 0.838432 0.486716 0.177146
v 0.838432 0.495031 0.168831
v 0.837591 0.486755 0.168869
v 0.836582 0.470086 0.171024
v 0.838432 0.478401 0.177146
v 0.836740 0.478362 0.169720
v 0.760665 0.482559 0.152200
v 0.760665 0.470086 0.164673
v 0.748192 0.470086 0.177146
v 0.748192 0.495031 0.177146
v 0.748192 0.495031 0.152200
v 0.760665 0.480708 0.158322
v 0.754543 0.484409 0.152200
v 0.754081 0.482559 0.159626
v 0.754543 0.470086 0.166524
v 0.760665 0.476208 0.162822
v 0.754081 0.477512 0.164673
v 0.748192 0.478401 0.177146
v 0.750043 0.470086 0.171024
v 0.749884 0.478362 0.169720
v 0.748192 0.495031 0.168831
v 0.748192 0.486716 0.177146
v 0.749034 0.486755 0.168869
v 0.750043 0.488909 0.152200
v 0.748192 0.495031 0.160515
v 0.749884 0.487606 0.160477
v 0.825960 0.482559 0.037543
v 0.825960 0.470086 0.025070
v 0.838432 0.470086 0.012597
v 0.838432 0.495031 0.012597
v 0.838432 0.495031 0.037543
v 0.825960 0.480708 0.031421
v 0.832082 0.484409 0.037543
v 0.832544 0.482559 0.030117
v 0.832082 0.470086 0.023219
v 0.825960 0.476208 0.026921
v 0.832544 0.477512 0.025070
v 0.838432 0.478401 0.012597
v 0.836582 0.470086 0.018719
v 0.836740 0.478362 0.020023
v 0.838432 0.495031 0.020913
v 0.838432 0.486716 0.012597
v 0.837591 0.486755 0.020874
v 0.836582 0.488909 0.037543
v 0.838432 0.495031 0.029228
v 0.836740 0.487606 0.029266
v 0.760665 0.482559 0.037543
v 0.748192 0.495031 0.037543
v 0.748192 0.495031 0.012597
v 0.748192 0.470086 0.012597
v 0.760665 0.470086 0.025070
v 0.754543 0.484409 0.037543
v 0.760665 0.480708 0.031421
v 0.754081 0.482559 0.030117
v 0.748192 0.495031 0.029228
v 0.750043 0.488909 0.037543
v 0.749884 0.487606 0.029266
v 0.748192 0.486716 0.012597
v 0.748192 0.495031 0.020913
v 0.749034 0.486755 0.020874
v 0.750043 0.470086 0.018719
v 0.748192 0.478401 0.012597
v 0.749884 0.478362 0.020023
v 0.760665 0.476208 0.026921
v 0.754543 0.470086 0.023219
v 0.754081 0.477512 0.025070
v 0.853909 0.228309 -0.000925
v 0.853909 0.240782 0.011548
v 0.866382 0.228309 0.011548
v 0.853909 0.234537 0.000741
v 0.860137 0.228309 0.000741
v 0.859874 0.234274 0.002360
v 0.860137 0.239116 0.011548
v 0.853909 0.239116 0.005320
v 0.859874 0.237497 0.005583
v 0.864716 0.228309 0.005320
v 0.864716 0.234537 0.011548
v 0.863097 0.234274 0.005583
v 0.853909 0.215837 0.011548
v 0.853909 0.228309 -0.000925
v 0.866382 0.228309 0.011548
v 0.853909 0.217503 0.005320
v 0.860137 0.217503 0.011548
v 0.859874 0.219122 0.005583
v 0.860137 0.228309 0.000741
v 0.853909 0.222081 0.000741
v 0.859874 0.222345 0.002360
v 0.864716 0.222081 0.011548
v 0.864716 0.228309 0.005320
v 0.863097 0.222345 0.005583
v 0.866382 0.228309 0.025070
v 0.853909 0.215837 0.025070
v 0.864711 0.222073 0.025070
v 0.860146 0.217508 0.025070
v 0.853909 0.228309 0.193556
v 0.866382 0.228309 0.181084
v 0.853909 0.240782 0.181084
v 0.860137 0.228309 0.191890
v 0.853909 0.234537 0.191890
v 0.859874 0.234274 0.190271
v 0.864716 0.234537 0.181084
v 0.864716 0.228309 0.187312
v 0.863097 0.234274 0.187048
v 0.853909 0.239116 0.187312
v 0.860137 0.239116 0.181084
v 0.859874 0.237497 0.187048
v 0.853909 0.228309 0.193556
v 0.853909 0.215837 0.181084
v 0.866382 0.228309 0.181084
v 0.853909 0.222081 0.191890
v 0.860137 0.228309 0.191890
v 0.859874 0.222345 0.190271
v 0.860137 0.217503 0.181084
v 0.853909 0.217503 0.187312
v 0.859874 0.219122 0.187048
v 0.864716 0.228309 0.187312
v 0.864716 0.222081 0.181084
v 0.863097 0.222345 0.187048
v 0.853909 0.215837 0.164673
v 0.866382 0.228309 0.164673
v 0.860146 0.217508 0.164673
v 0.864711 0.222073 0.164673
v 0.866382 0.228309 0.164673
v 0.853909 0.240782 0.164673
v 0.864711 0.234546 0.164673
v 0.860146 0.239111 0.164673
v 0.866382 0.228309 0.025070
v 0.853909 0.240782 0.025070
v 0.864711 0.234546 0.025070
v 0.860146 0.239111 0.025070
vn -0.0000 1.0000 -0.0000
vn -0.0000 -1.0000 -0.0000
vn -0.0000 -0.0000 1.0000
vn -0.0000 -0.0000 -1.0000
vn -0.0000 -0.1305 0.9915
vn -0.0000 -0.9915 0.1305
vn -0.0000 -0.5000 0.8660
vn -0.0000 -0.8660 0.5000
vn -0.0000 0.9915 0.1305
vn -0.0000 0.1305 0.9915
vn -0.0000 0.8660 0.5000
vn -0.0000 0.5000 0.8660
vn -0.0000 -0.9915 -0.1305
vn -0.0000 -0.1305 -0.9915
vn -0.0000 -0.8660 -0.5000
vn -0.0000 -0.5000 -0.8660
vn -0.0000 0.1305 -0.9915
vn -0.0000 0.9915 -0.1305
vn -0.0000 0.5000 -0.8660
vn -0.0000 0.8660 -0.5000
vn -0.0000 -0.9914 0.1305
vn -0.0000 -0.1305 0.9914
vn -0.0000 -0.1305 -0.9914
vn -0.0000 -0.9914 -0.1305
vn -0.9791 -0.1490 -0.1383
vn -0.1369 -0.9906 -0.0073
vn -0.0179 -0.9997 -0.0179
vn -0.0051 -0.9911 -0.1329
vn -0.1361 -0.1450 -0.9800
vn -0.8392 -0.5325 -0.1107
vn -0.8525 -0.1583 -0.4982
vn -0.6746 -0.6233 -0.3955
vn -0.1035 -0.9944 -0.0220
vn -0.4838 -0.8739 -0.0469
vn -0.3721 -0.9131 -0.1667
vn -0.0273 -0.9982 -0.0526
vn -0.0526 -0.9982 -0.0273
vn -0.1720 -0.9700 -0.1720
vn -0.0401 -0.8761 -0.4805
vn -0.0220 -0.9944 -0.1035
vn -0.1667 -0.9131 -0.3721
vn -0.4982 -0.1583 -0.8525
vn -0.1039 -0.5295 -0.8419
vn -0.3955 -0.6233 -0.6746
vn -0.9791 -0.1490 0.1383
vn -0.1361 -0.1450 0.9800
vn -0.0051 -0.9911 0.1329
vn -0.0199 -0.9996 0.0199
vn -0.1369 -0.9906 0.0073
vn -0.8525 -0.1583 0.4982
vn -0.8392 -0.5325 0.1107
vn -0.6746 -0.6233 0.3955
vn -0.1039 -0.5295 0.8419
vn -0.4982 -0.1583 0.8525
vn -0.3955 -0.6233 0.6746
vn -0.0220 -0.9944 0.1035
vn -0.0401 -0.8761 0.4805
vn -0.1667 -0.9131 0.3721
vn -0.0526 -0.9982 0.0273
vn -0.0273 -0.9982 0.0526
vn -0.1720 -0.9700 0.1720
vn -0.4838 -0.8739 0.0469
vn -0.1035 -0.9944 0.0220
vn -0.3721 -0.9131 0.1667
vn 0.1274 -0.1337 -0.9828
vn 0.9831 -0.1296 -0.1296
vn 0.1274 -0.9828 -0.1337
vn 0.4915 -0.1216 -0.8623
vn 0.1147 -0.4955 -0.8610
vn 0.4473 -0.4473 -0.7744
vn 0.8623 -0.4915 -0.1216
vn 0.8623 -0.1216 -0.4915
vn 0.7744 -0.4473 -0.4473
vn 0.1147 -0.8610 -0.4955
vn 0.4915 -0.8623 -0.1216
vn 0.4473 -0.7744 -0.4473
vn -0.1274 -0.9828 -0.1337
vn -0.9831 -0.1296 -0.1296
vn -0.1275 -0.1337 -0.9828
vn -0.4915 -0.8623 -0.1216
vn -0.1147 -0.8610 -0.4955
vn -0.4473 -0.7744 -0.4473
vn -0.8623 -0.1216 -0.4916
vn -0.8623 -0.4915 -0.1216
vn -0.7744 -0.4473 -0.4473
vn -0.1147 -0.4955 -0.8610
vn -0.4916 -0.1216 -0.8623
vn -0.4473 -0.4473 -0.7744
vn 0.1274 -0.9828 0.1337
vn 0.9831 -0.1296 0.1296
vn 0.1274 -0.1337 0.9828
vn 0.4915 -0.8623 0.1216
vn 0.1147 -0.8610 0.4955
vn 0.4473 -0.7744 0.4473
vn 0.8623 -0.1216 0.4915
vn 0.8623 -0.4915 0.1216
vn 0.7744 -0.4473 0.4473
vn 0.1147 -0.4955 0.8610
vn 0.4915 -0.1216 0.8623
vn 0.4473 -0.4473 0.7744
vn -0.1274 -0.9828 0.1337
vn -0.1275 -0.1337 0.9828
vn -0.9831 -0.1296 0.1296
vn -0.1147 -0.8610 0.4955
vn -0.4915 -0.8623 0.1216
vn -0.4473 -0.7744 0.4473
vn -0.4916 -0.1216 0.8623
vn -0.1147 -0.4955 0.8610
vn -0.4473 -0.4473 0.7744
vn -0.8623 -0.4915 0.1216
vn -0.8623 -0.1216 0.4916
vn -0.7744 -0.4473 0.4473
vn 0.1274 0.9828 -0.1337
vn 0.9831 0.1296 -0.1296
vn 0.1274 0.1337 -0.9828
vn 0.4915 0.8623 -0.1216
vn 0.1147 0.8610 -0.4955
vn 0.4473 0.7744 -0.4473
vn 0.8623 0.1216 -0.4915
vn 0.8623 0.4915 -0.1216
vn 0.7744 0.4473 -0.4473
vn 0.1147 0.4955 -0.8610
vn 0.4915 0.1216 -0.8623
vn 0.4473 0.4473 -0.7744
vn -0.1344 0.0021 -0.9909
vn -0.9909 0.0021 -0.1344
vn -0.5034 0.0064 -0.8640
vn -0.8640 0.0064 -0.5034
vn 0.1274 0.1337 0.9828
vn 0.9831 0.1296 0.1296
vn 0.1274 0.9828 0.1337
vn 0.4915 0.1216 0.8623
vn 0.1147 0.4955 0.8610
vn 0.4473 0.4473 0.7744
vn 0.8623 0.4915 0.1216
vn 0.8623 0.1216 0.4915
vn 0.7744 0.4473 0.4473
vn 0.1147 0.8610 0.4955
vn 0.4915 0.8623 0.1216
vn 0.4473 0.7744 0.4473
vn -0.9909 0.0021 0.1344
vn -0.1344 0.0021 0.9909
vn -0.8640 0.0064 0.5034
vn -0.5034 0.0064 0.8640
vn -0.1275 -0.1336 -0.9828
vn -0.4915 -0.1216 -0.8623
vn -0.8623 -0.1216 -0.4915
vn -0.1296 -0.9831 0.1296
vn -0.1296 -0.1296 0.9831
vn -0.1216 -0.8623 0.4916
vn -0.4915 -0.1216 0.8623
vn -0.1216 -0.4916 0.8623
vn -0.8623 -0.1216 0.4915
vn -0.9915 -0.0000 0.1305
vn -0.1305 -0.0000 0.9915
vn -0.8660 -0.0000 0.5000
vn -0.5000 -0.0000 0.8660
vn -0.1296 0.1296 0.9831
vn -0.1296 0.9831 0.1296
vn -0.9831 0.1296 0.1296
vn -0.1216 0.4916 0.8623
vn -0.4915 0.1216 0.8623
vn -0.4473 0.4473 0.7744
vn -0.4915 0.8623 0.1216
vn -0.1216 0.8623 0.4916
vn -0.4473 0.7744 0.4473
vn -0.8623 0.1216 0.4915
vn -0.8623 0.4915 0.1216
vn -0.7744 0.4473 0.4473
vn -0.9915 0.1305 -0.0000
vn -0.1305 0.9915 -0.0000
vn -0.8660 0.5000 -0.0000
vn -0.5000 0.8660 -0.0000
vn -0.1296 0.9831 -0.1296
vn -0.1296 0.1296 -0.9831
vn -0.9831 0.1296 -0.1296
vn -0.1216 0.8623 -0.4916
vn -0.4915 0.8623 -0.1216
vn -0.4473 0.7744 -0.4473
vn -0.4915 0.1216 -0.8623
vn -0.1216 0.4916 -0.8623
vn -0.4473 0.4473 -0.7744
vn -0.8623 0.4915 -0.1216
vn -0.8623 0.1216 -0.4915
vn -0.7744 0.4473 -0.4473
vn -0.9915 -0.0000 -0.1305
vn -0.1305 -0.0000 -0.9915
vn -0.8660 -0.0000 -0.5000
vn -0.5000 -0.0000 -0.8660
vn -0.1296 -0.1296 -0.9831
vn -0.1296 -0.9831 -0.1296
vn -0.1216 -0.4916 -0.8623
vn -0.1216 -0.8623 -0.4916
vn 0.9789 0.1420 -0.1471
vn 0.1337 0.9800 -0.1473
vn -0.0016 0.7949 -0.6067
vn 0.0150 0.0150 -0.9998
vn 0.1329 0.0072 -0.9911
vn 0.8496 0.5011 -0.1645
vn 0.8413 0.1104 -0.5292
vn 0.6746 0.3955 -0.6233
vn 0.0841 0.8436 -0.5304
vn 0.5011 0.8496 -0.1645
vn 0.3955 0.6746 -0.6233
vn 0.0282 0.7769 -0.6290
vn 0.0202 0.4808 -0.8766
vn 0.1667 0.3721 -0.9131
vn 0.0526 0.0273 -0.9982
vn 0.0367 0.7438 -0.6674
vn 0.1720 0.1720 -0.9700
vn 0.4804 0.0466 -0.8758
vn 0.1035 0.0220 -0.9944
vn 0.3721 0.1667 -0.9131
vn -0.0000 0.6088 -0.7933
vn 0.9915 0.1305 -0.0000
vn 0.1305 0.9915 -0.0000
vn 0.8660 0.5000 -0.0000
vn 0.5000 0.8660 -0.0000
vn 0.1296 0.1296 0.9831
vn 0.1296 0.9831 0.1296
vn 0.1216 0.4916 0.8623
vn 0.1216 0.8623 0.4916
vn 0.9789 0.1420 0.1471
vn 0.1329 0.0072 0.9911
vn 0.0150 0.0150 0.9998
vn -0.0016 0.7949 0.6067
vn 0.1337 0.9800 0.1473
vn 0.8413 0.1104 0.5292
vn 0.8496 0.5011 0.1645
vn 0.6746 0.3955 0.6233
vn 0.1035 0.0220 0.9944
vn 0.4804 0.0466 0.8758
vn 0.3721 0.1667 0.9131
vn 0.0367 0.7438 0.6674
vn 0.0526 0.0273 0.9982
vn 0.1720 0.1720 0.9700
vn 0.0202 0.4808 0.8766
vn 0.0282 0.7769 0.6290
vn 0.1667 0.3721 0.9131
vn 0.5011 0.8496 0.1645
vn 0.0841 0.8436 0.5304
vn 0.3955 0.6746 0.6233
vn -0.0000 0.6088 0.7933
vn 0.1400 0.1471 -0.9792
vn 0.9782 0.1511 -0.1422
vn 0.1369 0.9906 -0.0073
vn 0.0127 0.9998 -0.0127
vn 0.0051 0.9911 -0.1329
vn 0.5011 0.1645 -0.8496
vn 0.1039 0.5295 -0.8419
vn 0.3955 0.6233 -0.6746
vn 0.8392 0.5325 -0.1107
vn 0.8496 0.1645 -0.5011
vn 0.6746 0.6233 -0.3955
vn 0.1035 0.9944 -0.0220
vn 0.4838 0.8739 -0.0469
vn 0.3721 0.9131 -0.1667
vn 0.0273 0.9982 -0.0526
vn 0.0526 0.9982 -0.0273
vn 0.1720 0.9700 -0.1720
vn 0.0401 0.8761 -0.4805
vn 0.0220 0.9944 -0.1035
vn 0.1667 0.9131 -0.3721
vn -0.9909 0.0001 -0.1344
vn -0.1344 0.0001 -0.9909
vn -0.8640 0.0003 -0.5034
vn -0.5034 0.0003 -0.8640
vn -0.1275 -0.1336 0.9828
vn 0.1296 0.9831 -0.1296
vn 0.1296 0.1296 -0.9831
vn 0.1216 0.8623 -0.4916
vn 0.1216 0.4916 -0.8623
vn 0.1400 0.1471 0.9792
vn 0.0051 0.9911 0.1329
vn 0.0127 0.9998 0.0127
vn 0.1369 0.9906 0.0073
vn 0.9782 0.1511 0.1422
vn 0.1039 0.5295 0.8419
vn 0.5011 0.1645 0.8496
vn 0.3955 0.6233 0.6746
vn 0.0220 0.9944 0.1035
vn 0.0401 0.8761 0.4805
vn 0.1667 0.9131 0.3721
vn 0.0526 0.9982 0.0273
vn 0.0273 0.9982 0.0526
vn 0.1720 0.9700 0.1720
vn 0.4838 0.8739 0.0469
vn 0.1035 0.9944 0.0220
vn 0.3721 0.9131 0.1667
vn 0.8496 0.1645 0.5011
vn 0.8392 0.5325 0.1107
vn 0.6746 0.6233 0.3955
vn -0.1344 0.0001 0.9909
vn -0.9909 0.0001 0.1344
vn -0.5034 0.0003 0.8640
vn -0.8640 0.0003 0.5034
vn 0.9909 -0.0001 -0.1344
vn 0.1344 -0.0001 -0.9909
vn 0.8640 -0.0003 -0.5034
vn 0.5034 -0.0003 -0.8640
vn 0.1344 -0.0001 0.9909
vn 0.9909 -0.0001 0.1344
vn 0.5034 -0.0003 0.8640
vn 0.8640 -0.0003 0.5034
vn 0.1488 -0.1383 -0.9791
vn 0.1488 -0.9791 -0.1383
vn 0.9906 -0.1369 -0.0073
vn 0.9997 -0.0183 -0.0183
vn 0.9906 -0.0073 -0.1369
vn 0.1579 -0.4982 -0.8526
vn 0.5325 -0.1107 -0.8392
vn 0.6233 -0.3955 -0.6746
vn 0.5325 -0.8392 -0.1107
vn 0.1579 -0.8526 -0.4982
vn 0.6233 -0.6746 -0.3955
vn 0.9944 -0.1035 -0.0220
vn 0.8739 -0.4838 -0.0469
vn 0.9131 -0.3721 -0.1667
vn 0.9982 -0.0273 -0.0526
vn 0.9982 -0.0526 -0.0273
vn 0.9700 -0.1720 -0.1720
vn 0.8739 -0.0469 -0.4838
vn 0.9944 -0.0220 -0.1035
vn 0.9131 -0.1667 -0.3721
vn -0.1488 -0.9791 -0.1383
vn -0.1449 -0.1381 -0.9798
vn -0.9911 -0.0072 -0.1329
vn -0.9997 -0.0183 -0.0183
vn -0.9906 -0.1369 -0.0073
vn -0.1579 -0.8526 -0.4982
vn -0.5325 -0.8392 -0.1107
vn -0.6233 -0.6746 -0.3955
vn -0.5292 -0.1104 -0.8413
vn -0.1579 -0.4982 -0.8526
vn -0.6233 -0.3955 -0.6746
vn -0.9944 -0.0220 -0.1035
vn -0.8758 -0.0466 -0.4804
vn -0.9131 -0.1667 -0.3721
vn -0.9982 -0.0526 -0.0273
vn -0.9982 -0.0273 -0.0526
vn -0.9700 -0.1720 -0.1720
vn -0.8739 -0.4838 -0.0469
vn -0.9944 -0.1035 -0.0220
vn -0.9131 -0.3721 -0.1667
vn 0.1488 -0.9791 0.1383
vn 0.1488 -0.1383 0.9791
vn 0.9906 -0.0073 0.1369
vn 0.9996 -0.0204 0.0204
vn 0.9906 -0.1369 0.0073
vn 0.1579 -0.8526 0.4982
vn 0.5325 -0.8392 0.1107
vn 0.6233 -0.6746 0.3955
vn 0.5325 -0.1107 0.8392
vn 0.1579 -0.4982 0.8526
vn 0.6233 -0.3955 0.6746
vn 0.9944 -0.0220 0.1035
vn 0.8739 -0.0469 0.4838
vn 0.9131 -0.1667 0.3721
vn 0.9982 -0.0526 0.0273
vn 0.9982 -0.0273 0.0526
vn 0.9700 -0.1720 0.1720
vn 0.8739 -0.4838 0.0469
vn 0.9944 -0.1035 0.0220
vn 0.9131 -0.3721 0.1667
vn -0.1488 -0.9791 0.1383
vn -0.9906 -0.1369 0.0073
vn -0.9996 -0.0204 0.0204
vn -0.9911 -0.0072 0.1329
vn -0.1449 -0.1381 0.9798
vn -0.5325 -0.8392 0.1107
vn -0.1579 -0.8526 0.4982
vn -0.6233 -0.6746 0.3955
vn -0.9944 -0.1035 0.0220
vn -0.8739 -0.4838 0.0469
vn -0.9131 -0.3721 0.1667
vn -0.9982 -0.0273 0.0526
vn -0.9982 -0.0526 0.0273
vn -0.9700 -0.1720 0.1720
vn -0.8758 -0.0466 0.4804
vn -0.9944 -0.0220 0.1035
vn -0.9131 -0.1667 0.3721
vn -0.1579 -0.4982 0.8526
vn -0.5292 -0.1104 0.8413
vn -0.6233 -0.3955 0.6746
vn 0.0674 0.8037 -0.5912
vn 0.1210 0.9836 -0.1337
vn 0.5940 0.8006 -0.0785
vn 0.0954 0.4964 -0.8628
vn 0.2898 0.8066 -0.5152
vn 0.0954 0.8628 -0.4964
vn 0.5152 0.8066 -0.2898
vn 0.1296 -0.9831 -0.1296
vn 0.1024 0.6237 -0.7749
vn 0.7749 0.6237 -0.1024
vn 0.1216 -0.8623 -0.4915
vn 0.3723 0.6507 -0.6618
vn 0.1216 -0.4915 -0.8623
vn 0.6618 0.6507 -0.3723
vn 0.7933 0.6088 -0.0000
vn 0.1305 -0.9915 -0.0000
vn 0.8660 -0.5000 -0.0000
vn 0.5000 -0.8660 -0.0000
vn 0.0674 0.8037 0.5912
vn 0.5940 0.8006 0.0785
vn 0.1210 0.9836 0.1337
vn 0.2898 0.8066 0.5152
vn 0.0954 0.4964 0.8628
vn 0.5152 0.8066 0.2898
vn 0.0954 0.8628 0.4964
vn 0.1024 0.6237 0.7749
vn 0.1296 -0.9831 0.1296
vn 0.7749 0.6237 0.1024
vn 0.1216 -0.4915 0.8623
vn 0.3723 0.6507 0.6618
vn 0.1216 -0.8623 0.4915
vn 0.6618 0.6507 0.3723
vn 0.6088 0.7933 -0.0000
vt 0.375000 0.733967
vt 0.375000 0.712871
vt 0.614448 0.250000
vt 0.600649 0.250000
vt 0.396104 0.216584
vt 0.590097 0.216584
vt 0.396104 0.216584
vt 0.625000 0.712871
vt 0.875000 0.712871
vt 0.875000 0.733967
vt 0.625000 0.733967
vt 0.385552 0.750000
vt 0.396104 0.750000
vt 0.396104 1.000000
vt 0.385552 1.000000
vt 0.625000 0.533416
vt 0.875000 0.533416
vt 0.385552 0.216584
vt 0.385552 0.216584
vt 0.875000 0.516033
vt 0.614448 0.750000
vt 0.600649 0.750000
vt 0.590097 0.533416
vt 0.406656 0.533416
vt 0.406656 0.533416
vt 0.590097 0.533416
vt 0.125000 0.516033
vt 0.125000 0.517383
vt 0.125000 0.517383
vt 0.125000 0.517383
vt 0.125000 0.517383
vt 0.614448 0.500000
vt 0.600649 0.500000
vt 0.375000 0.533416
vt 0.590097 0.037129
vt 0.396104 0.037129
vt 0.396104 0.037129
vt 0.625000 0.516033
vt 0.600649 0.200551
vt 0.600649 0.053162
vt 0.600649 0.053162
vt 0.600649 0.200551
vt 0.406656 0.712871
vt 0.590097 0.712871
vt 0.590097 0.712871
vt 0.406656 0.712871
vt 0.600649 1.000000
vt 0.611201 0.053162
vt 0.611201 0.042473
vt 0.611201 0.031784
vt 0.611201 0.021096
vt 0.614448 0.037129
vt 0.614448 0.216584
vt 0.611201 0.232617
vt 0.611201 0.221929
vt 0.611201 0.211240
vt 0.611201 0.200551
vt 0.396104 0.250000
vt 0.396104 0.500000
vt 0.375000 0.516033
vt 0.406656 0.728904
vt 0.590097 0.728904
vt 0.597132 0.728905
vt 0.604167 0.728904
vt 0.611201 0.728904
vt 0.600649 0.733967
vt 0.406656 0.733967
vt 0.308714 0.517383
vt 0.308714 0.549449
vt 0.308714 0.538760
vt 0.308714 0.528071
vt 0.308714 0.517383
vt 0.308714 0.728904
vt 0.308714 0.718216
vt 0.308714 0.707527
vt 0.308714 0.696838
vt 0.385552 1.000000
vt 0.406656 0.516033
vt 0.600649 0.516033
vt 0.611201 0.517383
vt 0.604167 0.517383
vt 0.597132 0.517383
vt 0.590097 0.517383
vt 0.406656 0.517383
vt 0.385552 0.500000
vt 0.385552 0.500000
vt 0.396104 0.232617
vt 0.590097 0.232617
vt 0.597132 0.232617
vt 0.604167 0.232617
vt 0.611201 0.232617
vt 0.600649 0.233967
vt 0.396104 0.233967
vt 0.385552 0.037129
vt 0.385552 0.037129
vt 0.385552 0.750000
vt 0.392587 0.750000
vt 0.399621 0.750000
vt 0.406656 0.750000
vt 0.396104 1.000000
vt 0.396104 0.549449
vt 0.396104 0.696838
vt 0.396104 0.712871
vt 0.396104 0.533416
vt 0.611201 0.232617
vt 0.614448 0.216584
vt 0.614448 0.233967
vt 0.396104 0.516033
vt 0.396104 0.517383
vt 0.396104 0.528071
vt 0.396104 0.538760
vt 0.396104 0.549449
vt 0.396104 0.516033
vt 0.396104 0.696838
vt 0.396104 0.707527
vt 0.396104 0.718216
vt 0.396104 0.728904
vt 0.396104 0.733967
vt 0.396104 0.733967
vt 0.385552 0.232617
vt 0.385552 0.233967
vt 0.406656 0.500000
vt 0.399621 0.500000
vt 0.392587 0.500000
vt 0.385552 0.500000
vt 0.385552 0.500000
vt 0.385552 0.533416
vt 0.385552 0.712871
vt 0.600649 0.016033
vt 0.614448 0.016033
vt 0.611201 0.021096
vt 0.611201 0.728904
vt 0.614448 0.712871
vt 0.614448 0.733967
vt 0.396104 0.053162
vt 0.590097 0.053162
vt 0.590097 0.200551
vt 0.396104 0.200551
vt 0.396104 0.696838
vt 0.396104 0.696838
vt 0.396104 0.549449
vt 0.614448 1.000000
vt 0.614448 1.000000
vt 0.406656 0.549449
vt 0.590097 0.549449
vt 0.590097 0.696838
vt 0.406656 0.696838
vt 0.385552 0.250000
vt 0.385552 0.250000
vt 0.396104 0.250000
vt 0.125000 0.733967
vt 0.600649 0.696838
vt 0.600649 0.549449
vt 0.600649 0.549449
vt 0.600649 0.696838
vt 0.396104 0.016033
vt 0.600649 0.016033
vt 0.611201 0.021096
vt 0.604167 0.021096
vt 0.597132 0.021096
vt 0.590097 0.021096
vt 0.396104 0.021096
vt 0.611201 0.549449
vt 0.611201 0.538760
vt 0.611201 0.528071
vt 0.611201 0.517383
vt 0.614448 0.533416
vt 0.611201 0.718216
vt 0.611201 0.707527
vt 0.611201 0.696838
vt 0.385552 0.016033
vt 0.396104 0.016033
vt 0.385552 0.021096
vt 0.385552 0.053162
vt 0.385552 0.200551
vt 0.385552 0.733967
vt 0.385552 0.516033
vt 0.385552 0.750000
vt 0.614448 0.516033
vt 0.611201 0.517383
vt 0.380373 0.053162
vt 0.379982 0.043616
vt 0.385552 0.045292
vt 0.375000 0.053162
vt 0.376432 0.042523
vt 0.375000 0.042473
vt 0.186809 0.718266
vt 0.199338 0.707477
vt 0.186238 0.728905
vt 0.125000 0.728904
vt 0.125000 0.719359
vt 0.125000 0.718266
vt 0.125000 0.728904
vt 0.125000 0.721035
vt 0.125000 0.712871
vt 0.385552 0.037129
vt 0.375000 0.037129
vt 0.125000 0.706384
vt 0.125000 0.707477
vt 0.385552 0.208420
vt 0.379982 0.210097
vt 0.375000 0.200551
vt 0.379982 0.216584
vt 0.380373 0.216584
vt 0.375000 0.216584
vt 0.376432 0.216584
vt 0.125000 0.528022
vt 0.125000 0.526928
vt 0.125000 0.528071
vt 0.125000 0.538760
vt 0.125000 0.538810
vt 0.218543 0.549449
vt 0.199338 0.538810
vt 0.125000 0.549449
vt 0.125000 0.539903
vt 0.125000 0.539903
vt 0.125000 0.533416
vt 0.590097 0.712871
vt 0.595143 0.712871
vt 0.595367 0.712871
vt 0.590097 0.704844
vt 0.595144 0.704505
vt 0.595366 0.696838
vt 0.600649 0.696838
vt 0.600649 0.704505
vt 0.600649 0.704844
vt 0.600649 0.045495
vt 0.600649 0.045156
vt 0.595366 0.053162
vt 0.595143 0.045495
vt 0.590097 0.045156
vt 0.595143 0.037129
vt 0.595366 0.037129
vt 0.600649 0.549449
vt 0.600649 0.541782
vt 0.600649 0.541443
vt 0.595366 0.549449
vt 0.595143 0.541782
vt 0.590097 0.541443
vt 0.590097 0.533416
vt 0.595143 0.533416
vt 0.595366 0.533416
vt 0.600649 0.208557
vt 0.600649 0.208218
vt 0.595366 0.216584
vt 0.595143 0.216584
vt 0.590097 0.216584
vt 0.590097 0.208557
vt 0.595144 0.208218
vt 0.595366 0.200551
vt 0.396104 0.704505
vt 0.396104 0.704844
vt 0.401387 0.696838
vt 0.401610 0.704505
vt 0.406656 0.704844
vt 0.406656 0.712871
vt 0.401610 0.712871
vt 0.401387 0.712871
vt 0.406656 0.533416
vt 0.401610 0.533416
vt 0.401387 0.533416
vt 0.406656 0.541443
vt 0.401610 0.541782
vt 0.401387 0.549449
vt 0.396104 0.541782
vt 0.396104 0.541443
vt 0.385552 0.037129
vt 0.125000 0.720898
vt 0.125000 0.721237
vt 0.385552 0.029102
vt 0.375000 0.028763
vt 0.375000 0.021096
vt 0.125000 0.741973
vt 0.125000 0.741634
vt 0.125000 0.750000
vt 0.375000 1.000000
vt 0.385552 0.000000
vt 0.385552 0.008027
vt 0.375000 0.008366
vt 0.375000 0.000000
vt 0.375000 0.016033
vt 0.619717 1.000000
vt 0.619494 1.000000
vt 0.625000 1.000000
vt 0.875000 0.741634
vt 0.875000 0.750000
vt 0.625000 0.016033
vt 0.619717 0.016033
vt 0.619494 0.008366
vt 0.625000 0.008366
vt 0.614448 0.008027
vt 0.614448 0.000000
vt 0.619494 0.000000
vt 0.875000 0.500000
vt 0.875000 0.508366
vt 0.625000 0.250000
vt 0.619717 0.250000
vt 0.619494 0.250000
vt 0.614448 0.241973
vt 0.619494 0.241634
vt 0.619717 0.233967
vt 0.625000 0.233967
vt 0.625000 0.241634
vt 0.619494 0.245777
vt 0.375000 0.250000
vt 0.385552 0.250000
vt 0.125000 0.500000
vt 0.125000 0.508027
vt 0.125000 0.508366
vt 0.385552 0.241973
vt 0.375000 0.241634
vt 0.375000 0.233967
vt 0.401477 0.516033
vt 0.400374 0.507569
vt 0.406656 0.508164
vt 0.396104 0.516033
vt 0.396104 0.507569
vt 0.396104 0.508164
vt 0.396104 0.502379
vt 0.396104 0.502175
vt 0.392554 0.500000
vt 0.391834 0.500000
vt 0.392587 0.500000
vt 0.399621 0.500000
vt 0.399654 0.500000
vt 0.399654 0.500000
vt 0.619494 0.750000
vt 0.619717 0.750000
vt 0.614448 0.741973
vt 0.619494 0.741634
vt 0.619717 0.733967
vt 0.625000 0.741634
vt 0.625000 0.741973
vt 0.406656 0.741836
vt 0.400374 0.742431
vt 0.401477 0.733967
vt 0.406656 0.747621
vt 0.399654 0.747825
vt 0.392554 0.750000
vt 0.399654 0.750000
vt 0.385552 0.750000
vt 0.391834 0.750000
vt 0.392554 0.750000
vt 0.390731 0.750000
vt 0.396104 0.741836
vt 0.396104 0.742431
vt 0.401086 0.712871
vt 0.401477 0.712871
vt 0.406656 0.721035
vt 0.401086 0.719359
vt 0.401477 0.728904
vt 0.397670 0.728904
vt 0.397535 0.718265
vt 0.396104 0.707477
vt 0.396104 0.718266
vt 0.396104 0.696838
vt 0.396104 0.706384
vt 0.396104 0.704708
vt 0.125000 0.525389
vt 0.125000 0.525050
vt 0.385552 0.224611
vt 0.375000 0.224950
vt 0.375000 0.232617
vt 0.125000 0.525050
vt 0.625000 0.508366
vt 0.625000 0.508027
vt 0.619717 0.516033
vt 0.619494 0.508366
vt 0.614448 0.508027
vt 0.619494 0.500000
vt 0.619717 0.500000
vt 0.401477 0.533416
vt 0.401086 0.533416
vt 0.397670 0.533416
vt 0.397535 0.533416
vt 0.396104 0.533416
vt 0.396104 0.533416
vt 0.396104 0.538810
vt 0.396104 0.539903
vt 0.396104 0.538760
vt 0.396104 0.528022
vt 0.396104 0.517383
vt 0.396104 0.528022
vt 0.401477 0.517383
vt 0.401086 0.526928
vt 0.406656 0.525252
vt 0.595277 0.712871
vt 0.596380 0.712871
vt 0.600649 0.704708
vt 0.600649 0.706384
vt 0.600649 0.707477
vt 0.600649 0.707527
vt 0.600649 0.718216
vt 0.600649 0.718266
vt 0.604167 0.728905
vt 0.604199 0.718266
vt 0.597099 0.719359
vt 0.590097 0.721035
vt 0.600649 0.045292
vt 0.600649 0.043616
vt 0.600649 0.053162
vt 0.595277 0.037129
vt 0.596380 0.037129
vt 0.590097 0.037129
vt 0.597099 0.037129
vt 0.597132 0.037129
vt 0.604199 0.031734
vt 0.597099 0.030641
vt 0.611201 0.031784
vt 0.611201 0.042473
vt 0.604919 0.042523
vt 0.606022 0.053162
vt 0.600649 0.541580
vt 0.600649 0.539903
vt 0.600649 0.549449
vt 0.595277 0.533416
vt 0.596380 0.533416
vt 0.590097 0.533416
vt 0.597099 0.533416
vt 0.590097 0.533416
vt 0.597132 0.533416
vt 0.604167 0.533416
vt 0.604199 0.533416
vt 0.611201 0.528071
vt 0.604200 0.528022
vt 0.611201 0.538760
vt 0.604919 0.538810
vt 0.606022 0.549449
vt 0.604919 0.538810
vt 0.600649 0.210097
vt 0.600649 0.208420
vt 0.600649 0.211190
vt 0.600649 0.211240
vt 0.600649 0.221929
vt 0.600649 0.221978
vt 0.604199 0.221978
vt 0.597099 0.223072
vt 0.590097 0.224748
vt 0.590097 0.216584
vt 0.596380 0.216584
vt 0.595277 0.216584
vt 0.390821 0.500000
vt 0.390598 0.500000
vt 0.396104 0.508027
vt 0.396104 0.508366
vt 0.390821 0.516033
vt 0.390598 0.508366
vt 0.385552 0.508027
vt 0.375000 0.508027
vt 0.375000 0.508366
vt 0.380283 0.500000
vt 0.380506 0.500000
vt 0.380506 0.508366
vt 0.380283 0.516033
vt 0.390598 0.750000
vt 0.390821 0.750000
vt 0.385552 0.741973
vt 0.390598 0.741634
vt 0.390821 0.733967
vt 0.396104 0.741634
vt 0.396104 0.741973
vt 0.380283 0.750000
vt 0.380506 0.750000
vt 0.375000 0.741973
vt 0.375000 0.741634
vt 0.380283 0.733967
vt 0.380506 0.741634
vt 0.125000 0.508017
vt 0.375000 0.508017
vt 0.375000 0.500000
vt 0.625000 0.500000
vt 0.619724 0.500000
vt 0.619724 0.250000
vt 0.375000 0.741983
vt 0.125000 0.741983
vt 0.375000 0.750000
vt 0.625000 0.750000
vt 0.619724 1.000000
vt 0.619724 0.750000
vt 0.218543 0.696838
vt 0.125000 0.696838
vt 0.396104 0.045145
vt 0.396104 0.208568
vt 0.380276 0.500000
vt 0.625000 0.741983
vt 0.600649 0.000000
vt 0.600649 0.008017
vt 0.625000 0.216584
vt 0.619724 0.216584
vt 0.396104 0.241983
vt 0.619724 0.712871
vt 0.625000 0.037129
vt 0.619724 0.037129
vt 0.625000 0.533416
vt 0.619724 0.533416
vt 0.396104 0.029112
vt 0.396104 0.224601
vt 0.396104 0.000000
vt 0.600649 0.008017
vt 0.396104 0.008017
vt 0.600649 0.241983
vt 0.600649 0.508017
vt 0.600649 0.741983
vt 0.606022 0.200551
vt 0.606022 0.696838
vt 0.406656 0.750000
vt 0.590097 0.028965
vt 0.590097 0.525252
vt 0.396104 0.008017
vt 0.396104 0.728904
vt 0.125000 0.525252
vt 0.396104 0.541579
vt 0.380276 0.750000
vt 0.380276 0.750000
vt 0.625000 0.508017
vt 0.380276 0.533416
vt 0.380276 0.712871
vt 0.390828 0.712871
vt 0.390828 0.533416
vt 0.390731 0.500000
vt 0.125000 0.728905
s 1
usemtl Masaneta_e_borda_de_trosos
f 3265/3364/2612 3234/3365/2593 3248/3365/2593 3533/3364/2597
f 3261/3366/2608 3240/3367/2595 3621/3367/2778 3446/3366/2766
f 3398/3368/2733 3358/3369/2693 3697/3369/2960 3613/3370/2884
f 3235/3371/2592 3233/3372/2592 3253/3373/2600 3270/3374/2600
f 3266/3375/2613 3245/3376/2594 3246/3377/2594 3249/3378/2596
f 3253/3373/2600 3233/3372/2592 3537/3372/2762 3430/3373/2750
f 3238/3379/2592 3236/3380/2592 3233/3372/2592 3235/3371/2592
f 3302/3381/2637 3398/3370/2733 3613/3368/2884 3570/3382/2859
f 3236/3380/2592 3262/3383/2609 3445/3383/2765 3442/3380/2762
f 3269/3384/2601 3242/3385/2594 3629/3385/2892 3501/3384/2810
f 3347/3386/2682 3385/3387/2720 3593/3388/2864 3674/3389/2937
f 3257/3390/2604 3304/3391/2639 3316/3391/2651 3312/3392/2647 3303/3393/2638 3569/3394/2692 3462/3390/2782
f 3240/3367/2595 3261/3366/2608 3278/3395/2608 3241/3396/2595
f 3234/3365/2593 3237/3397/2593 3247/3397/2593 3248/3365/2593
f 3335/3398/2670 3381/3399/2716 3566/3400/2856 3654/3398/2917
f 3277/3401/2609 3238/3379/2592 3542/3379/2807 3581/3401/2860
f 3357/3402/2692 3333/3403/2668 3653/3404/2916 3693/3405/2956
f 3371/3406/2706 3321/3407/2656 3633/3408/2896 3545/3409/2835
f 3245/3376/2594 3242/3385/2594 3239/3410/2594 3246/3377/2594
f 3657/3411/2920 3671/3412/2934 3667/3413/2930 3656/3414/2919 3538/3415/2761 3441/3416/2761 3695/3417/2958 3705/3418/2968 3701/3419/2964 3694/3420/2957
f 3243/3421/2595 3240/3367/2595 3241/3396/2595 3244/3422/2595
f 3237/3397/2593 3274/3423/2615 3494/3423/2604 3247/3397/2593
f 3546/3424/2836 3637/3425/2900 3651/3426/2914 3647/3427/2910 3636/3428/2899 3630/3429/2893 3513/3430/2814
f 3257/3390/2604 3274/3423/2615 3237/3397/2593 3304/3431/2639
f 3305/3432/2640 3319/3433/2654 3315/3434/2650 3304/3435/2639 3237/3397/2593 3234/3365/2593 3283/3436/2618 3293/3437/2628 3289/3438/2624 3282/3439/2617
f 3249/3378/2596 3246/3377/2594 3618/3377/2746 3414/3440/2740
f 3473/3441/2785 3625/3442/2888 3676/3443/2939 3688/3444/2951 3684/3445/2947 3675/3446/2938 3597/3447/2868
f 3273/3448/2614 3244/3422/2595 3476/3449/2788 3493/3448/2805
f 3614/3450/2885 3696/3451/2959 3708/3452/2971 3704/3453/2967 3695/3454/2958 3622/3455/2777 3457/3456/2777
f 3381/3400/2716 3285/3457/2620 3401/3458/2736 3566/3399/2856
f 3240/3367/2595 3243/3421/2595 3458/3421/2778 3621/3367/2778
f 3238/3379/2592 3235/3371/2592 3498/3371/2807 3542/3379/2807
f 3242/3385/2594 3245/3376/2594 3515/3459/2816 3525/3460/2826 3521/3461/2822 3514/3462/2815 3629/3385/2892
f 3246/3377/2594 3239/3410/2594 3426/3410/2746 3618/3463/2746
f 3595/3464/2866 3548/3465/2838 3770/3466/2807 3774/3467/2807
f 3695/3468/2958 3441/3469/2761 3447/3470/2767 3622/3455/2777
f 3474/3471/2786 3596/3472/2867 3608/3473/2879 3604/3474/2875 3595/3475/2866 3774/3467/2807 3714/3476/2977
f 3233/3372/2592 3236/3380/2592 3442/3380/2762 3537/3372/2762
f 3548/3477/2838 3560/3478/2850 3556/3479/2846 3547/3480/2837 3517/3481/2818 3743/3482/2996 3770/3466/2807
f 3571/3483/2694 3614/3450/2885 3457/3456/2777 3463/3484/2669
f 3244/3422/2595 3241/3396/2595 3626/3396/2889 3477/3485/2789 3491/3486/2803 3487/3487/2799 3476/3449/2788
f 3493/3448/2805 3476/3488/2788 3488/3489/2800 3484/3449/2796 3475/3448/2787 3713/3448/2976 3726/3448/2984
f 3737/3490/2990 3773/3490/3008 3769/3491/3008 3766/3491/2990
f 3425/3492/2745 3431/3493/2751 3538/3415/2761 3656/3494/2919
f 3636/3495/2899 3497/3496/2806 3502/3497/2721 3630/3429/2893
f 3382/3498/2717 3334/3499/2669 3359/3500/2694 3397/3501/2732
f 3241/3396/2595 3278/3395/2608 3583/3395/2861 3626/3396/2889
f 3387/3475/2722 3369/3502/2704 3549/3503/2839 3563/3465/2853 3559/3465/2849 3548/3465/2838 3595/3475/2866 3605/3504/2876 3601/3475/2872 3594/3504/2865
f 3239/3410/2594 3254/3505/2601 3429/3506/2749 3426/3410/2746
f 3386/3507/2721 3346/3508/2681 3322/3509/2657 3370/3510/2705
f 3243/3421/2595 3258/3511/2605 3461/3512/2781 3458/3513/2778
f 3283/3436/2618 3234/3365/2593 3265/3364/2612 3250/3514/2597
f 3323/3515/2658 3345/3516/2680 3673/3517/2936 3634/3518/2897
f 3235/3371/2592 3270/3374/2600 3503/3374/2811 3498/3371/2807
f 3242/3385/2594 3269/3384/2601 3254/3505/2601 3239/3410/2594
f 3617/3519/2745 3425/3520/2745 3656/3521/2919 3668/3522/2931 3664/3523/2927 3655/3524/2918 3565/3525/2855
f 3677/3526/2940 3691/3527/2954 3687/3528/2950 3676/3529/2939 3541/3530/2806 3497/3496/2806 3636/3495/2899 3648/3531/2911 3644/3532/2907 3635/3533/2898
f 3277/3401/2609 3262/3383/2609 3236/3380/2592 3238/3379/2592
f 3245/3376/2594 3266/3375/2613 3534/3375/2834 3515/3375/2816
f 3415/3534/2694 3617/3535/2745 3565/3525/2855 3403/3536/2669
f 3258/3511/2605 3243/3421/2595 3244/3422/2595 3273/3448/2614
f 3281/3537/2616 3382/3498/2717 3397/3501/2732 3301/3538/2636
f 3766/3491/2990 3769/3491/3008 3742/3539/2995 3755/3539/3003
f 3248/3365/2593 3247/3397/2593 3738/3397/2991 3765/3365/2991
f 3727/3540/2985 3715/3540/2978 3773/3490/3008 3737/3490/2990
f 3247/3397/2593 3494/3423/2604 3725/3423/2983 3738/3397/2991
f 3516/3541/2817 3528/3459/2829 3524/3459/2825 3515/3541/2816 3534/3375/2834 3753/3541/3001 3741/3541/2994
f 3625/3442/2888 3582/3542/2705 3541/3530/2806 3676/3543/2939
f 3533/3364/2597 3248/3365/2593 3765/3365/2991 3754/3364/3002
f 3281/3537/2616 3286/3544/2621 3288/3545/2623 3287/3546/2622
f 3286/3544/2621 3290/3547/2625 3291/3548/2626 3288/3545/2623
f 3282/3547/2617 3289/3549/2624 3291/3548/2626 3290/3547/2625
f 3289/3438/2624 3293/3437/2628 3294/3550/2629 3291/3551/2626
f 3283/3436/2618 3292/3552/2627 3294/3550/2629 3293/3437/2628
f 3292/3553/2627 3296/3553/2631 3297/3554/2632 3294/3555/2629
f 3284/3556/2619 3295/3557/2630 3297/3554/2632 3296/3553/2631
f 3295/3557/2630 3299/3558/2634 3300/3558/2635 3297/3554/2632
f 3285/3457/2620 3298/3559/2633 3300/3560/2635 3299/3560/2634
f 3298/3559/2633 3287/3546/2622 3288/3545/2623 3300/3560/2635
f 3288/3561/2623 3291/3562/2626 3294/3555/2629 3297/3554/2632 3300/3558/2635
f 3301/3538/2636 3306/3563/2641 3308/3564/2643 3307/3565/2642
f 3306/3563/2641 3310/3381/2645 3311/3566/2646 3308/3564/2643
f 3302/3381/2637 3309/3567/2644 3311/3566/2646 3310/3381/2645
f 3309/3567/2644 3313/3568/2648 3314/3569/2649 3311/3566/2646
f 3303/3568/2638 3312/3568/2647 3314/3569/2649 3313/3568/2648
f 3312/3392/2647 3316/3391/2651 3317/3570/2652 3314/3571/2649
f 3304/3391/2639 3315/3572/2650 3317/3570/2652 3316/3391/2651
f 3315/3572/2650 3319/3573/2654 3320/3574/2655 3317/3570/2652
f 3305/3432/2640 3318/3575/2653 3320/3576/2655 3319/3433/2654
f 3318/3575/2653 3307/3577/2642 3308/3578/2643 3320/3576/2655
f 3308/3579/2643 3311/3580/2646 3314/3571/2649 3317/3570/2652 3320/3574/2655
f 3321/3407/2656 3324/3581/2659 3326/3582/2661 3325/3583/2660
f 3324/3581/2659 3328/3584/2663 3329/3585/2664 3326/3582/2661
f 3322/3509/2657 3327/3586/2662 3329/3585/2664 3328/3584/2663
f 3327/3586/2662 3331/3587/2666 3332/3588/2667 3329/3585/2664
f 3323/3515/2658 3330/3589/2665 3332/3588/2667 3331/3587/2666
f 3330/3589/2665 3325/3583/2660 3326/3582/2661 3332/3588/2667
f 3326/3582/2661 3329/3585/2664 3332/3588/2667
f 3333/3403/2668 3336/3403/2671 3338/3590/2673 3337/3591/2672
f 3336/3403/2671 3340/3592/2675 3341/3593/2676 3338/3590/2673
f 3334/3499/2669 3339/3594/2674 3341/3593/2676 3340/3592/2675
f 3339/3594/2674 3343/3398/2678 3344/3595/2679 3341/3593/2676
f 3335/3398/2670 3342/3596/2677 3344/3595/2679 3343/3398/2678
f 3342/3596/2677 3337/3591/2672 3338/3590/2673 3344/3595/2679
f 3338/3590/2673 3341/3593/2676 3344/3595/2679
f 3345/3516/2680 3348/3597/2683 3350/3598/2685 3349/3599/2684
f 3348/3597/2683 3352/3600/2687 3353/3601/2688 3350/3598/2685
f 3346/3508/2681 3351/3602/2686 3353/3601/2688 3352/3600/2687
f 3351/3602/2686 3355/3603/2690 3356/3604/2691 3353/3601/2688
f 3347/3386/2682 3354/3605/2689 3356/3604/2691 3355/3603/2690
f 3354/3605/2689 3349/3599/2684 3350/3598/2685 3356/3604/2691
f 3350/3598/2685 3353/3601/2688 3356/3604/2691
f 3357/3402/2692 3360/3606/2695 3362/3607/2697 3361/3405/2696
f 3360/3606/2695 3364/3608/2699 3365/3609/2700 3362/3607/2697
f 3358/3369/2693 3363/3610/2698 3365/3609/2700 3364/3608/2699
f 3363/3610/2698 3367/3611/2702 3368/3612/2703 3365/3609/2700
f 3359/3500/2694 3366/3613/2701 3368/3612/2703 3367/3611/2702
f 3366/3613/2701 3361/3405/2696 3362/3607/2697 3368/3612/2703
f 3362/3607/2697 3365/3609/2700 3368/3612/2703
f 3369/3502/2704 3372/3465/2707 3374/3614/2709 3373/3615/2708
f 3372/3465/2707 3376/3616/2711 3377/3617/2712 3374/3614/2709
f 3370/3510/2705 3375/3618/2710 3377/3617/2712 3376/3616/2711
f 3375/3618/2710 3379/3619/2714 3380/3620/2715 3377/3617/2712
f 3371/3406/2706 3378/3621/2713 3380/3620/2715 3379/3619/2714
f 3378/3621/2713 3373/3615/2708 3374/3614/2709 3380/3620/2715
f 3374/3614/2709 3377/3617/2712 3380/3620/2715
f 3385/3387/2720 3388/3622/2723 3390/3623/2725 3389/3624/2724
f 3388/3622/2723 3392/3625/2727 3393/3626/2728 3390/3623/2725
f 3386/3507/2721 3391/3627/2726 3393/3626/2728 3392/3625/2727
f 3391/3627/2726 3395/3504/2730 3396/3628/2731 3393/3626/2728
f 3387/3475/2722 3394/3629/2729 3396/3628/2731 3395/3504/2730
f 3394/3629/2729 3389/3624/2724 3390/3623/2725 3396/3628/2731
f 3390/3623/2725 3393/3626/2728 3396/3628/2731
f 3401/3458/2736 3404/3560/2677 3406/3560/2679 3405/3630/2737
f 3404/3558/2677 3408/3631/2672 3409/3632/2673 3406/3558/2679
f 3402/3553/2668 3407/3553/2671 3409/3632/2673 3408/3631/2672
f 3407/3553/2671 3411/3553/2675 3412/3632/2676 3409/3632/2673
f 3403/3536/2669 3410/3633/2738 3412/3634/2676 3411/3635/2675
f 3410/3633/2738 3405/3630/2737 3406/3560/2679 3412/3634/2676
f 3406/3558/2679 3409/3632/2673 3412/3632/2676
f 3413/3514/2739 3416/3636/2741 3418/3637/2697 3417/3514/2696
f 3416/3636/2741 3420/3638/2743 3421/3638/2700 3418/3637/2697
f 3414/3440/2740 3419/3378/2742 3421/3639/2700 3420/3639/2743
f 3419/3640/2742 3423/3641/2744 3424/3642/2703 3421/3643/2700
f 3415/3534/2694 3422/3644/2701 3424/3642/2703 3423/3641/2744
f 3422/3514/2701 3417/3514/2696 3418/3637/2697 3424/3637/2703
f 3418/3637/2697 3421/3638/2700 3424/3637/2703
f 3429/3506/2749 3432/3645/2752 3434/3646/2754 3433/3505/2753
f 3432/3645/2752 3436/3647/2756 3437/3647/2757 3434/3646/2754
f 3430/3373/2750 3435/3373/2755 3437/3648/2757 3436/3649/2756
f 3435/3650/2755 3439/3651/2759 3440/3652/2760 3437/3653/2757
f 3431/3493/2751 3438/3654/2758 3440/3652/2760 3439/3651/2759
f 3438/3654/2758 3433/3655/2753 3434/3656/2754 3440/3652/2760
f 3434/3656/2754 3437/3653/2757 3440/3652/2760
f 3445/3383/2765 3448/3657/2768 3450/3658/2770 3449/3383/2769
f 3448/3659/2768 3452/3660/2772 3453/3661/2773 3450/3659/2770
f 3446/3366/2766 3451/3366/2771 3453/3661/2773 3452/3660/2772
f 3451/3366/2771 3455/3662/2775 3456/3663/2776 3453/3661/2773
f 3447/3470/2767 3454/3664/2774 3456/3663/2776 3455/3662/2775
f 3454/3664/2774 3449/3665/2769 3450/3666/2770 3456/3663/2776
f 3450/3666/2770 3453/3667/2773 3456/3663/2776
f 3461/3512/2781 3464/3668/2783 3466/3668/2679 3465/3669/2737
f 3464/3670/2783 3468/3671/2784 3469/3672/2673 3466/3670/2679
f 3462/3390/2782 3467/3390/2671 3469/3672/2673 3468/3671/2784
f 3467/3390/2671 3471/3390/2675 3472/3672/2676 3469/3672/2673
f 3463/3484/2669 3470/3673/2738 3472/3674/2676 3471/3675/2675
f 3470/3673/2738 3465/3669/2737 3466/3668/2679 3472/3674/2676
f 3466/3670/2679 3469/3672/2673 3472/3672/2676
f 3473/3441/2785 3478/3676/2790 3480/3677/2792 3479/3678/2791
f 3478/3676/2790 3482/3679/2794 3483/3680/2795 3480/3677/2792
f 3474/3471/2786 3481/3681/2793 3483/3680/2795 3482/3679/2794
f 3481/3681/2793 3485/3682/2797 3486/3683/2798 3483/3680/2795
f 3475/3422/2787 3484/3422/2796 3486/3683/2798 3485/3682/2797
f 3484/3449/2796 3488/3489/2800 3489/3684/2801 3486/3685/2798
f 3476/3488/2788 3487/3686/2799 3489/3684/2801 3488/3489/2800
f 3487/3686/2799 3491/3687/2803 3492/3688/2804 3489/3684/2801
f 3477/3485/2789 3490/3485/2802 3492/3689/2804 3491/3486/2803
f 3490/3485/2802 3479/3678/2791 3480/3677/2792 3492/3689/2804
f 3480/3677/2792 3483/3680/2795 3486/3683/2798 3489/3684/2801 3492/3689/2804
f 3501/3384/2810 3504/3384/2723 3506/3690/2725 3505/3691/2812
f 3504/3384/2723 3508/3692/2727 3509/3693/2728 3506/3690/2725
f 3502/3497/2721 3507/3694/2726 3509/3693/2728 3508/3692/2727
f 3507/3694/2726 3511/3374/2730 3512/3695/2731 3509/3693/2728
f 3503/3374/2811 3510/3696/2813 3512/3695/2731 3511/3374/2730
f 3510/3696/2813 3505/3691/2812 3506/3690/2725 3512/3695/2731
f 3506/3690/2725 3509/3693/2728 3512/3695/2731
f 3513/3430/2814 3518/3697/2819 3520/3698/2821 3519/3699/2820
f 3518/3697/2819 3522/3700/2823 3523/3701/2824 3520/3698/2821
f 3514/3462/2815 3521/3461/2822 3523/3701/2824 3522/3700/2823
f 3521/3461/2822 3525/3460/2826 3526/3702/2827 3523/3703/2824
f 3515/3459/2816 3524/3704/2825 3526/3702/2827 3525/3460/2826
f 3524/3459/2825 3528/3459/2829 3529/3705/2830 3526/3706/2827
f 3516/3541/2817 3527/3707/2828 3529/3705/2830 3528/3459/2829
f 3527/3707/2828 3531/3708/2832 3532/3709/2833 3529/3705/2830
f 3517/3481/2818 3530/3481/2831 3532/3709/2833 3531/3708/2832
f 3530/3481/2831 3519/3699/2820 3520/3698/2821 3532/3709/2833
f 3520/3698/2821 3523/3701/2824 3526/3702/2827 3529/3705/2830 3532/3709/2833
f 3545/3409/2835 3550/3409/2840 3552/3710/2842 3551/3711/2841
f 3550/3409/2840 3554/3712/2844 3555/3713/2845 3552/3710/2842
f 3546/3424/2836 3553/3714/2843 3555/3713/2845 3554/3712/2844
f 3553/3714/2843 3557/3715/2847 3558/3716/2848 3555/3713/2845
f 3547/3480/2837 3556/3479/2846 3558/3716/2848 3557/3715/2847
f 3556/3479/2846 3560/3478/2850 3561/3717/2851 3558/3718/2848
f 3548/3477/2838 3559/3719/2849 3561/3717/2851 3560/3478/2850
f 3559/3465/2849 3563/3465/2853 3564/3720/2854 3561/3717/2851
f 3549/3503/2839 3562/3721/2852 3564/3720/2854 3563/3465/2853
f 3562/3721/2852 3551/3711/2841 3552/3710/2842 3564/3720/2854
f 3552/3710/2842 3555/3713/2845 3558/3716/2848 3561/3717/2851 3564/3720/2854
f 3569/3394/2692 3572/3722/2695 3574/3723/2697 3573/3394/2696
f 3572/3722/2695 3576/3580/2699 3577/3580/2700 3574/3723/2697
f 3570/3382/2859 3575/3381/2742 3577/3568/2700 3576/3568/2699
f 3575/3381/2742 3579/3724/2744 3580/3725/2703 3577/3568/2700
f 3571/3483/2694 3578/3726/2701 3580/3725/2703 3579/3724/2744
f 3578/3394/2701 3573/3394/2696 3574/3723/2697 3580/3727/2703
f 3574/3723/2697 3577/3580/2700 3580/3727/2703
f 3581/3401/2860 3584/3401/2707 3586/3728/2709 3585/3729/2862
f 3584/3401/2707 3588/3730/2711 3589/3731/2712 3586/3728/2709
f 3582/3542/2705 3587/3732/2710 3589/3731/2712 3588/3730/2711
f 3587/3732/2710 3591/3395/2714 3592/3733/2715 3589/3731/2712
f 3583/3395/2861 3590/3734/2863 3592/3733/2715 3591/3395/2714
f 3590/3734/2863 3585/3729/2862 3586/3728/2709 3592/3733/2715
f 3586/3728/2709 3589/3731/2712 3592/3733/2715
f 3593/3388/2864 3598/3735/2869 3600/3736/2871 3599/3387/2870
f 3598/3735/2869 3602/3737/2873 3603/3738/2874 3600/3736/2871
f 3594/3739/2865 3601/3740/2872 3603/3738/2874 3602/3737/2873
f 3601/3475/2872 3605/3504/2876 3606/3741/2877 3603/3742/2874
f 3595/3475/2866 3604/3743/2875 3606/3741/2877 3605/3504/2876
f 3604/3743/2875 3608/3473/2879 3609/3744/2880 3606/3741/2877
f 3596/3472/2867 3607/3745/2878 3609/3746/2880 3608/3473/2879
f 3607/3745/2878 3611/3747/2882 3612/3748/2883 3609/3746/2880
f 3597/3447/2868 3610/3749/2881 3612/3748/2883 3611/3747/2882
f 3610/3749/2881 3599/3387/2870 3600/3736/2871 3612/3748/2883
f 3600/3736/2871 3603/3738/2874 3606/3741/2877 3609/3746/2880 3612/3748/2883
f 3633/3408/2896 3638/3750/2901 3640/3751/2903 3639/3581/2902
f 3638/3750/2901 3642/3752/2905 3643/3753/2906 3640/3751/2903
f 3634/3518/2897 3641/3518/2904 3643/3753/2906 3642/3752/2905
f 3641/3518/2904 3645/3518/2908 3646/3754/2909 3643/3753/2906
f 3635/3518/2898 3644/3755/2907 3646/3754/2909 3645/3518/2908
f 3644/3755/2907 3648/3756/2911 3649/3757/2912 3646/3754/2909
f 3636/3495/2899 3647/3758/2910 3649/3759/2912 3648/3531/2911
f 3647/3427/2910 3651/3426/2914 3652/3760/2915 3649/3759/2912
f 3637/3425/2900 3650/3761/2913 3652/3760/2915 3651/3426/2914
f 3650/3761/2913 3639/3581/2902 3640/3751/2903 3652/3760/2915
f 3640/3751/2903 3643/3753/2906 3646/3754/2909 3649/3759/2912 3652/3760/2915
f 3653/3404/2916 3658/3762/2921 3660/3763/2923 3659/3764/2922
f 3658/3762/2921 3662/3765/2925 3663/3766/2926 3660/3763/2923
f 3654/3398/2917 3661/3767/2924 3663/3766/2926 3662/3765/2925
f 3661/3767/2924 3665/3398/2928 3666/3768/2929 3663/3766/2926
f 3655/3767/2918 3664/3769/2927 3666/3768/2929 3665/3398/2928
f 3664/3523/2927 3668/3522/2931 3669/3770/2932 3666/3771/2929
f 3656/3521/2919 3667/3772/2930 3669/3770/2932 3668/3522/2931
f 3667/3772/2930 3671/3773/2934 3672/3774/2935 3669/3770/2932
f 3657/3411/2920 3670/3775/2933 3672/3774/2935 3671/3412/2934
f 3670/3775/2933 3659/3764/2922 3660/3763/2923 3672/3774/2935
f 3660/3763/2923 3663/3766/2926 3666/3768/2929 3669/3770/2932 3672/3774/2935
f 3673/3517/2936 3678/3776/2941 3680/3777/2943 3679/3778/2942
f 3678/3776/2941 3682/3779/2945 3683/3780/2946 3680/3777/2943
f 3674/3389/2937 3681/3603/2944 3683/3780/2946 3682/3779/2945
f 3681/3603/2944 3685/3781/2948 3686/3782/2949 3683/3780/2946
f 3675/3783/2938 3684/3784/2947 3686/3782/2949 3685/3781/2948
f 3684/3784/2947 3688/3785/2951 3689/3786/2952 3686/3782/2949
f 3676/3443/2939 3687/3787/2950 3689/3788/2952 3688/3444/2951
f 3687/3787/2950 3691/3789/2954 3692/3790/2955 3689/3788/2952
f 3677/3526/2940 3690/3791/2953 3692/3792/2955 3691/3527/2954
f 3690/3791/2953 3679/3778/2942 3680/3777/2943 3692/3792/2955
f 3680/3777/2943 3683/3780/2946 3686/3782/2949 3689/3788/2952 3692/3792/2955
f 3693/3405/2956 3698/3402/2961 3700/3793/2963 3699/3794/2962
f 3698/3402/2961 3702/3405/2965 3703/3795/2966 3700/3793/2963
f 3694/3402/2957 3701/3796/2964 3703/3795/2966 3702/3405/2965
f 3701/3796/2964 3705/3797/2968 3706/3798/2969 3703/3795/2966
f 3695/3417/2958 3704/3453/2967 3706/3799/2969 3705/3418/2968
f 3704/3453/2967 3708/3452/2971 3709/3800/2972 3706/3799/2969
f 3696/3451/2959 3707/3801/2970 3709/3800/2972 3708/3452/2971
f 3707/3801/2970 3711/3802/2974 3712/3803/2975 3709/3800/2972
f 3697/3369/2960 3710/3804/2973 3712/3803/2975 3711/3802/2974
f 3710/3804/2973 3699/3794/2962 3700/3793/2963 3712/3803/2975
f 3700/3793/2963 3703/3795/2966 3706/3799/2969 3709/3800/2972 3712/3803/2975
f 3713/3448/2976 3716/3805/2979 3718/3806/2715 3717/3488/2980
f 3716/3805/2979 3720/3807/2981 3721/3808/2709 3718/3806/2715
f 3714/3476/2977 3719/3476/2707 3721/3808/2709 3720/3807/2981
f 3719/3476/2707 3723/3809/2711 3724/3810/2712 3721/3808/2709
f 3715/3540/2978 3722/3811/2982 3724/3810/2712 3723/3809/2711
f 3722/3811/2982 3717/3488/2980 3718/3806/2715 3724/3810/2712
f 3718/3806/2715 3721/3808/2709 3724/3810/2712
f 3725/3423/2983 3728/3812/2986 3730/3813/2667 3729/3423/2666
f 3728/3812/2986 3732/3814/2988 3733/3815/2661 3730/3813/2667
f 3726/3448/2984 3731/3488/2987 3733/3815/2661 3732/3814/2988
f 3731/3488/2987 3735/3811/2989 3736/3816/2664 3733/3815/2661
f 3727/3540/2985 3734/3817/2662 3736/3816/2664 3735/3811/2989
f 3734/3817/2662 3729/3423/2666 3730/3813/2667 3736/3816/2664
f 3730/3813/2667 3733/3815/2661 3736/3816/2664
f 3741/3541/2994 3744/3541/2997 3746/3818/2725 3745/3819/2998
f 3744/3541/2997 3748/3820/2999 3749/3821/2728 3746/3818/2725
f 3742/3539/2995 3747/3822/2726 3749/3821/2728 3748/3820/2999
f 3747/3822/2726 3751/3482/2730 3752/3823/2731 3749/3821/2728
f 3743/3482/2996 3750/3824/3000 3752/3823/2731 3751/3482/2730
f 3750/3824/3000 3745/3819/2998 3746/3818/2725 3752/3823/2731
f 3746/3818/2725 3749/3821/2728 3752/3823/2731
f 3753/3541/3001 3756/3825/3004 3758/3826/2691 3757/3541/3005
f 3756/3825/3004 3760/3827/3006 3761/3828/2685 3758/3826/2691
f 3754/3364/3002 3759/3364/2683 3761/3828/2685 3760/3827/3006
f 3759/3364/2683 3763/3829/2687 3764/3830/2688 3761/3828/2685
f 3755/3539/3003 3762/3820/3007 3764/3830/2688 3763/3829/2687
f 3762/3820/3007 3757/3541/3005 3758/3826/2691 3764/3830/2688
f 3758/3826/2691 3761/3828/2685 3764/3830/2688
f 3274/3423/2615 3257/3390/2604 3259/3831/2606 3276/3832/2606
f 3276/3832/2606 3259/3831/2606 3260/3670/2607 3275/3833/2607
f 3275/3833/2607 3260/3668/2607 3258/3511/2605 3273/3448/2614
f 3262/3383/2609 3277/3401/2609 3279/3834/2611 3264/3657/2611
f 3264/3659/2611 3279/3834/2611 3280/3835/2610 3263/3836/2610
f 3263/3836/2610 3280/3835/2610 3278/3395/2608 3261/3366/2608
f 3250/3514/2597 3265/3364/2612 3267/3837/2599 3252/3838/2599
f 3252/3838/2599 3267/3837/2599 3268/3839/2598 3251/3638/2598
f 3251/3639/2598 3268/3839/2598 3266/3375/2613 3249/3378/2596
f 3270/3374/2600 3253/3373/2600 3255/3649/2602 3272/3840/2602
f 3272/3840/2602 3255/3647/2602 3256/3841/2603 3271/3842/2603
f 3271/3842/2603 3256/3841/2603 3254/3505/2601 3269/3384/2601
f 3305/3432/2640 3282/3439/2617 3290/3843/2625 3318/3575/2653
f 3318/3575/2653 3290/3843/2625 3286/3844/2621 3307/3577/2642
f 3307/3565/2642 3286/3547/2621 3281/3537/2616 3301/3538/2636
f 3549/3503/2839 3369/3502/2704 3373/3615/2708 3562/3721/2852
f 3562/3721/2852 3373/3615/2708 3378/3621/2713 3551/3711/2841
f 3551/3711/2841 3378/3621/2713 3371/3406/2706 3545/3409/2835
f 3382/3498/2717 3281/3537/2616 3287/3546/2622 3384/3845/2719
f 3384/3845/2719 3287/3546/2622 3298/3559/2633 3383/3400/2718
f 3383/3400/2718 3298/3559/2633 3285/3457/2620 3381/3400/2716
f 3323/3515/2658 3634/3518/2897 3642/3752/2905 3330/3589/2665
f 3330/3589/2665 3642/3752/2905 3638/3750/2901 3325/3583/2660
f 3325/3583/2660 3638/3750/2901 3633/3408/2896 3321/3407/2656
f 3398/3370/2733 3302/3381/2637 3310/3381/2645 3400/3368/2735
f 3400/3368/2735 3310/3381/2645 3306/3563/2641 3399/3846/2734
f 3399/3846/2734 3306/3563/2641 3301/3538/2636 3397/3501/2732
f 3494/3423/2604 3274/3423/2615 3276/3832/2606 3496/3832/2606
f 3496/3832/2606 3276/3832/2606 3275/3847/2607 3495/3847/2607
f 3495/3847/2607 3275/3847/2607 3273/3448/2614 3493/3448/2805
f 3333/3403/2668 3357/3402/2692 3361/3405/2696 3336/3403/2671
f 3336/3403/2671 3361/3405/2696 3366/3613/2701 3340/3592/2675
f 3340/3592/2675 3366/3613/2701 3359/3500/2694 3334/3499/2669
f 3284/3556/2619 3402/3553/2668 3408/3631/2672 3295/3557/2630
f 3295/3557/2630 3408/3631/2672 3404/3558/2677 3299/3558/2634
f 3299/3560/2634 3404/3560/2677 3401/3458/2736 3285/3457/2620
f 3345/3516/2680 3323/3515/2658 3331/3587/2666 3348/3597/2683
f 3348/3597/2683 3331/3587/2666 3327/3586/2662 3352/3600/2687
f 3352/3600/2687 3327/3586/2662 3322/3509/2657 3346/3508/2681
f 3321/3407/2656 3371/3406/2706 3379/3619/2714 3324/3581/2659
f 3324/3581/2659 3379/3619/2714 3375/3618/2710 3328/3584/2663
f 3328/3584/2663 3375/3618/2710 3370/3510/2705 3322/3509/2657
f 3334/3499/2669 3382/3498/2717 3384/3845/2719 3339/3594/2674
f 3339/3594/2674 3384/3845/2719 3383/3400/2718 3343/3398/2678
f 3343/3398/2678 3383/3400/2718 3381/3399/2716 3335/3398/2670
f 3346/3508/2681 3386/3507/2721 3392/3625/2727 3351/3602/2686
f 3351/3602/2686 3392/3625/2727 3388/3622/2723 3355/3603/2690
f 3355/3603/2690 3388/3622/2723 3385/3387/2720 3347/3386/2682
f 3358/3369/2693 3398/3368/2733 3400/3368/2735 3363/3610/2698
f 3363/3610/2698 3400/3368/2735 3399/3846/2734 3367/3611/2702
f 3367/3611/2702 3399/3846/2734 3397/3501/2732 3359/3500/2694
f 3503/3374/2811 3270/3374/2600 3272/3848/2602 3510/3696/2813
f 3510/3696/2813 3272/3848/2602 3271/3842/2603 3505/3691/2812
f 3505/3691/2812 3271/3842/2603 3269/3384/2601 3501/3384/2810
f 3386/3507/2721 3370/3510/2705 3376/3616/2711 3391/3627/2726
f 3391/3627/2726 3376/3616/2711 3372/3465/2707 3395/3504/2730
f 3395/3504/2730 3372/3465/2707 3369/3502/2704 3387/3475/2722
f 3402/3553/2668 3413/3514/2739 3417/3514/2696 3407/3553/2671
f 3407/3553/2671 3417/3514/2696 3422/3514/2701 3411/3553/2675
f 3411/3635/2675 3422/3644/2701 3415/3534/2694 3403/3536/2669
f 3426/3410/2746 3429/3506/2749 3433/3505/2753 3428/3410/2748
f 3428/3849/2748 3433/3655/2753 3438/3654/2758 3427/3850/2747
f 3427/3850/2747 3438/3654/2758 3431/3493/2751 3425/3492/2745
f 3442/3380/2762 3445/3383/2765 3449/3383/2769 3444/3380/2764
f 3444/3851/2764 3449/3665/2769 3454/3664/2774 3443/3852/2763
f 3443/3852/2763 3454/3664/2774 3447/3470/2767 3441/3469/2761
f 3458/3513/2778 3461/3512/2781 3465/3669/2737 3460/3421/2780
f 3460/3421/2780 3465/3669/2737 3470/3673/2738 3459/3853/2779
f 3459/3853/2779 3470/3673/2738 3463/3484/2669 3457/3456/2777
f 3498/3371/2807 3503/3374/2811 3511/3374/2730 3500/3371/2809
f 3500/3371/2809 3511/3374/2730 3507/3694/2726 3499/3854/2808
f 3499/3854/2808 3507/3694/2726 3502/3497/2721 3497/3496/2806
f 3430/3373/2750 3537/3372/2762 3539/3372/2764 3435/3373/2755
f 3435/3650/2755 3539/3855/2764 3540/3856/2763 3439/3651/2759
f 3439/3651/2759 3540/3856/2763 3538/3415/2761 3431/3493/2751
f 3542/3379/2807 3498/3371/2807 3500/3371/2809 3544/3857/2809
f 3544/3857/2809 3500/3371/2809 3499/3854/2808 3543/3858/2808
f 3543/3858/2808 3499/3854/2808 3497/3496/2806 3541/3530/2806
f 3566/3399/2856 3401/3458/2736 3405/3630/2737 3568/3400/2858
f 3568/3400/2858 3405/3630/2737 3410/3633/2738 3567/3859/2857
f 3567/3859/2857 3410/3633/2738 3403/3536/2669 3565/3525/2855
f 3537/3372/2762 3442/3380/2762 3444/3380/2764 3539/3372/2764
f 3539/3855/2764 3444/3851/2764 3443/3852/2763 3540/3856/2763
f 3540/3856/2763 3443/3852/2763 3441/3416/2761 3538/3415/2761
f 3462/3390/2782 3569/3394/2692 3573/3394/2696 3467/3390/2671
f 3467/3390/2671 3573/3394/2696 3578/3394/2701 3471/3390/2675
f 3471/3675/2675 3578/3726/2701 3571/3483/2694 3463/3484/2669
f 3581/3401/2860 3542/3379/2807 3544/3857/2809 3584/3401/2707
f 3584/3401/2707 3544/3857/2809 3543/3858/2808 3588/3730/2711
f 3588/3730/2711 3543/3858/2808 3541/3530/2806 3582/3542/2705
f 3493/3448/2805 3726/3448/2984 3732/3814/2988 3495/3847/2607
f 3495/3847/2607 3732/3814/2988 3728/3812/2986 3496/3832/2606
f 3496/3832/2606 3728/3812/2986 3725/3423/2983 3494/3423/2604
f 3614/3450/2885 3571/3483/2694 3579/3724/2744 3616/3860/2887
f 3616/3860/2887 3579/3724/2744 3575/3381/2742 3615/3368/2886
f 3615/3368/2886 3575/3381/2742 3570/3382/2859 3613/3368/2884
f 3618/3463/2746 3426/3410/2746 3428/3410/2748 3620/3377/2748
f 3620/3861/2748 3428/3849/2748 3427/3862/2747 3619/3863/2747
f 3619/3863/2747 3427/3862/2747 3425/3520/2745 3617/3519/2745
f 3446/3366/2766 3621/3367/2778 3623/3367/2780 3451/3366/2771
f 3451/3366/2771 3623/3367/2780 3624/3864/2779 3455/3662/2775
f 3455/3662/2775 3624/3864/2779 3622/3455/2777 3447/3470/2767
f 3582/3542/2705 3625/3442/2888 3627/3865/2890 3587/3732/2710
f 3587/3732/2710 3627/3865/2890 3628/3396/2891 3591/3395/2714
f 3591/3395/2714 3628/3396/2891 3626/3396/2889 3583/3395/2861
f 3501/3384/2810 3629/3385/2892 3631/3385/2894 3504/3384/2723
f 3504/3384/2723 3631/3385/2894 3632/3866/2895 3508/3692/2727
f 3508/3692/2727 3632/3866/2895 3630/3429/2893 3502/3497/2721
f 3657/3411/2920 3694/3420/2957 3702/3867/2965 3670/3775/2933
f 3670/3775/2933 3702/3867/2965 3698/3402/2961 3659/3764/2922
f 3659/3764/2922 3698/3402/2961 3693/3405/2956 3653/3404/2916
f 3677/3526/2940 3635/3533/2898 3645/3868/2908 3690/3791/2953
f 3690/3791/2953 3645/3868/2908 3641/3518/2904 3679/3778/2942
f 3679/3778/2942 3641/3518/2904 3634/3518/2897 3673/3517/2936
f 3621/3367/2778 3458/3421/2778 3460/3421/2780 3623/3367/2780
f 3623/3367/2780 3460/3421/2780 3459/3853/2779 3624/3864/2779
f 3624/3864/2779 3459/3853/2779 3457/3456/2777 3622/3455/2777
f 3625/3442/2888 3473/3441/2785 3479/3678/2791 3627/3865/2890
f 3627/3865/2890 3479/3678/2791 3490/3485/2802 3628/3396/2891
f 3628/3396/2891 3490/3485/2802 3477/3485/2789 3626/3396/2889
f 3629/3385/2892 3514/3462/2815 3522/3869/2823 3631/3385/2894
f 3631/3385/2894 3522/3869/2823 3518/3697/2819 3632/3866/2895
f 3632/3866/2895 3518/3697/2819 3513/3430/2814 3630/3429/2893
f 3637/3425/2900 3546/3424/2836 3554/3712/2844 3650/3761/2913
f 3650/3761/2913 3554/3712/2844 3550/3409/2840 3639/3581/2902
f 3639/3581/2902 3550/3409/2840 3545/3409/2835 3633/3408/2896
f 3654/3398/2917 3566/3400/2856 3568/3400/2858 3661/3767/2924
f 3661/3767/2924 3568/3400/2858 3567/3859/2857 3665/3870/2928
f 3665/3870/2928 3567/3859/2857 3565/3525/2855 3655/3524/2918
f 3674/3389/2937 3593/3388/2864 3599/3387/2870 3681/3603/2944
f 3681/3603/2944 3599/3387/2870 3610/3749/2881 3685/3871/2948
f 3685/3871/2948 3610/3749/2881 3597/3447/2868 3675/3446/2938
f 3696/3451/2959 3614/3450/2885 3616/3860/2887 3707/3801/2970
f 3707/3801/2970 3616/3860/2887 3615/3368/2886 3711/3802/2974
f 3711/3802/2974 3615/3368/2886 3613/3370/2884 3697/3369/2960
f 3414/3440/2740 3618/3377/2746 3620/3377/2748 3419/3378/2742
f 3419/3640/2742 3620/3861/2748 3619/3872/2747 3423/3641/2744
f 3423/3641/2744 3619/3872/2747 3617/3535/2745 3415/3534/2694
f 3546/3424/2836 3513/3430/2814 3519/3699/2820 3553/3714/2843
f 3553/3714/2843 3519/3699/2820 3530/3481/2831 3557/3873/2847
f 3557/3873/2847 3530/3481/2831 3517/3481/2818 3547/3480/2837
f 3473/3441/2785 3597/3447/2868 3611/3747/2882 3478/3676/2790
f 3478/3676/2790 3611/3747/2882 3607/3745/2878 3482/3679/2794
f 3482/3679/2794 3607/3745/2878 3596/3472/2867 3474/3471/2786
f 3653/3404/2916 3333/3403/2668 3337/3591/2672 3658/3762/2921
f 3658/3762/2921 3337/3591/2672 3342/3596/2677 3662/3765/2925
f 3662/3765/2925 3342/3596/2677 3335/3398/2670 3654/3398/2917
f 3302/3381/2637 3570/3382/2859 3576/3568/2699 3309/3568/2644
f 3309/3580/2644 3576/3580/2699 3572/3722/2695 3313/3874/2648
f 3313/3874/2648 3572/3722/2695 3569/3394/2692 3303/3393/2638
f 3461/3512/2781 3258/3511/2605 3260/3668/2607 3464/3668/2783
f 3464/3670/2783 3260/3670/2607 3259/3831/2606 3468/3671/2784
f 3468/3671/2784 3259/3831/2606 3257/3390/2604 3462/3390/2782
f 3387/3475/2722 3594/3504/2865 3602/3875/2873 3394/3629/2729
f 3394/3629/2729 3602/3875/2873 3598/3735/2869 3389/3624/2724
f 3389/3624/2724 3598/3735/2869 3593/3388/2864 3385/3387/2720
f 3673/3517/2936 3345/3516/2680 3349/3599/2684 3678/3776/2941
f 3678/3776/2941 3349/3599/2684 3354/3605/2689 3682/3779/2945
f 3682/3779/2945 3354/3605/2689 3347/3386/2682 3674/3389/2937
f 3265/3364/2612 3533/3364/2597 3535/3837/2599 3267/3837/2599
f 3267/3837/2599 3535/3837/2599 3536/3876/2598 3268/3877/2598
f 3268/3877/2598 3536/3876/2598 3534/3375/2834 3266/3375/2613
f 3697/3369/2960 3358/3369/2693 3364/3608/2699 3710/3804/2973
f 3710/3804/2973 3364/3608/2699 3360/3606/2695 3699/3794/2962
f 3699/3794/2962 3360/3606/2695 3357/3402/2692 3693/3405/2956
f 3583/3395/2861 3278/3395/2608 3280/3835/2610 3590/3734/2863
f 3590/3734/2863 3280/3835/2610 3279/3878/2611 3585/3729/2862
f 3585/3729/2862 3279/3878/2611 3277/3401/2609 3581/3401/2860
f 3413/3514/2739 3250/3514/2597 3252/3838/2599 3416/3636/2741
f 3416/3636/2741 3252/3838/2599 3251/3638/2598 3420/3638/2743
f 3420/3639/2743 3251/3639/2598 3249/3378/2596 3414/3440/2740
f 3429/3506/2749 3254/3505/2601 3256/3841/2603 3432/3645/2752
f 3432/3645/2752 3256/3841/2603 3255/3647/2602 3436/3647/2756
f 3436/3649/2756 3255/3649/2602 3253/3373/2600 3430/3373/2750
f 3261/3366/2608 3446/3366/2766 3452/3660/2772 3263/3836/2610
f 3263/3836/2610 3452/3660/2772 3448/3659/2768 3264/3659/2611
f 3264/3657/2611 3448/3657/2768 3445/3383/2765 3262/3383/2609
f 3715/3540/2978 3727/3540/2985 3735/3811/2989 3722/3811/2982
f 3722/3811/2982 3735/3811/2989 3731/3488/2987 3717/3488/2980
f 3717/3488/2980 3731/3488/2987 3726/3448/2984 3713/3448/2976
f 3738/3397/2991 3725/3423/2983 3729/3423/2666 3740/3397/2993
f 3740/3397/2993 3729/3423/2666 3734/3817/2662 3739/3879/2992
f 3739/3879/2992 3734/3817/2662 3727/3540/2985 3737/3490/2990
f 3741/3541/2994 3753/3541/3001 3757/3541/3005 3744/3541/2997
f 3744/3541/2997 3757/3541/3005 3762/3820/3007 3748/3820/2999
f 3748/3820/2999 3762/3820/3007 3755/3539/3003 3742/3539/2995
f 3754/3364/3002 3765/3365/2991 3767/3365/2993 3759/3364/2683
f 3759/3364/2683 3767/3365/2993 3768/3880/2992 3763/3829/2687
f 3763/3829/2687 3768/3880/2992 3766/3491/2990 3755/3539/3003
f 3765/3365/2991 3738/3397/2991 3740/3397/2993 3767/3365/2993
f 3767/3365/2993 3740/3397/2993 3739/3879/2992 3768/3880/2992
f 3768/3880/2992 3739/3879/2992 3737/3490/2990 3766/3491/2990
f 3770/3466/2807 3743/3482/2996 3751/3482/2730 3772/3466/2809
f 3772/3466/2809 3751/3482/2730 3747/3822/2726 3771/3881/2808
f 3771/3881/2808 3747/3822/2726 3742/3539/2995 3769/3491/3008
f 3774/3467/2807 3770/3466/2807 3772/3466/2809 3776/3467/2809
f 3776/3467/2809 3772/3466/2809 3771/3881/2808 3775/3882/2808
f 3775/3882/2808 3771/3881/2808 3769/3491/3008 3773/3490/3008
f 3714/3476/2977 3774/3467/2807 3776/3467/2809 3719/3476/2707
f 3719/3476/2707 3776/3467/2809 3775/3882/2808 3723/3809/2711
f 3723/3809/2711 3775/3882/2808 3773/3490/3008 3715/3540/2978
f 3713/3448/2976 3475/3448/2787 3485/3883/2797 3716/3805/2979
f 3716/3805/2979 3485/3883/2797 3481/3681/2793 3720/3807/2981
f 3720/3807/2981 3481/3681/2793 3474/3471/2786 3714/3476/2977
f 3516/3541/2817 3741/3541/2994 3745/3819/2998 3527/3707/2828
f 3527/3707/2828 3745/3819/2998 3750/3824/3000 3531/3708/2832
f 3531/3708/2832 3750/3824/3000 3743/3482/2996 3517/3481/2818
f 3753/3541/3001 3534/3375/2834 3536/3876/2598 3756/3825/3004
f 3756/3825/3004 3536/3876/2598 3535/3837/2599 3760/3827/3006
f 3760/3827/3006 3535/3837/2599 3533/3364/2597 3754/3364/3002
f 3284/3556/2619 3296/3553/2631 3292/3553/2627 3283/3884/2618 3250/3514/2597 3413/3514/2739 3402/3553/2668
o Grid.001
v 0.819801 0.491215 0.534817
v 0.819801 0.465038 0.534817
v 0.819801 0.438860 0.534817
v 0.819801 0.412683 0.534817
v 0.819801 0.386505 0.534817
v 0.819801 0.360328 0.534817
v 0.819801 0.334150 0.534817
v 0.819801 0.307973 0.534817
v 0.819801 0.281795 0.534817
v 0.819801 0.255618 0.534817
v 0.819801 0.229440 0.534817
v 0.819801 0.491215 0.517188
v 0.819801 0.465038 0.517188
v 0.819801 0.438860 0.517188
v 0.819801 0.412683 0.517188
v 0.819801 0.386505 0.517188
v 0.819801 0.360328 0.517188
v 0.819801 0.334150 0.517188
v 0.819801 0.307973 0.517188
v 0.819801 0.281795 0.517188
v 0.819801 0.255618 0.517188
v 0.819801 0.229440 0.517188
v 0.819801 0.491215 0.499561
v 0.819801 0.465038 0.499561
v 0.819801 0.438860 0.499561
v 0.819801 0.412683 0.499561
v 0.819801 0.386505 0.499561
v 0.819801 0.360328 0.499561
v 0.819801 0.334150 0.499561
v 0.819801 0.307973 0.499561
v 0.819801 0.281795 0.499561
v 0.819801 0.255618 0.499561
v 0.819801 0.229440 0.499561
v 0.819801 0.491215 0.481932
v 0.819801 0.465038 0.481932
v 0.819801 0.438860 0.481932
v 0.819801 0.412683 0.481932
v 0.819801 0.386505 0.481932
v 0.819801 0.360328 0.481932
v 0.819801 0.334150 0.481932
v 0.819801 0.307973 0.481932
v 0.819801 0.281795 0.481932
v 0.819801 0.255618 0.481932
v 0.819801 0.229440 0.481932
v 0.819801 0.491215 0.464304
v 0.819801 0.465038 0.464304
v 0.819801 0.438860 0.464304
v 0.819801 0.412683 0.464304
v 0.819801 0.386505 0.464304
v 0.819801 0.360328 0.464304
v 0.819801 0.334150 0.464304
v 0.819801 0.307973 0.464304
v 0.819801 0.281795 0.464304
v 0.819801 0.255618 0.464304
v 0.819801 0.229440 0.464304
v 0.819801 0.491215 0.446676
v 0.819801 0.465038 0.446676
v 0.819801 0.438860 0.446676
v 0.819801 0.412683 0.446676
v 0.819801 0.386505 0.446676
v 0.819801 0.360328 0.446676
v 0.819801 0.334150 0.446676
v 0.819801 0.307973 0.446676
v 0.819801 0.281795 0.446676
v 0.819801 0.255618 0.446676
v 0.819801 0.229440 0.446676
v 0.819801 0.491215 0.429048
v 0.819801 0.465038 0.429048
v 0.819801 0.438860 0.429048
v 0.819801 0.412683 0.429048
v 0.819801 0.386505 0.429048
v 0.819801 0.360328 0.429048
v 0.819801 0.334150 0.429048
v 0.819801 0.307973 0.429048
v 0.819801 0.281795 0.429048
v 0.819801 0.255618 0.429048
v 0.819801 0.229440 0.429048
v 0.819801 0.491215 0.411420
v 0.819801 0.465038 0.411420
v 0.819801 0.438860 0.411420
v 0.819801 0.412683 0.411420
v 0.819801 0.386505 0.411420
v 0.819801 0.360328 0.411420
v 0.819801 0.334150 0.411420
v 0.819801 0.307973 0.411420
v 0.819801 0.281795 0.411420
v 0.819801 0.255618 0.411420
v 0.819801 0.229440 0.411420
v 0.819801 0.491215 0.393792
v 0.819801 0.465038 0.393792
v 0.819801 0.438860 0.393792
v 0.819801 0.412683 0.393792
v 0.819801 0.386505 0.393792
v 0.819801 0.360328 0.393792
v 0.819801 0.334150 0.393792
v 0.819801 0.307973 0.393792
v 0.819801 0.281795 0.393792
v 0.819801 0.255618 0.393792
v 0.819801 0.229440 0.393792
v 0.819801 0.491215 0.376164
v 0.819801 0.465038 0.376164
v 0.819801 0.438860 0.376164
v 0.819801 0.412683 0.376164
v 0.819801 0.386505 0.376164
v 0.819801 0.360328 0.376164
v 0.819801 0.334150 0.376164
v 0.819801 0.307973 0.376164
v 0.819801 0.281795 0.376164
v 0.819801 0.255618 0.376164
v 0.819801 0.229440 0.376164
v 0.819801 0.491215 0.358536
v 0.819801 0.465038 0.358536
v 0.819801 0.438860 0.358536
v 0.819801 0.412683 0.358536
v 0.819801 0.386505 0.358536
v 0.819801 0.360328 0.358536
v 0.819801 0.334150 0.358536
v 0.819801 0.307973 0.358536
v 0.819801 0.281795 0.358536
v 0.819801 0.255618 0.358536
v 0.819801 0.229440 0.358536
vn 1.0000 -0.0000 -0.0000
vt 0.000000 0.000000
vt 0.100000 0.000000
vt 0.100000 0.100000
vt 0.000000 0.100000
vt 0.200000 0.000000
vt 0.200000 0.100000
vt 0.300000 0.000000
vt 0.300000 0.100000
vt 0.200000 0.100000
vt 0.400000 0.000000
vt 0.400000 0.100000
vt 0.500000 0.000000
vt 0.500000 0.100000
vt 0.600000 0.000000
vt 0.600000 0.100000
vt 0.700000 0.000000
vt 0.700000 0.100000
vt 0.800000 0.000000
vt 0.800000 0.100000
vt 0.900000 0.000000
vt 0.900000 0.100000
vt 1.000000 0.000000
vt 1.000000 0.100000
vt 0.100000 0.200000
vt 0.000000 0.200000
vt 0.200000 0.200000
vt 0.300000 0.200000
vt 0.200000 0.200000
vt 0.400000 0.200000
vt 0.500000 0.200000
vt 0.600000 0.200000
vt 0.700000 0.200000
vt 0.800000 0.200000
vt 0.900000 0.200000
vt 1.000000 0.200000
vt 0.000000 0.200000
vt 0.100000 0.200000
vt 0.100000 0.300000
vt 0.000000 0.300000
vt 0.200000 0.200000
vt 0.200000 0.300000
vt 0.300000 0.200000
vt 0.300000 0.300000
vt 0.200000 0.300000
vt 0.400000 0.200000
vt 0.400000 0.300000
vt 0.500000 0.200000
vt 0.500000 0.300000
vt 0.600000 0.200000
vt 0.600000 0.300000
vt 0.700000 0.200000
vt 0.700000 0.300000
vt 0.800000 0.200000
vt 0.800000 0.300000
vt 0.900000 0.200000
vt 0.900000 0.300000
vt 1.000000 0.200000
vt 1.000000 0.300000
vt 0.100000 0.400000
vt 0.000000 0.400000
vt 0.200000 0.400000
vt 0.300000 0.400000
vt 0.200000 0.400000
vt 0.400000 0.400000
vt 0.500000 0.400000
vt 0.600000 0.400000
vt 0.700000 0.400000
vt 0.800000 0.400000
vt 0.900000 0.400000
vt 1.000000 0.400000
vt 0.100000 0.500000
vt 0.000000 0.500000
vt 0.200000 0.500000
vt 0.300000 0.500000
vt 0.200000 0.500000
vt 0.400000 0.500000
vt 0.500000 0.500000
vt 0.600000 0.500000
vt 0.700000 0.500000
vt 0.800000 0.500000
vt 0.900000 0.500000
vt 1.000000 0.500000
vt 0.100000 0.600000
vt 0.000000 0.600000
vt 0.200000 0.600000
vt 0.300000 0.600000
vt 0.200000 0.600000
vt 0.400000 0.600000
vt 0.500000 0.600000
vt 0.600000 0.600000
vt 0.700000 0.600000
vt 0.800000 0.600000
vt 0.900000 0.600000
vt 1.000000 0.600000
vt 0.100000 0.700000
vt 0.000000 0.700000
vt 0.200000 0.700000
vt 0.300000 0.700000
vt 0.200000 0.700000
vt 0.400000 0.700000
vt 0.500000 0.700000
vt 0.600000 0.700000
vt 0.700000 0.700000
vt 0.800000 0.700000
vt 0.900000 0.700000
vt 1.000000 0.700000
vt 0.100000 0.800000
vt 0.000000 0.800000
vt 0.200000 0.800000
vt 0.300000 0.800000
vt 0.200000 0.800000
vt 0.400000 0.800000
vt 0.500000 0.800000
vt 0.600000 0.800000
vt 0.700000 0.800000
vt 0.800000 0.800000
vt 0.900000 0.800000
vt 1.000000 0.800000
vt 0.100000 0.900000
vt 0.000000 0.900000
vt 0.200000 0.900000
vt 0.300000 0.900000
vt 0.200000 0.900000
vt 0.400000 0.900000
vt 0.500000 0.900000
vt 0.600000 0.900000
vt 0.700000 0.900000
vt 0.800000 0.900000
vt 0.900000 0.900000
vt 1.000000 0.900000
vt 0.100000 1.000000
vt 0.000000 1.000000
vt 0.200000 1.000000
vt 0.300000 1.000000
vt 0.200000 1.000000
vt 0.400000 1.000000
vt 0.500000 1.000000
vt 0.600000 1.000000
vt 0.700000 1.000000
vt 0.800000 1.000000
vt 0.900000 1.000000
vt 1.000000 1.000000
s 0
usemtl Séu.001
f 3777/3885/3009 3778/3886/3009 3789/3887/3009 3788/3888/3009
f 3778/3886/3009 3779/3889/3009 3790/3890/3009 3789/3887/3009
f 3779/3889/3009 3780/3891/3009 3791/3892/3009 3790/3893/3009
f 3780/3891/3009 3781/3894/3009 3792/3895/3009 3791/3892/3009
f 3781/3894/3009 3782/3896/3009 3793/3897/3009 3792/3895/3009
f 3782/3896/3009 3783/3898/3009 3794/3899/3009 3793/3897/3009
f 3783/3898/3009 3784/3900/3009 3795/3901/3009 3794/3899/3009
f 3784/3900/3009 3785/3902/3009 3796/3903/3009 3795/3901/3009
f 3785/3902/3009 3786/3904/3009 3797/3905/3009 3796/3903/3009
f 3786/3904/3009 3787/3906/3009 3798/3907/3009 3797/3905/3009
f 3788/3888/3009 3789/3887/3009 3800/3908/3009 3799/3909/3009
f 3789/3887/3009 3790/3890/3009 3801/3910/3009 3800/3908/3009
f 3790/3890/3009 3791/3892/3009 3802/3911/3009 3801/3912/3009
f 3791/3892/3009 3792/3895/3009 3803/3913/3009 3802/3911/3009
f 3792/3895/3009 3793/3897/3009 3804/3914/3009 3803/3913/3009
f 3793/3897/3009 3794/3899/3009 3805/3915/3009 3804/3914/3009
f 3794/3899/3009 3795/3901/3009 3806/3916/3009 3805/3915/3009
f 3795/3901/3009 3796/3903/3009 3807/3917/3009 3806/3916/3009
f 3796/3903/3009 3797/3905/3009 3808/3918/3009 3807/3917/3009
f 3797/3905/3009 3798/3907/3009 3809/3919/3009 3808/3918/3009
f 3799/3920/3009 3800/3921/3009 3811/3922/3009 3810/3923/3009
f 3800/3921/3009 3801/3924/3009 3812/3925/3009 3811/3922/3009
f 3801/3924/3009 3802/3926/3009 3813/3927/3009 3812/3928/3009
f 3802/3926/3009 3803/3929/3009 3814/3930/3009 3813/3927/3009
f 3803/3929/3009 3804/3931/3009 3815/3932/3009 3814/3930/3009
f 3804/3931/3009 3805/3933/3009 3816/3934/3009 3815/3932/3009
f 3805/3933/3009 3806/3935/3009 3817/3936/3009 3816/3934/3009
f 3806/3935/3009 3807/3937/3009 3818/3938/3009 3817/3936/3009
f 3807/3937/3009 3808/3939/3009 3819/3940/3009 3818/3938/3009
f 3808/3939/3009 3809/3941/3009 3820/3942/3009 3819/3940/3009
f 3810/3923/3009 3811/3922/3009 3822/3943/3009 3821/3944/3009
f 3811/3922/3009 3812/3925/3009 3823/3945/3009 3822/3943/3009
f 3812/3925/3009 3813/3927/3009 3824/3946/3009 3823/3947/3009
f 3813/3927/3009 3814/3930/3009 3825/3948/3009 3824/3946/3009
f 3814/3930/3009 3815/3932/3009 3826/3949/3009 3825/3948/3009
f 3815/3932/3009 3816/3934/3009 3827/3950/3009 3826/3949/3009
f 3816/3934/3009 3817/3936/3009 3828/3951/3009 3827/3950/3009
f 3817/3936/3009 3818/3938/3009 3829/3952/3009 3828/3951/3009
f 3818/3938/3009 3819/3940/3009 3830/3953/3009 3829/3952/3009
f 3819/3940/3009 3820/3942/3009 3831/3954/3009 3830/3953/3009
f 3821/3944/3009 3822/3943/3009 3833/3955/3009 3832/3956/3009
f 3822/3943/3009 3823/3945/3009 3834/3957/3009 3833/3955/3009
f 3823/3945/3009 3824/3946/3009 3835/3958/3009 3834/3959/3009
f 3824/3946/3009 3825/3948/3009 3836/3960/3009 3835/3958/3009
f 3825/3948/3009 3826/3949/3009 3837/3961/3009 3836/3960/3009
f 3826/3949/3009 3827/3950/3009 3838/3962/3009 3837/3961/3009
f 3827/3950/3009 3828/3951/3009 3839/3963/3009 3838/3962/3009
f 3828/3951/3009 3829/3952/3009 3840/3964/3009 3839/3963/3009
f 3829/3952/3009 3830/3953/3009 3841/3965/3009 3840/3964/3009
f 3830/3953/3009 3831/3954/3009 3842/3966/3009 3841/3965/3009
f 3832/3956/3009 3833/3955/3009 3844/3967/3009 3843/3968/3009
f 3833/3955/3009 3834/3957/3009 3845/3969/3009 3844/3967/3009
f 3834/3957/3009 3835/3958/3009 3846/3970/3009 3845/3971/3009
f 3835/3958/3009 3836/3960/3009 3847/3972/3009 3846/3970/3009
f 3836/3960/3009 3837/3961/3009 3848/3973/3009 3847/3972/3009
f 3837/3961/3009 3838/3962/3009 3849/3974/3009 3848/3973/3009
f 3838/3962/3009 3839/3963/3009 3850/3975/3009 3849/3974/3009
f 3839/3963/3009 3840/3964/3009 3851/3976/3009 3850/3975/3009
f 3840/3964/3009 3841/3965/3009 3852/3977/3009 3851/3976/3009
f 3841/3965/3009 3842/3966/3009 3853/3978/3009 3852/3977/3009
f 3843/3968/3009 3844/3967/3009 3855/3979/3009 3854/3980/3009
f 3844/3967/3009 3845/3969/3009 3856/3981/3009 3855/3979/3009
f 3845/3969/3009 3846/3970/3009 3857/3982/3009 3856/3983/3009
f 3846/3970/3009 3847/3972/3009 3858/3984/3009 3857/3982/3009
f 3847/3972/3009 3848/3973/3009 3859/3985/3009 3858/3984/3009
f 3848/3973/3009 3849/3974/3009 3860/3986/3009 3859/3985/3009
f 3849/3974/3009 3850/3975/3009 3861/3987/3009 3860/3986/3009
f 3850/3975/3009 3851/3976/3009 3862/3988/3009 3861/3987/3009
f 3851/3976/3009 3852/3977/3009 3863/3989/3009 3862/3988/3009
f 3852/3977/3009 3853/3978/3009 3864/3990/3009 3863/3989/3009
f 3854/3980/3009 3855/3979/3009 3866/3991/3009 3865/3992/3009
f 3855/3979/3009 3856/3981/3009 3867/3993/3009 3866/3991/3009
f 3856/3981/3009 3857/3982/3009 3868/3994/3009 3867/3995/3009
f 3857/3982/3009 3858/3984/3009 3869/3996/3009 3868/3994/3009
f 3858/3984/3009 3859/3985/3009 3870/3997/3009 3869/3996/3009
f 3859/3985/3009 3860/3986/3009 3871/3998/3009 3870/3997/3009
f 3860/3986/3009 3861/3987/3009 3872/3999/3009 3871/3998/3009
f 3861/3987/3009 3862/3988/3009 3873/4000/3009 3872/3999/3009
f 3862/3988/3009 3863/3989/3009 3874/4001/3009 3873/4000/3009
f 3863/3989/3009 3864/3990/3009 3875/4002/3009 3874/4001/3009
f 3865/3992/3009 3866/3991/3009 3877/4003/3009 3876/4004/3009
f 3866/3991/3009 3867/3993/3009 3878/4005/3009 3877/4003/3009
f 3867/3993/3009 3868/3994/3009 3879/4006/3009 3878/4007/3009
f 3868/3994/3009 3869/3996/3009 3880/4008/3009 3879/4006/3009
f 3869/3996/3009 3870/3997/3009 3881/4009/3009 3880/4008/3009
f 3870/3997/3009 3871/3998/3009 3882/4010/3009 3881/4009/3009
f 3871/3998/3009 3872/3999/3009 3883/4011/3009 3882/4010/3009
f 3872/3999/3009 3873/4000/3009 3884/4012/3009 3883/4011/3009
f 3873/4000/3009 3874/4001/3009 3885/4013/3009 3884/4012/3009
f 3874/4001/3009 3875/4002/3009 3886/4014/3009 3885/4013/3009
f 3876/4004/3009 3877/4003/3009 3888/4015/3009 3887/4016/3009
f 3877/4003/3009 3878/4005/3009 3889/4017/3009 3888/4015/3009
f 3878/4005/3009 3879/4006/3009 3890/4018/3009 3889/4019/3009
f 3879/4006/3009 3880/4008/3009 3891/4020/3009 3890/4018/3009
f 3880/4008/3009 3881/4009/3009 3892/4021/3009 3891/4020/3009
f 3881/4009/3009 3882/4010/3009 3893/4022/3009 3892/4021/3009
f 3882/4010/3009 3883/4011/3009 3894/4023/3009 3893/4022/3009
f 3883/4011/3009 3884/4012/3009 3895/4024/3009 3894/4023/3009
f 3884/4012/3009 3885/4013/3009 3896/4025/3009 3895/4024/3009
f 3885/4013/3009 3886/4014/3009 3897/4026/3009 3896/4025/3009
o Grid.002
v 0.819801 0.489090 0.186658
v 0.819801 0.462913 0.186658
v 0.819801 0.436735 0.186658
v 0.819801 0.410558 0.186658
v 0.819801 0.384380 0.186658
v 0.819801 0.358203 0.186658
v 0.819801 0.332025 0.186658
v 0.819801 0.305848 0.186658
v 0.819801 0.279670 0.186658
v 0.819801 0.253493 0.186658
v 0.819801 0.227316 0.186658
v 0.819801 0.489090 0.169030
v 0.819801 0.462913 0.169030
v 0.819801 0.436735 0.169030
v 0.819801 0.410558 0.169030
v 0.819801 0.384380 0.169030
v 0.819801 0.358203 0.169030
v 0.819801 0.332025 0.169030
v 0.819801 0.305848 0.169030
v 0.819801 0.279670 0.169030
v 0.819801 0.253493 0.169030
v 0.819801 0.227316 0.169030
v 0.819801 0.489090 0.151402
v 0.819801 0.462913 0.151402
v 0.819801 0.436735 0.151402
v 0.819801 0.410558 0.151402
v 0.819801 0.384380 0.151402
v 0.819801 0.358203 0.151402
v 0.819801 0.332025 0.151402
v 0.819801 0.305848 0.151402
v 0.819801 0.279670 0.151402
v 0.819801 0.253493 0.151402
v 0.819801 0.227316 0.151402
v 0.819801 0.489090 0.133774
v 0.819801 0.462913 0.133774
v 0.819801 0.436735 0.133774
v 0.819801 0.410558 0.133774
v 0.819801 0.384380 0.133774
v 0.819801 0.358203 0.133774
v 0.819801 0.332025 0.133774
v 0.819801 0.305848 0.133774
v 0.819801 0.279670 0.133774
v 0.819801 0.253493 0.133774
v 0.819801 0.227316 0.133774
v 0.819801 0.489090 0.116145
v 0.819801 0.462913 0.116145
v 0.819801 0.436735 0.116145
v 0.819801 0.410558 0.116145
v 0.819801 0.384380 0.116145
v 0.819801 0.358203 0.116145
v 0.819801 0.332025 0.116145
v 0.819801 0.305848 0.116145
v 0.819801 0.279670 0.116145
v 0.819801 0.253493 0.116145
v 0.819801 0.227316 0.116145
v 0.819801 0.489090 0.098517
v 0.819801 0.462913 0.098517
v 0.819801 0.436735 0.098517
v 0.819801 0.410558 0.098517
v 0.819801 0.384380 0.098517
v 0.819801 0.358203 0.098517
v 0.819801 0.332025 0.098517
v 0.819801 0.305848 0.098517
v 0.819801 0.279670 0.098517
v 0.819801 0.253493 0.098517
v 0.819801 0.227316 0.098517
v 0.819801 0.489090 0.080889
v 0.819801 0.462913 0.080889
v 0.819801 0.436735 0.080889
v 0.819801 0.410558 0.080889
v 0.819801 0.384380 0.080889
v 0.819801 0.358203 0.080889
v 0.819801 0.332025 0.080889
v 0.819801 0.305848 0.080889
v 0.819801 0.279670 0.080889
v 0.819801 0.253493 0.080889
v 0.819801 0.227316 0.080889
v 0.819801 0.489090 0.063261
v 0.819801 0.462913 0.063261
v 0.819801 0.436735 0.063261
v 0.819801 0.410558 0.063261
v 0.819801 0.384380 0.063261
v 0.819801 0.358203 0.063261
v 0.819801 0.332025 0.063261
v 0.819801 0.305848 0.063261
v 0.819801 0.279670 0.063261
v 0.819801 0.253493 0.063261
v 0.819801 0.227316 0.063261
v 0.819801 0.489090 0.045633
v 0.819801 0.462913 0.045633
v 0.819801 0.436735 0.045633
v 0.819801 0.410558 0.045633
v 0.819801 0.384380 0.045633
v 0.819801 0.358203 0.045633
v 0.819801 0.332025 0.045633
v 0.819801 0.305848 0.045633
v 0.819801 0.279670 0.045633
v 0.819801 0.253493 0.045633
v 0.819801 0.227316 0.045633
v 0.819801 0.489090 0.028005
v 0.819801 0.462913 0.028005
v 0.819801 0.436735 0.028005
v 0.819801 0.410558 0.028005
v 0.819801 0.384380 0.028005
v 0.819801 0.358203 0.028005
v 0.819801 0.332025 0.028005
v 0.819801 0.305848 0.028005
v 0.819801 0.279670 0.028005
v 0.819801 0.253493 0.028005
v 0.819801 0.227316 0.028005
v 0.819801 0.489090 0.010377
v 0.819801 0.462913 0.010377
v 0.819801 0.436735 0.010377
v 0.819801 0.410558 0.010377
v 0.819801 0.384380 0.010377
v 0.819801 0.358203 0.010377
v 0.819801 0.332025 0.010377
v 0.819801 0.305848 0.010377
v 0.819801 0.279670 0.010377
v 0.819801 0.253493 0.010377
v 0.819801 0.227316 0.010377
vn 1.0000 -0.0000 -0.0000
vt 0.000000 0.000000
vt 0.100000 0.000000
vt 0.100000 0.100000
vt 0.000000 0.100000
vt 0.200000 0.000000
vt 0.200000 0.100000
vt 0.300000 0.000000
vt 0.300000 0.100000
vt 0.200000 0.100000
vt 0.400000 0.000000
vt 0.400000 0.100000
vt 0.500000 0.000000
vt 0.500000 0.100000
vt 0.600000 0.000000
vt 0.600000 0.100000
vt 0.700000 0.000000
vt 0.700000 0.100000
vt 0.800000 0.000000
vt 0.800000 0.100000
vt 0.900000 0.000000
vt 0.900000 0.100000
vt 1.000000 0.000000
vt 1.000000 0.100000
vt 0.100000 0.200000
vt 0.000000 0.200000
vt 0.200000 0.200000
vt 0.300000 0.200000
vt 0.200000 0.200000
vt 0.400000 0.200000
vt 0.500000 0.200000
vt 0.600000 0.200000
vt 0.700000 0.200000
vt 0.800000 0.200000
vt 0.900000 0.200000
vt 1.000000 0.200000
vt 0.000000 0.200000
vt 0.100000 0.200000
vt 0.100000 0.300000
vt 0.000000 0.300000
vt 0.200000 0.200000
vt 0.200000 0.300000
vt 0.300000 0.200000
vt 0.300000 0.300000
vt 0.200000 0.300000
vt 0.400000 0.200000
vt 0.400000 0.300000
vt 0.500000 0.200000
vt 0.500000 0.300000
vt 0.600000 0.200000
vt 0.600000 0.300000
vt 0.700000 0.200000
vt 0.700000 0.300000
vt 0.800000 0.200000
vt 0.800000 0.300000
vt 0.900000 0.200000
vt 0.900000 0.300000
vt 1.000000 0.200000
vt 1.000000 0.300000
vt 0.100000 0.400000
vt 0.000000 0.400000
vt 0.200000 0.400000
vt 0.300000 0.400000
vt 0.200000 0.400000
vt 0.400000 0.400000
vt 0.500000 0.400000
vt 0.600000 0.400000
vt 0.700000 0.400000
vt 0.800000 0.400000
vt 0.900000 0.400000
vt 1.000000 0.400000
vt 0.100000 0.500000
vt 0.000000 0.500000
vt 0.200000 0.500000
vt 0.300000 0.500000
vt 0.200000 0.500000
vt 0.400000 0.500000
vt 0.500000 0.500000
vt 0.600000 0.500000
vt 0.700000 0.500000
vt 0.800000 0.500000
vt 0.900000 0.500000
vt 1.000000 0.500000
vt 0.100000 0.600000
vt 0.000000 0.600000
vt 0.200000 0.600000
vt 0.300000 0.600000
vt 0.200000 0.600000
vt 0.400000 0.600000
vt 0.500000 0.600000
vt 0.600000 0.600000
vt 0.700000 0.600000
vt 0.800000 0.600000
vt 0.900000 0.600000
vt 1.000000 0.600000
vt 0.100000 0.700000
vt 0.000000 0.700000
vt 0.200000 0.700000
vt 0.300000 0.700000
vt 0.200000 0.700000
vt 0.400000 0.700000
vt 0.500000 0.700000
vt 0.600000 0.700000
vt 0.700000 0.700000
vt 0.800000 0.700000
vt 0.900000 0.700000
vt 1.000000 0.700000
vt 0.100000 0.800000
vt 0.000000 0.800000
vt 0.200000 0.800000
vt 0.300000 0.800000
vt 0.200000 0.800000
vt 0.400000 0.800000
vt 0.500000 0.800000
vt 0.600000 0.800000
vt 0.700000 0.800000
vt 0.800000 0.800000
vt 0.900000 0.800000
vt 1.000000 0.800000
vt 0.100000 0.900000
vt 0.000000 0.900000
vt 0.200000 0.900000
vt 0.300000 0.900000
vt 0.200000 0.900000
vt 0.400000 0.900000
vt 0.500000 0.900000
vt 0.600000 0.900000
vt 0.700000 0.900000
vt 0.800000 0.900000
vt 0.900000 0.900000
vt 1.000000 0.900000
vt 0.100000 1.000000
vt 0.000000 1.000000
vt 0.200000 1.000000
vt 0.300000 1.000000
vt 0.200000 1.000000
vt 0.400000 1.000000
vt 0.500000 1.000000
vt 0.600000 1.000000
vt 0.700000 1.000000
vt 0.800000 1.000000
vt 0.900000 1.000000
vt 1.000000 1.000000
s 0
usemtl Séu.002
f 3898/4027/3010 3899/4028/3010 3910/4029/3010 3909/4030/3010
f 3899/4028/3010 3900/4031/3010 3911/4032/3010 3910/4029/3010
f 3900/4031/3010 3901/4033/3010 3912/4034/3010 3911/4035/3010
f 3901/4033/3010 3902/4036/3010 3913/4037/3010 3912/4034/3010
f 3902/4036/3010 3903/4038/3010 3914/4039/3010 3913/4037/3010
f 3903/4038/3010 3904/4040/3010 3915/4041/3010 3914/4039/3010
f 3904/4040/3010 3905/4042/3010 3916/4043/3010 3915/4041/3010
f 3905/4042/3010 3906/4044/3010 3917/4045/3010 3916/4043/3010
f 3906/4044/3010 3907/4046/3010 3918/4047/3010 3917/4045/3010
f 3907/4046/3010 3908/4048/3010 3919/4049/3010 3918/4047/3010
f 3909/4030/3010 3910/4029/3010 3921/4050/3010 3920/4051/3010
f 3910/4029/3010 3911/4032/3010 3922/4052/3010 3921/4050/3010
f 3911/4032/3010 3912/4034/3010 3923/4053/3010 3922/4054/3010
f 3912/4034/3010 3913/4037/3010 3924/4055/3010 3923/4053/3010
f 3913/4037/3010 3914/4039/3010 3925/4056/3010 3924/4055/3010
f 3914/4039/3010 3915/4041/3010 3926/4057/3010 3925/4056/3010
f 3915/4041/3010 3916/4043/3010 3927/4058/3010 3926/4057/3010
f 3916/4043/3010 3917/4045/3010 3928/4059/3010 3927/4058/3010
f 3917/4045/3010 3918/4047/3010 3929/4060/3010 3928/4059/3010
f 3918/4047/3010 3919/4049/3010 3930/4061/3010 3929/4060/3010
f 3920/4062/3010 3921/4063/3010 3932/4064/3010 3931/4065/3010
f 3921/4063/3010 3922/4066/3010 3933/4067/3010 3932/4064/3010
f 3922/4066/3010 3923/4068/3010 3934/4069/3010 3933/4070/3010
f 3923/4068/3010 3924/4071/3010 3935/4072/3010 3934/4069/3010
f 3924/4071/3010 3925/4073/3010 3936/4074/3010 3935/4072/3010
f 3925/4073/3010 3926/4075/3010 3937/4076/3010 3936/4074/3010
f 3926/4075/3010 3927/4077/3010 3938/4078/3010 3937/4076/3010
f 3927/4077/3010 3928/4079/3010 3939/4080/3010 3938/4078/3010
f 3928/4079/3010 3929/4081/3010 3940/4082/3010 3939/4080/3010
f 3929/4081/3010 3930/4083/3010 3941/4084/3010 3940/4082/3010
f 3931/4065/3010 3932/4064/3010 3943/4085/3010 3942/4086/3010
f 3932/4064/3010 3933/4067/3010 3944/4087/3010 3943/4085/3010
f 3933/4067/3010 3934/4069/3010 3945/4088/3010 3944/4089/3010
f 3934/4069/3010 3935/4072/3010 3946/4090/3010 3945/4088/3010
f 3935/4072/3010 3936/4074/3010 3947/4091/3010 3946/4090/3010
f 3936/4074/3010 3937/4076/3010 3948/4092/3010 3947/4091/3010
f 3937/4076/3010 3938/4078/3010 3949/4093/3010 3948/4092/3010
f 3938/4078/3010 3939/4080/3010 3950/4094/3010 3949/4093/3010
f 3939/4080/3010 3940/4082/3010 3951/4095/3010 3950/4094/3010
f 3940/4082/3010 3941/4084/3010 3952/4096/3010 3951/4095/3010
f 3942/4086/3010 3943/4085/3010 3954/4097/3010 3953/4098/3010
f 3943/4085/3010 3944/4087/3010 3955/4099/3010 3954/4097/3010
f 3944/4087/3010 3945/4088/3010 3956/4100/3010 3955/4101/3010
f 3945/4088/3010 3946/4090/3010 3957/4102/3010 3956/4100/3010
f 3946/4090/3010 3947/4091/3010 3958/4103/3010 3957/4102/3010
f 3947/4091/3010 3948/4092/3010 3959/4104/3010 3958/4103/3010
f 3948/4092/3010 3949/4093/3010 3960/4105/3010 3959/4104/3010
f 3949/4093/3010 3950/4094/3010 3961/4106/3010 3960/4105/3010
f 3950/4094/3010 3951/4095/3010 3962/4107/3010 3961/4106/3010
f 3951/4095/3010 3952/4096/3010 3963/4108/3010 3962/4107/3010
f 3953/4098/3010 3954/4097/3010 3965/4109/3010 3964/4110/3010
f 3954/4097/3010 3955/4099/3010 3966/4111/3010 3965/4109/3010
f 3955/4099/3010 3956/4100/3010 3967/4112/3010 3966/4113/3010
f 3956/4100/3010 3957/4102/3010 3968/4114/3010 3967/4112/3010
f 3957/4102/3010 3958/4103/3010 3969/4115/3010 3968/4114/3010
f 3958/4103/3010 3959/4104/3010 3970/4116/3010 3969/4115/3010
f 3959/4104/3010 3960/4105/3010 3971/4117/3010 3970/4116/3010
f 3960/4105/3010 3961/4106/3010 3972/4118/3010 3971/4117/3010
f 3961/4106/3010 3962/4107/3010 3973/4119/3010 3972/4118/3010
f 3962/4107/3010 3963/4108/3010 3974/4120/3010 3973/4119/3010
f 3964/4110/3010 3965/4109/3010 3976/4121/3010 3975/4122/3010
f 3965/4109/3010 3966/4111/3010 3977/4123/3010 3976/4121/3010
f 3966/4111/3010 3967/4112/3010 3978/4124/3010 3977/4125/3010
f 3967/4112/3010 3968/4114/3010 3979/4126/3010 3978/4124/3010
f 3968/4114/3010 3969/4115/3010 3980/4127/3010 3979/4126/3010
f 3969/4115/3010 3970/4116/3010 3981/4128/3010 3980/4127/3010
f 3970/4116/3010 3971/4117/3010 3982/4129/3010 3981/4128/3010
f 3971/4117/3010 3972/4118/3010 3983/4130/3010 3982/4129/3010
f 3972/4118/3010 3973/4119/3010 3984/4131/3010 3983/4130/3010
f 3973/4119/3010 3974/4120/3010 3985/4132/3010 3984/4131/3010
f 3975/4122/3010 3976/4121/3010 3987/4133/3010 3986/4134/3010
f 3976/4121/3010 3977/4123/3010 3988/4135/3010 3987/4133/3010
f 3977/4123/3010 3978/4124/3010 3989/4136/3010 3988/4137/3010
f 3978/4124/3010 3979/4126/3010 3990/4138/3010 3989/4136/3010
f 3979/4126/3010 3980/4127/3010 3991/4139/3010 3990/4138/3010
f 3980/4127/3010 3981/4128/3010 3992/4140/3010 3991/4139/3010
f 3981/4128/3010 3982/4129/3010 3993/4141/3010 3992/4140/3010
f 3982/4129/3010 3983/4130/3010 3994/4142/3010 3993/4141/3010
f 3983/4130/3010 3984/4131/3010 3995/4143/3010 3994/4142/3010
f 3984/4131/3010 3985/4132/3010 3996/4144/3010 3995/4143/3010
f 3986/4134/3010 3987/4133/3010 3998/4145/3010 3997/4146/3010
f 3987/4133/3010 3988/4135/3010 3999/4147/3010 3998/4145/3010
f 3988/4135/3010 3989/4136/3010 4000/4148/3010 3999/4149/3010
f 3989/4136/3010 3990/4138/3010 4001/4150/3010 4000/4148/3010
f 3990/4138/3010 3991/4139/3010 4002/4151/3010 4001/4150/3010
f 3991/4139/3010 3992/4140/3010 4003/4152/3010 4002/4151/3010
f 3992/4140/3010 3993/4141/3010 4004/4153/3010 4003/4152/3010
f 3993/4141/3010 3994/4142/3010 4005/4154/3010 4004/4153/3010
f 3994/4142/3010 3995/4143/3010 4006/4155/3010 4005/4154/3010
f 3995/4143/3010 3996/4144/3010 4007/4156/3010 4006/4155/3010
f 3997/4146/3010 3998/4145/3010 4009/4157/3010 4008/4158/3010
f 3998/4145/3010 3999/4147/3010 4010/4159/3010 4009/4157/3010
f 3999/4147/3010 4000/4148/3010 4011/4160/3010 4010/4161/3010
f 4000/4148/3010 4001/4150/3010 4012/4162/3010 4011/4160/3010
f 4001/4150/3010 4002/4151/3010 4013/4163/3010 4012/4162/3010
f 4002/4151/3010 4003/4152/3010 4014/4164/3010 4013/4163/3010
f 4003/4152/3010 4004/4153/3010 4015/4165/3010 4014/4164/3010
f 4004/4153/3010 4005/4154/3010 4016/4166/3010 4015/4165/3010
f 4005/4154/3010 4006/4155/3010 4017/4167/3010 4016/4166/3010
f 4006/4155/3010 4007/4156/3010 4018/4168/3010 4017/4167/3010
o Icosphere.001
v 0.863585 0.169373 0.701223
v 0.785648 0.169375 0.675898
v 0.785647 0.169374 0.593950
v 0.863584 0.169371 0.568627
v 0.911752 0.169370 0.634925
v 0.842141 0.213110 0.634886
v 0.915994 0.151128 0.646726
v 0.893983 0.116444 0.661963
v 0.893976 0.116428 0.606508
v 0.915997 0.151136 0.623714
v 0.853530 0.151122 0.709687
v 0.830383 0.116469 0.694050
v 0.883107 0.116421 0.676925
v 0.875419 0.151131 0.702574
v 0.774357 0.151133 0.669735
v 0.780199 0.116461 0.643471
v 0.812791 0.116447 0.688343
v 0.787885 0.151139 0.688350
v 0.787882 0.151133 0.582088
v 0.812784 0.116431 0.580125
v 0.780203 0.116470 0.624982
v 0.774353 0.151125 0.600706
v 0.875420 0.151135 0.567866
v 0.883106 0.116420 0.591554
v 0.830378 0.116458 0.574405
v 0.853531 0.151123 0.560758
v 0.906898 0.174218 0.653507
v 0.895776 0.176135 0.673856
v 0.879848 0.174218 0.690739
v 0.844438 0.174218 0.702244
v 0.821652 0.176135 0.697940
v 0.800669 0.174218 0.688023
v 0.778785 0.174218 0.657901
v 0.775842 0.176135 0.634887
v 0.778785 0.174218 0.611881
v 0.800669 0.174218 0.581759
v 0.821652 0.176135 0.571834
v 0.844438 0.174218 0.567538
v 0.879848 0.174218 0.579043
v 0.895776 0.176135 0.595918
v 0.906898 0.174218 0.616275
v 0.848190 0.210612 0.653502
v 0.854803 0.201470 0.673855
v 0.860287 0.186417 0.690734
v 0.900863 0.186417 0.634886
v 0.883116 0.201470 0.634886
v 0.861715 0.210612 0.634886
v 0.826306 0.210612 0.646391
v 0.808992 0.201470 0.658970
v 0.794634 0.186417 0.669402
v 0.826306 0.210612 0.623381
v 0.808992 0.201470 0.610802
v 0.794634 0.186417 0.600371
v 0.848190 0.210612 0.616270
v 0.854803 0.201470 0.595917
v 0.860287 0.186417 0.579038
v 0.870340 0.204882 0.614399
v 0.891881 0.191568 0.614399
v 0.876996 0.191568 0.593912
v 0.831370 0.204882 0.601737
v 0.838027 0.191568 0.581250
v 0.813943 0.191568 0.589076
v 0.807287 0.204882 0.634886
v 0.789859 0.191568 0.622225
v 0.789859 0.191568 0.647548
v 0.831370 0.204882 0.668035
v 0.813943 0.191568 0.680697
v 0.838027 0.191568 0.688522
v 0.870340 0.204882 0.655373
v 0.876996 0.191568 0.675861
v 0.891881 0.191568 0.655374
v 0.908689 0.153490 0.602029
v 0.893807 0.153497 0.581539
v 0.830746 0.153480 0.561057
v 0.806673 0.153506 0.568875
v 0.767696 0.153487 0.622517
v 0.767700 0.153496 0.647838
v 0.806672 0.153502 0.701473
v 0.830747 0.153482 0.709304
v 0.893810 0.153504 0.688810
v 0.908686 0.153482 0.668329
v 0.869985 0.116047 0.577166
v 0.849239 0.116074 0.570415
v 0.794891 0.116063 0.588075
v 0.782075 0.116090 0.605724
v 0.782073 0.116087 0.662865
v 0.794898 0.116077 0.680524
v 0.849244 0.116086 0.698179
v 0.869987 0.116052 0.691444
v 0.903576 0.116061 0.645214
v 0.903571 0.116050 0.623393
v 0.911879 0.126359 0.656503
v 0.913805 0.135333 0.658939
v 0.913798 0.135393 0.612101
v 0.911894 0.126514 0.613921
v 0.842016 0.126099 0.710155
v 0.841009 0.135244 0.712326
v 0.885526 0.135377 0.697852
v 0.882443 0.126463 0.697029
v 0.769403 0.126123 0.660256
v 0.767739 0.135254 0.659578
v 0.795258 0.135278 0.697463
v 0.794372 0.126181 0.694701
v 0.794357 0.126399 0.575741
v 0.795241 0.135351 0.573582
v 0.767744 0.135234 0.611484
v 0.769396 0.126058 0.610196
v 0.882432 0.126547 0.573407
v 0.885522 0.135403 0.573182
v 0.840998 0.135302 0.558726
v 0.842004 0.126261 0.560265
v 0.900176 0.125935 0.591655
v 0.902687 0.135107 0.590490
v 0.817219 0.125849 0.564709
v 0.817011 0.135073 0.562655
v 0.766036 0.125495 0.635316
v 0.764084 0.134974 0.635548
v 0.817272 0.125596 0.705865
v 0.817026 0.135000 0.708424
v 0.900177 0.125920 0.678901
v 0.902688 0.135097 0.680582
v 0.864409 0.135289 0.562459
v 0.863214 0.125988 0.564035
v 0.778529 0.135220 0.590378
v 0.779545 0.125793 0.591263
v 0.778545 0.135153 0.680691
v 0.779601 0.125570 0.679281
v 0.864415 0.135249 0.708596
v 0.863232 0.125882 0.706466
v 0.917496 0.135285 0.635528
v 0.914957 0.125969 0.635252
vn 0.2826 0.4143 0.8652
vn -0.7302 0.4301 0.5308
vn -0.7332 0.4208 -0.5342
vn 0.2843 0.3988 -0.8719
vn 0.9188 0.3947 -0.0006
vn -0.0000 1.0000 -0.0000
vn 0.9745 0.1608 0.1564
vn 0.4991 -0.8148 0.2950
vn 0.5260 -0.7920 -0.3099
vn 0.9753 0.1556 -0.1567
vn 0.1522 0.2056 0.9667
vn -0.1230 -0.8330 0.5394
vn 0.4324 -0.8176 0.3802
vn 0.4473 0.1927 0.8734
vn -0.8662 0.2352 0.4408
vn -0.5755 -0.8162 0.0511
vn -0.2195 -0.8302 0.5124
vn -0.6870 0.2326 0.6884
vn -0.6904 0.2106 -0.6921
vn -0.2445 -0.7842 -0.5703
vn -0.5818 -0.8116 -0.0527
vn -0.8693 0.2209 -0.4421
vn 0.4498 0.1641 -0.8779
vn 0.4617 -0.7861 -0.4109
vn -0.1375 -0.7845 -0.6047
vn 0.1526 0.1739 -0.9729
vn 0.8465 0.4686 0.2529
vn 0.7025 0.4974 0.5091
vn 0.5012 0.4763 0.7225
vn 0.0216 0.4838 0.8749
vn -0.2649 0.5108 0.8179
vn -0.5284 0.4900 0.6933
vn -0.8218 0.4914 0.2885
vn -0.8582 0.5133 -0.0005
vn -0.8234 0.4878 -0.2899
vn -0.5306 0.4812 -0.6978
vn -0.2662 0.5015 -0.8232
vn 0.0212 0.4725 -0.8811
vn 0.5038 0.4670 -0.7267
vn 0.7047 0.4915 -0.5117
vn 0.8478 0.4653 -0.2545
vn 0.0806 0.9654 0.2480
vn 0.1625 0.8507 0.5000
vn 0.2322 0.6603 0.7142
vn 0.7520 0.6591 -0.0000
vn 0.5257 0.8507 -0.0000
vn 0.2607 0.9654 -0.0000
vn -0.2110 0.9654 0.1533
vn -0.4253 0.8507 0.3090
vn -0.6068 0.6613 0.4409
vn -0.2110 0.9654 -0.1533
vn -0.4253 0.8507 -0.3090
vn -0.6071 0.6608 -0.4412
vn 0.0806 0.9654 -0.2480
vn 0.1625 0.8507 -0.5000
vn 0.2324 0.6595 -0.7149
vn 0.3682 0.8904 -0.2675
vn 0.6326 0.7268 -0.2675
vn 0.4499 0.7268 -0.5189
vn -0.1406 0.8904 -0.4329
vn -0.0590 0.7269 -0.6842
vn -0.3544 0.7269 -0.5882
vn -0.4551 0.8904 -0.0000
vn -0.6688 0.7270 -0.1553
vn -0.6688 0.7270 0.1552
vn -0.1406 0.8904 0.4329
vn -0.3543 0.7270 0.5881
vn -0.0590 0.7270 0.6841
vn 0.3682 0.8904 0.2675
vn 0.4499 0.7269 0.5189
vn 0.6326 0.7268 0.2675
vn 0.8766 0.1873 -0.4432
vn 0.6924 0.1900 -0.6960
vn -0.1492 0.2152 -0.9651
vn -0.4438 0.2273 -0.8668
vn -0.9545 0.2550 -0.1544
vn -0.9533 0.2598 0.1537
vn -0.4415 0.2533 0.8608
vn -0.1481 0.2444 0.9583
vn 0.6894 0.2113 0.6928
vn 0.8745 0.2009 0.4415
vn 0.3691 -0.7145 -0.5943
vn 0.0498 -0.7160 -0.6963
vn -0.4414 -0.7207 -0.5345
vn -0.6242 -0.7376 -0.2577
vn -0.6048 -0.7620 0.2314
vn -0.4064 -0.7717 0.4891
vn 0.0402 -0.7779 0.6271
vn 0.3474 -0.7675 0.5388
vn 0.6399 -0.7522 0.1573
vn 0.6538 -0.7367 -0.1723
vn 0.8016 -0.5331 0.2707
vn 0.9401 -0.1219 0.3184
vn 0.9416 -0.1187 -0.3152
vn 0.8144 -0.5098 -0.2772
vn -0.0116 -0.5285 0.8489
vn -0.0095 -0.0718 0.9974
vn 0.5932 -0.1050 0.7982
vn 0.5032 -0.5308 0.6819
vn -0.8386 -0.4793 0.2588
vn -0.9538 -0.0197 0.2997
vn -0.5760 -0.0414 0.8164
vn -0.5033 -0.5028 0.7028
vn -0.5179 -0.4496 -0.7278
vn -0.5776 -0.0335 -0.8156
vn -0.9552 -0.0172 -0.2953
vn -0.8453 -0.4656 -0.2620
vn 0.5195 -0.4844 -0.7039
vn 0.5960 -0.0991 -0.7969
vn -0.0106 -0.0625 -0.9980
vn -0.0156 -0.4673 -0.8840
vn 0.6708 -0.5573 -0.4893
vn 0.8047 -0.1191 -0.5816
vn -0.2670 -0.5190 -0.8120
vn -0.3078 -0.0570 -0.9498
vn -0.8453 -0.5343 0.0009
vn -0.9996 -0.0271 0.0020
vn -0.2554 -0.5723 0.7792
vn -0.3066 -0.0652 0.9496
vn 0.6537 -0.5869 0.4777
vn 0.8023 -0.1234 0.5841
vn 0.3104 -0.0695 -0.9481
vn 0.2757 -0.4455 -0.8518
vn -0.8097 -0.0093 -0.5868
vn -0.7322 -0.4266 -0.5309
vn -0.8076 -0.0166 0.5895
vn -0.7149 -0.4697 0.5179
vn 0.3093 -0.0790 0.9477
vn 0.2659 -0.5076 0.8195
vn 0.9935 -0.1134 0.0018
vn 0.8669 -0.4984 -0.0007
vt 0.181819 0.314921
vt 0.227273 0.314921
vt 0.204546 0.354286
vt 0.000000 0.314921
vt 0.045455 0.314921
vt 0.022727 0.354286
vt 0.727273 0.314921
vt 0.772727 0.314921
vt 0.750000 0.354286
vt 0.545455 0.314921
vt 0.590909 0.314921
vt 0.568182 0.354286
vt 0.363637 0.314921
vt 0.409091 0.314921
vt 0.386364 0.354286
vt 0.431819 0.433017
vt 0.477273 0.433017
vt 0.454546 0.472382
vt 0.409091 0.393651
vt 0.454546 0.393651
vt 0.431819 0.354286
vt 0.500000 0.393651
vt 0.477273 0.354286
vt 0.522728 0.354286
vt 0.454546 0.314921
vt 0.500000 0.314921
vt 0.613637 0.433017
vt 0.659091 0.433017
vt 0.636364 0.472382
vt 0.590909 0.393651
vt 0.636364 0.393651
vt 0.613637 0.354286
vt 0.681818 0.393651
vt 0.659091 0.354286
vt 0.704546 0.354286
vt 0.636364 0.314921
vt 0.681818 0.314921
vt 0.795455 0.433017
vt 0.840909 0.433017
vt 0.818182 0.472382
vt 0.772727 0.393651
vt 0.818182 0.393651
vt 0.795455 0.354286
vt 0.863636 0.393651
vt 0.840909 0.354286
vt 0.886364 0.354286
vt 0.818182 0.314921
vt 0.863636 0.314921
vt 0.909091 0.314921
vt 0.068182 0.433017
vt 0.113637 0.433017
vt 0.090910 0.472382
vt 0.045455 0.393651
vt 0.090910 0.393651
vt 0.068182 0.354286
vt 0.136365 0.393651
vt 0.113637 0.354286
vt 0.159092 0.354286
vt 0.090909 0.314921
vt 0.136364 0.314921
vt 0.250001 0.433017
vt 0.295455 0.433017
vt 0.272728 0.472382
vt 0.227273 0.393651
vt 0.272728 0.393651
vt 0.250001 0.354286
vt 0.318182 0.393651
vt 0.295455 0.354286
vt 0.340910 0.354286
vt 0.272728 0.314921
vt 0.318182 0.314921
vt 0.386364 0.275556
vt 0.409369 0.248331
vt 0.454739 0.248314
vt 0.431819 0.275556
vt 0.364159 0.249563
vt 0.408326 0.249554
vt 0.364259 0.227174
vt 0.386364 0.196826
vt 0.404154 0.227360
vt 0.613637 0.196826
vt 0.659091 0.196826
vt 0.636364 0.227962
vt 0.477273 0.275556
vt 0.454546 0.248194
vt 0.454353 0.248314
vt 0.499722 0.248331
vt 0.568182 0.196826
vt 0.586007 0.227382
vt 0.477273 0.196826
vt 0.522728 0.196826
vt 0.504845 0.227376
vt 0.522728 0.275556
vt 0.568182 0.275556
vt 0.591187 0.248331
vt 0.636557 0.248314
vt 0.613637 0.275556
vt 0.545977 0.249563
vt 0.590144 0.249554
vt 0.546077 0.227174
vt 0.585972 0.227360
vt 0.795455 0.196826
vt 0.840909 0.196826
vt 0.818182 0.227962
vt 0.659091 0.275556
vt 0.636364 0.248194
vt 0.636171 0.248314
vt 0.681540 0.248331
vt 0.750000 0.196826
vt 0.767825 0.227382
vt 0.704546 0.196826
vt 0.686663 0.227376
vt 0.704546 0.275556
vt 0.750000 0.275556
vt 0.773005 0.248331
vt 0.818375 0.248314
vt 0.795455 0.275556
vt 0.727795 0.249563
vt 0.771962 0.249554
vt 0.727895 0.227174
vt 0.767790 0.227360
vt 0.068182 0.196826
vt 0.113637 0.196826
vt 0.090910 0.227962
vt 0.840909 0.275556
vt 0.818182 0.248194
vt 0.817989 0.248314
vt 0.863359 0.248331
vt 0.931818 0.196826
vt 0.977273 0.196826
vt 0.949643 0.227382
vt 0.886364 0.196826
vt 0.868481 0.227376
vt 0.886364 0.275556
vt 0.022727 0.275556
vt 0.045733 0.248331
vt 0.091103 0.248314
vt 0.068182 0.275556
vt 0.909613 0.249563
vt 0.953780 0.249554
vt 0.931818 0.275556
vt 0.909714 0.227174
vt 0.949608 0.227360
vt 0.250001 0.196826
vt 0.295455 0.196826
vt 0.272728 0.227962
vt 0.113637 0.275556
vt 0.090910 0.248194
vt 0.090717 0.248314
vt 0.136087 0.248331
vt 0.204546 0.196826
vt 0.222370 0.227382
vt 0.159092 0.196826
vt 0.141209 0.227376
vt 0.159092 0.275556
vt 0.204546 0.275556
vt 0.227552 0.248331
vt 0.272921 0.248314
vt 0.250001 0.275556
vt 0.182341 0.249563
vt 0.226508 0.249554
vt 0.182442 0.227174
vt 0.222336 0.227360
vt 0.545455 0.249468
vt 0.295455 0.275556
vt 0.272728 0.248194
vt 0.272535 0.248314
vt 0.317904 0.248331
vt 0.431819 0.196826
vt 0.404188 0.227382
vt 0.340910 0.196826
vt 0.323027 0.227376
vt 0.340910 0.275556
vt 0.504910 0.227352
vt 0.544832 0.227174
vt 0.502743 0.227569
vt 0.455772 0.227771
vt 0.545455 0.227400
vt 0.590671 0.248847
vt 0.500239 0.248846
vt 0.727273 0.249468
vt 0.454546 0.227962
vt 0.635138 0.227771
vt 0.588121 0.227576
vt 0.686728 0.227352
vt 0.726650 0.227174
vt 0.684561 0.227569
vt 0.637591 0.227771
vt 0.727273 0.227400
vt 0.772489 0.248847
vt 0.682057 0.248846
vt 0.909091 0.249468
vt 0.500766 0.249554
vt 0.544933 0.249563
vt 0.816956 0.227771
vt 0.769939 0.227576
vt 0.868546 0.227352
vt 0.908469 0.227174
vt 0.866380 0.227569
vt 0.819408 0.227771
vt 0.909091 0.227400
vt 0.045216 0.248847
vt 0.863875 0.248847
vt 0.181819 0.249468
vt 0.682584 0.249554
vt 0.726751 0.249563
vt 0.089683 0.227771
vt 0.042667 0.227576
vt 0.141274 0.227352
vt 0.181197 0.227174
vt 0.139107 0.227569
vt 0.092136 0.227771
vt 0.181819 0.227400
vt 0.227035 0.248846
vt 0.136603 0.248847
vt 0.363637 0.249468
vt 0.864402 0.249554
vt 0.908569 0.249563
vt 0.271502 0.227771
vt 0.224485 0.227576
vt 0.323092 0.227352
vt 0.363015 0.227174
vt 0.320925 0.227569
vt 0.273954 0.227771
vt 0.363637 0.227400
vt 0.408853 0.248847
vt 0.318421 0.248847
vt 0.137130 0.249554
vt 0.181297 0.249563
vt 0.453320 0.227771
vt 0.406303 0.227576
vt 0.363115 0.249563
vt 0.318948 0.249554
s 1
usemtl Material.002
f 4019/4169/3011 4047/4170/3039 4062/4171/3054
f 4020/4172/3012 4050/4173/3042 4068/4174/3060
f 4021/4175/3013 4053/4176/3045 4071/4177/3063
f 4022/4178/3014 4056/4179/3048 4074/4180/3066
f 4023/4181/3015 4059/4182/3051 4063/4183/3055
f 4065/4184/3057 4072/4185/3064 4024/4186/3016
f 4064/4187/3056 4075/4188/3067 4065/4184/3057
f 4063/4183/3055 4076/4189/3068 4064/4187/3056
f 4065/4184/3057 4075/4188/3067 4072/4185/3064
f 4075/4188/3067 4073/4190/3065 4072/4185/3064
f 4064/4187/3056 4076/4189/3068 4075/4188/3067
f 4076/4189/3068 4077/4191/3069 4075/4188/3067
f 4075/4188/3067 4077/4191/3069 4073/4190/3065
f 4077/4191/3069 4074/4192/3066 4073/4190/3065
f 4063/4183/3055 4059/4182/3051 4076/4189/3068
f 4059/4182/3051 4058/4193/3050 4076/4189/3068
f 4076/4189/3068 4058/4193/3050 4077/4191/3069
f 4058/4193/3050 4057/4194/3049 4077/4191/3069
f 4077/4191/3069 4057/4194/3049 4074/4192/3066
f 4057/4194/3049 4022/4178/3014 4074/4192/3066
f 4072/4195/3064 4069/4196/3061 4024/4197/3016
f 4073/4198/3065 4078/4199/3070 4072/4195/3064
f 4074/4180/3066 4079/4200/3071 4073/4198/3065
f 4072/4195/3064 4078/4199/3070 4069/4196/3061
f 4078/4199/3070 4070/4201/3062 4069/4196/3061
f 4073/4198/3065 4079/4200/3071 4078/4199/3070
f 4079/4200/3071 4080/4202/3072 4078/4199/3070
f 4078/4199/3070 4080/4202/3072 4070/4201/3062
f 4080/4202/3072 4071/4203/3063 4070/4201/3062
f 4074/4180/3066 4056/4179/3048 4079/4200/3071
f 4056/4179/3048 4055/4204/3047 4079/4200/3071
f 4079/4200/3071 4055/4204/3047 4080/4202/3072
f 4055/4204/3047 4054/4205/3046 4080/4202/3072
f 4080/4202/3072 4054/4205/3046 4071/4203/3063
f 4054/4205/3046 4021/4175/3013 4071/4203/3063
f 4069/4206/3061 4066/4207/3058 4024/4208/3016
f 4070/4209/3062 4081/4210/3073 4069/4206/3061
f 4071/4177/3063 4082/4211/3074 4070/4209/3062
f 4069/4206/3061 4081/4210/3073 4066/4207/3058
f 4081/4210/3073 4067/4212/3059 4066/4207/3058
f 4070/4209/3062 4082/4211/3074 4081/4210/3073
f 4082/4211/3074 4083/4213/3075 4081/4210/3073
f 4081/4210/3073 4083/4213/3075 4067/4212/3059
f 4083/4213/3075 4068/4214/3060 4067/4212/3059
f 4071/4177/3063 4053/4176/3045 4082/4211/3074
f 4053/4176/3045 4052/4215/3044 4082/4211/3074
f 4082/4211/3074 4052/4215/3044 4083/4213/3075
f 4052/4215/3044 4051/4216/3043 4083/4213/3075
f 4083/4213/3075 4051/4216/3043 4068/4214/3060
f 4051/4216/3043 4020/4217/3012 4068/4214/3060
f 4066/4218/3058 4060/4219/3052 4024/4220/3016
f 4067/4221/3059 4084/4222/3076 4066/4218/3058
f 4068/4174/3060 4085/4223/3077 4067/4221/3059
f 4066/4218/3058 4084/4222/3076 4060/4219/3052
f 4084/4222/3076 4061/4224/3053 4060/4219/3052
f 4067/4221/3059 4085/4223/3077 4084/4222/3076
f 4085/4223/3077 4086/4225/3078 4084/4222/3076
f 4084/4222/3076 4086/4225/3078 4061/4224/3053
f 4086/4225/3078 4062/4226/3054 4061/4224/3053
f 4068/4174/3060 4050/4173/3042 4085/4223/3077
f 4050/4173/3042 4049/4227/3041 4085/4223/3077
f 4085/4223/3077 4049/4227/3041 4086/4225/3078
f 4049/4227/3041 4048/4228/3040 4086/4225/3078
f 4086/4225/3078 4048/4228/3040 4062/4226/3054
f 4048/4228/3040 4019/4169/3011 4062/4226/3054
f 4060/4229/3052 4065/4230/3057 4024/4231/3016
f 4061/4232/3053 4087/4233/3079 4060/4229/3052
f 4062/4171/3054 4088/4234/3080 4061/4232/3053
f 4060/4229/3052 4087/4233/3079 4065/4230/3057
f 4087/4233/3079 4064/4235/3056 4065/4230/3057
f 4061/4232/3053 4088/4234/3080 4087/4233/3079
f 4088/4234/3080 4089/4236/3081 4087/4233/3079
f 4087/4233/3079 4089/4236/3081 4064/4235/3056
f 4089/4236/3081 4063/4237/3055 4064/4235/3056
f 4062/4171/3054 4047/4170/3039 4088/4234/3080
f 4047/4170/3039 4046/4238/3038 4088/4234/3080
f 4088/4234/3080 4046/4238/3038 4089/4236/3081
f 4046/4238/3038 4045/4239/3037 4089/4236/3081
f 4089/4236/3081 4045/4239/3037 4063/4237/3055
f 4045/4239/3037 4023/4181/3015 4063/4237/3055
f 4028/4240/3020 4059/4182/3051 4023/4181/3015
f 4112/4241/3104 4131/4242/3123 4090/4243/3082
f 4148/4244/3140 4112/4245/3104 4028/4240/3020
f 4028/4240/3020 4090/4243/3082 4059/4182/3051
f 4090/4243/3082 4058/4193/3050 4059/4182/3051
f 4149/4246/3141 4109/4247/3101 4113/4248/3105
f 4043/4249/3035 4038/4250/3030 4132/4251/3124
f 4090/4243/3082 4091/4252/3083 4058/4193/3050
f 4091/4252/3083 4057/4194/3049 4058/4193/3050
f 4131/4253/3123 4091/4252/3083 4090/4243/3082
f 4131/4254/3123 4127/4255/3119 4091/4252/3083
f 4101/4256/3093 4043/4249/3035 4129/4257/3121
f 4042/4258/3034 4100/4259/3092 4126/4260/3118
f 4091/4252/3083 4041/4261/3033 4057/4194/3049
f 4041/4261/3033 4022/4178/3014 4057/4194/3049
f 4044/4262/3036 4056/4179/3048 4022/4178/3014
f 4128/4263/3120 4133/4264/3125 4092/4265/3084
f 4140/4266/3132 4128/4267/3120 4044/4262/3036
f 4044/4262/3036 4092/4265/3084 4056/4179/3048
f 4092/4265/3084 4055/4204/3047 4056/4179/3048
f 4141/4268/3133 4101/4256/3093 4129/4269/3121
f 4039/4270/3031 4034/4271/3026 4134/4272/3126
f 4092/4265/3084 4093/4273/3085 4055/4204/3047
f 4093/4273/3085 4054/4205/3046 4055/4204/3047
f 4133/4274/3125 4093/4273/3085 4092/4265/3084
f 4133/4275/3125 4123/4276/3115 4093/4273/3085
f 4103/4277/3095 4039/4270/3031 4125/4278/3117
f 4038/4250/3030 4102/4279/3094 4122/4280/3114
f 4093/4273/3085 4037/4281/3029 4054/4205/3046
f 4037/4281/3029 4021/4175/3013 4054/4205/3046
f 4040/4282/3032 4053/4176/3045 4021/4175/3013
f 4124/4283/3116 4135/4284/3127 4094/4285/3086
f 4142/4286/3134 4124/4287/3116 4040/4282/3032
f 4040/4282/3032 4094/4285/3086 4053/4176/3045
f 4094/4285/3086 4052/4215/3044 4053/4176/3045
f 4143/4288/3135 4103/4277/3095 4125/4289/3117
f 4035/4290/3027 4030/4291/3022 4136/4292/3128
f 4094/4285/3086 4095/4293/3087 4052/4215/3044
f 4095/4293/3087 4051/4216/3043 4052/4215/3044
f 4135/4294/3127 4095/4293/3087 4094/4285/3086
f 4135/4295/3127 4119/4296/3111 4095/4293/3087
f 4105/4297/3097 4035/4298/3027 4121/4299/3113
f 4034/4271/3026 4104/4300/3096 4118/4301/3110
f 4095/4293/3087 4033/4302/3025 4051/4216/3043
f 4033/4302/3025 4020/4217/3012 4051/4216/3043
f 4036/4303/3028 4050/4173/3042 4020/4172/3012
f 4120/4304/3112 4137/4305/3129 4096/4306/3088
f 4144/4307/3136 4120/4308/3112 4036/4309/3028
f 4036/4303/3028 4096/4306/3088 4050/4173/3042
f 4096/4306/3088 4049/4227/3041 4050/4173/3042
f 4145/4310/3137 4105/4297/3097 4121/4311/3113
f 4031/4312/3023 4026/4313/3018 4138/4314/3130
f 4096/4306/3088 4097/4315/3089 4049/4227/3041
f 4097/4315/3089 4048/4228/3040 4049/4227/3041
f 4137/4316/3129 4097/4315/3089 4096/4306/3088
f 4137/4317/3129 4115/4318/3107 4097/4315/3089
f 4107/4319/3099 4031/4312/3023 4117/4320/3109
f 4030/4291/3022 4106/4321/3098 4114/4322/3106
f 4097/4315/3089 4029/4323/3021 4048/4228/3040
f 4029/4323/3021 4019/4169/3011 4048/4228/3040
f 4032/4324/3024 4047/4170/3039 4019/4169/3011
f 4116/4325/3108 4139/4326/3131 4098/4327/3090
f 4146/4328/3138 4116/4329/3108 4032/4324/3024
f 4032/4324/3024 4098/4327/3090 4047/4170/3039
f 4098/4327/3090 4046/4238/3038 4047/4170/3039
f 4147/4330/3139 4107/4319/3099 4117/4331/3109
f 4041/4261/3033 4140/4332/3132 4044/4262/3036
f 4098/4327/3090 4099/4333/3091 4046/4238/3038
f 4099/4333/3091 4045/4239/3037 4046/4238/3038
f 4139/4334/3131 4099/4333/3091 4098/4327/3090
f 4139/4335/3131 4111/4336/3103 4099/4333/3091
f 4109/4247/3101 4027/4337/3019 4113/4338/3105
f 4026/4313/3018 4108/4339/3100 4110/4340/3102
f 4099/4333/3091 4025/4341/3017 4045/4239/3037
f 4025/4341/3017 4023/4181/3015 4045/4239/3037
f 4041/4261/3033 4044/4262/3036 4022/4178/3014
f 4126/4342/3118 4100/4259/3092 4141/4343/3133
f 4042/4258/3034 4126/4344/3118 4130/4345/3122
f 4100/4259/3092 4101/4256/3093 4141/4346/3133
f 4128/4347/3120 4092/4265/3084 4044/4262/3036
f 4127/4348/3119 4041/4261/3033 4091/4252/3083
f 4037/4281/3029 4142/4349/3134 4040/4282/3032
f 4027/4337/3019 4042/4258/3034 4130/4350/3122
f 4043/4249/3035 4132/4351/3124 4129/4352/3121
f 4037/4281/3029 4040/4282/3032 4021/4175/3013
f 4122/4353/3114 4102/4279/3094 4143/4354/3135
f 4038/4250/3030 4122/4355/3114 4132/4356/3124
f 4102/4279/3094 4103/4277/3095 4143/4357/3135
f 4124/4358/3116 4094/4285/3086 4040/4282/3032
f 4123/4359/3115 4037/4281/3029 4093/4273/3085
f 4033/4302/3025 4144/4360/3136 4036/4309/3028
f 4127/4361/3119 4140/4362/3132 4041/4261/3033
f 4039/4270/3031 4134/4363/3126 4125/4364/3117
f 4033/4302/3025 4036/4309/3028 4020/4217/3012
f 4118/4365/3110 4104/4300/3096 4145/4366/3137
f 4034/4271/3026 4118/4367/3110 4134/4368/3126
f 4104/4300/3096 4105/4297/3097 4145/4369/3137
f 4120/4370/3112 4096/4306/3088 4036/4303/3028
f 4119/4371/3111 4033/4302/3025 4095/4293/3087
f 4029/4323/3021 4146/4372/3138 4032/4324/3024
f 4123/4373/3115 4142/4374/3134 4037/4281/3029
f 4035/4290/3027 4136/4375/3128 4121/4376/3113
f 4029/4323/3021 4032/4324/3024 4019/4169/3011
f 4114/4377/3106 4106/4321/3098 4147/4378/3139
f 4030/4291/3022 4114/4379/3106 4136/4380/3128
f 4106/4321/3098 4107/4319/3099 4147/4381/3139
f 4116/4382/3108 4098/4327/3090 4032/4324/3024
f 4115/4383/3107 4029/4323/3021 4097/4315/3089
f 4025/4341/3017 4148/4384/3140 4028/4240/3020
f 4119/4385/3111 4144/4386/3136 4033/4302/3025
f 4031/4312/3023 4138/4387/3130 4117/4388/3109
f 4025/4341/3017 4028/4240/3020 4023/4181/3015
f 4110/4389/3102 4108/4339/3100 4149/4390/3141
f 4026/4313/3018 4110/4391/3102 4138/4392/3130
f 4108/4339/3100 4109/4247/3101 4149/4393/3141
f 4112/4394/3104 4090/4243/3082 4028/4240/3020
f 4111/4395/3103 4025/4341/3017 4099/4333/3091
f 4115/4396/3107 4146/4397/3138 4029/4323/3021
f 4027/4337/3019 4130/4398/3122 4113/4399/3105
f 4113/4399/3105 4130/4398/3122 4131/4242/3123 4112/4241/3104
f 4130/4345/3122 4126/4344/3118 4127/4255/3119 4131/4254/3123
f 4129/4352/3121 4132/4351/3124 4133/4264/3125 4128/4263/3120
f 4132/4356/3124 4122/4355/3114 4123/4276/3115 4133/4275/3125
f 4125/4364/3117 4134/4363/3126 4135/4284/3127 4124/4283/3116
f 4134/4368/3126 4118/4367/3110 4119/4296/3111 4135/4295/3127
f 4121/4376/3113 4136/4375/3128 4137/4305/3129 4120/4304/3112
f 4136/4380/3128 4114/4379/3106 4115/4318/3107 4137/4317/3129
f 4117/4388/3109 4138/4387/3130 4139/4326/3131 4116/4325/3108
f 4138/4392/3130 4110/4391/3102 4111/4336/3103 4139/4335/3131
f 4141/4268/3133 4129/4269/3121 4128/4267/3120 4140/4266/3132
f 4126/4342/3118 4141/4343/3133 4140/4362/3132 4127/4361/3119
f 4143/4288/3135 4125/4289/3117 4124/4287/3116 4142/4286/3134
f 4122/4353/3114 4143/4354/3135 4142/4374/3134 4123/4373/3115
f 4145/4310/3137 4121/4311/3113 4120/4308/3112 4144/4307/3136
f 4118/4365/3110 4145/4366/3137 4144/4386/3136 4119/4385/3111
f 4147/4330/3139 4117/4331/3109 4116/4329/3108 4146/4328/3138
f 4114/4377/3106 4147/4378/3139 4146/4397/3138 4115/4396/3107
f 4149/4246/3141 4113/4248/3105 4112/4245/3104 4148/4244/3140
f 4110/4389/3102 4149/4390/3141 4148/4400/3140 4111/4401/3103
f 4111/4401/3103 4148/4400/3140 4025/4341/3017
o Icosphere.002
v 0.705104 0.168787 -0.841487
v 0.717056 0.168790 -0.762101
v 0.645249 0.168789 -0.726200
v 0.588917 0.168786 -0.783399
v 0.625910 0.168784 -0.854651
v 0.656371 0.211634 -0.793637
v 0.634392 0.150913 -0.863537
v 0.657386 0.116935 -0.850925
v 0.608796 0.116919 -0.826625
v 0.614226 0.150922 -0.853459
v 0.716926 0.150908 -0.836385
v 0.713364 0.116960 -0.809252
v 0.675261 0.116912 -0.847949
v 0.701104 0.150917 -0.852449
v 0.716602 0.150919 -0.749507
v 0.691029 0.116952 -0.743121
v 0.716070 0.116938 -0.791337
v 0.726987 0.150925 -0.769516
v 0.633876 0.150918 -0.722962
v 0.621247 0.116922 -0.743923
v 0.674826 0.116961 -0.735025
v 0.656117 0.150911 -0.719264
v 0.583065 0.150921 -0.793437
v 0.600455 0.116911 -0.810549
v 0.608527 0.116949 -0.756834
v 0.586427 0.150909 -0.771143
v 0.644318 0.173534 -0.858538
v 0.667021 0.175412 -0.857706
v 0.688793 0.173534 -0.851145
v 0.714387 0.173534 -0.825157
v 0.720597 0.175412 -0.803306
v 0.721100 0.173534 -0.780575
v 0.704293 0.173534 -0.748203
v 0.685416 0.175412 -0.735542
v 0.663967 0.173534 -0.728042
v 0.627986 0.173534 -0.734023
v 0.610097 0.175412 -0.748061
v 0.596351 0.173534 -0.766145
v 0.590920 0.173534 -0.802213
v 0.598728 0.175412 -0.823563
v 0.611694 0.173534 -0.842227
v 0.670033 0.209187 -0.807092
v 0.684970 0.200231 -0.821803
v 0.697358 0.185485 -0.834003
v 0.630646 0.185484 -0.845092
v 0.638421 0.200231 -0.829541
v 0.647796 0.209187 -0.810789
v 0.673389 0.209187 -0.784801
v 0.691996 0.200231 -0.775141
v 0.707427 0.185485 -0.767129
v 0.653227 0.209187 -0.774721
v 0.649789 0.200231 -0.754039
v 0.646938 0.185485 -0.736888
v 0.637409 0.209187 -0.790782
v 0.616677 0.200231 -0.787660
v 0.599485 0.185485 -0.785071
v 0.626066 0.203574 -0.809371
v 0.616629 0.190531 -0.828246
v 0.605198 0.190531 -0.806228
v 0.632043 0.203574 -0.769677
v 0.611174 0.190531 -0.766535
v 0.628582 0.190531 -0.748859
v 0.671640 0.203574 -0.763095
v 0.668180 0.190531 -0.742278
v 0.690369 0.190531 -0.753371
v 0.690136 0.203574 -0.798721
v 0.708865 0.190531 -0.788997
v 0.705172 0.190531 -0.813529
v 0.661970 0.203574 -0.827321
v 0.677005 0.190531 -0.842128
v 0.652533 0.190531 -0.846196
v 0.598426 0.153227 -0.837555
v 0.586992 0.153235 -0.815539
v 0.596670 0.153218 -0.751309
v 0.614066 0.153243 -0.733640
v 0.678145 0.153225 -0.722985
v 0.700331 0.153233 -0.734081
v 0.730256 0.153239 -0.791727
v 0.726571 0.153219 -0.816253
v 0.680987 0.153241 -0.862535
v 0.656523 0.153220 -0.866597
v 0.593596 0.116546 -0.792749
v 0.596768 0.116572 -0.771613
v 0.636051 0.116562 -0.731727
v 0.657131 0.116589 -0.728228
v 0.707201 0.116585 -0.753259
v 0.717058 0.116576 -0.772233
v 0.708719 0.116584 -0.827588
v 0.693731 0.116551 -0.842813
v 0.638507 0.116560 -0.851994
v 0.619388 0.116549 -0.842430
v 0.644762 0.126648 -0.864214
v 0.646052 0.135440 -0.866969
v 0.605014 0.135499 -0.846445
v 0.607442 0.126800 -0.845573
v 0.722380 0.126393 -0.826501
v 0.724724 0.135353 -0.826569
v 0.692539 0.135483 -0.859237
v 0.693168 0.126751 -0.856175
v 0.710466 0.126417 -0.741014
v 0.710601 0.135363 -0.739259
v 0.731742 0.135386 -0.779969
v 0.729710 0.126474 -0.777983
v 0.625478 0.126687 -0.725855
v 0.623199 0.135457 -0.725685
v 0.668456 0.135343 -0.718194
v 0.666604 0.126354 -0.719077
v 0.584849 0.126833 -0.802009
v 0.583298 0.135508 -0.804618
v 0.590136 0.135409 -0.759271
v 0.591044 0.126552 -0.760827
v 0.593066 0.126233 -0.825551
v 0.590945 0.135219 -0.827241
v 0.605796 0.126149 -0.741055
v 0.604087 0.135186 -0.739973
v 0.690088 0.125802 -0.727138
v 0.691146 0.135088 -0.725528
v 0.729460 0.125901 -0.802939
v 0.731811 0.135114 -0.803845
v 0.669514 0.126219 -0.863773
v 0.669888 0.135208 -0.866710
v 0.583151 0.135397 -0.781420
v 0.585056 0.126285 -0.781064
v 0.645238 0.135329 -0.718398
v 0.645568 0.126094 -0.719677
v 0.724368 0.135263 -0.757977
v 0.722669 0.125875 -0.758284
v 0.711201 0.135358 -0.845445
v 0.709853 0.126181 -0.843475
v 0.623921 0.135393 -0.859948
v 0.624792 0.126266 -0.857602
vn 0.6475 0.4143 -0.6396
vn 0.8013 0.4301 0.4158
vn -0.1500 0.4208 0.8947
vn -0.9070 0.3988 0.1356
vn -0.4114 0.3947 -0.8215
vn -0.0000 1.0000 -0.0000
vn -0.2959 0.1608 -0.9416
vn 0.0407 -0.8148 -0.5783
vn -0.5124 -0.7920 -0.3319
vn -0.5763 0.1556 -0.8023
vn 0.7966 0.2056 -0.5685
vn 0.5375 -0.8330 -0.1311
vn 0.1467 -0.8176 -0.5568
vn 0.5811 0.1927 -0.7906
vn 0.7817 0.2352 0.5777
vn 0.3031 -0.8162 0.4919
vn 0.5565 -0.8302 -0.0328
vn 0.9229 0.2326 0.3067
vn -0.3103 0.2106 0.9270
vn -0.4008 -0.7842 0.4738
vn 0.2130 -0.8116 0.5439
vn -0.0067 0.2209 0.9753
vn -0.9864 0.1641 -0.0097
vn -0.5740 -0.7861 -0.2292
vn -0.4794 -0.7845 0.3934
vn -0.9384 0.1739 0.2985
vn -0.1523 0.4686 -0.8702
vn 0.1412 0.4974 -0.8560
vn 0.4221 0.4763 -0.7714
vn 0.7729 0.4838 -0.4106
vn 0.8500 0.5108 -0.1288
vn 0.8564 0.4900 0.1626
vn 0.6255 0.4914 0.6060
vn 0.3834 0.5133 0.7678
vn 0.1089 0.4878 0.8661
vn -0.3869 0.4812 0.7866
vn -0.6172 0.5015 0.6062
vn -0.7976 0.4725 0.3750
vn -0.8753 0.4670 -0.1257
vn -0.7728 0.4915 -0.4015
vn -0.6067 0.4653 -0.6445
vn 0.1858 0.9654 -0.1830
vn 0.3746 0.8507 -0.3689
vn 0.5350 0.6603 -0.5270
vn -0.3363 0.6591 -0.6726
vn -0.2351 0.8507 -0.4702
vn -0.1166 0.9654 -0.2332
vn 0.2314 0.9654 0.1201
vn 0.4666 0.8507 0.2422
vn 0.6657 0.6613 0.3456
vn -0.0428 0.9654 0.2572
vn -0.0862 0.8507 0.5186
vn -0.1231 0.6608 0.7403
vn -0.2578 0.9654 0.0388
vn -0.5199 0.8507 0.0783
vn -0.7433 0.6595 0.1119
vn -0.4039 0.8904 -0.2097
vn -0.5222 0.7268 -0.4462
vn -0.6654 0.7268 -0.1704
vn -0.3243 0.8904 0.3194
vn -0.5856 0.7269 0.3587
vn -0.3676 0.7269 0.5800
vn 0.2035 0.8904 0.4071
vn 0.1602 0.7270 0.6677
vn 0.4379 0.7270 0.5288
vn 0.4501 0.8904 -0.0678
vn 0.6845 0.7270 0.0539
vn 0.6383 0.7270 -0.2531
vn 0.0746 0.8904 -0.4490
vn 0.2629 0.7269 -0.6344
vn -0.0436 0.7268 -0.6854
vn -0.7885 0.1873 -0.5859
vn -0.9322 0.1900 -0.3081
vn -0.7965 0.2152 0.5650
vn -0.5768 0.2273 0.7846
vn 0.2888 0.2550 0.9228
vn 0.5638 0.2598 0.7840
vn 0.9673 0.2533 0.0099
vn 0.9234 0.2444 -0.2961
vn 0.3114 0.2113 -0.9265
vn 0.0039 0.2009 -0.9796
vn -0.6966 -0.7145 -0.0644
vn -0.6451 -0.7160 0.2669
vn -0.2807 -0.7207 0.6338
vn 0.0487 -0.7376 0.6735
vn 0.4774 -0.7620 0.4375
vn 0.6192 -0.7717 0.1448
vn 0.5429 -0.7779 -0.3164
vn 0.3266 -0.7675 -0.5516
vn -0.1455 -0.7522 -0.6427
vn -0.4465 -0.7367 -0.5078
vn -0.1163 -0.5331 -0.8380
vn -0.1356 -0.1219 -0.9832
vn -0.7030 -0.1187 -0.7013
vn -0.6121 -0.5098 -0.6045
vn 0.7644 -0.5285 -0.3692
vn 0.8963 -0.0718 -0.4375
vn 0.4486 -0.1050 -0.8875
vn 0.3849 -0.5308 -0.7550
vn 0.6065 -0.4793 0.6344
vn 0.6946 -0.0197 0.7191
vn 0.9878 -0.0414 0.1502
vn 0.8537 -0.5028 0.1359
vn -0.4194 -0.4496 0.7886
vn -0.4713 -0.0335 0.8813
vn 0.1630 -0.0172 0.9865
vn 0.1436 -0.4656 0.8733
vn -0.8619 -0.4844 -0.1499
vn -0.9793 -0.0991 -0.1767
vn -0.8879 -0.0625 0.4558
vn -0.7837 -0.4673 0.4093
vn -0.7376 -0.5573 -0.3812
vn -0.8801 -0.1191 -0.4596
vn -0.6069 -0.5190 0.6019
vn -0.7119 -0.0570 0.7000
vn 0.3788 -0.5343 0.7556
vn 0.4488 -0.0271 0.8932
vn 0.8112 -0.5723 -0.1201
vn 0.9865 -0.0652 -0.1504
vn 0.1349 -0.5869 -0.7984
vn 0.1637 -0.1234 -0.9788
vn -0.9868 -0.0695 0.1463
vn -0.8852 -0.4455 0.1343
vn -0.1628 -0.0093 0.9866
vn -0.1474 -0.4266 0.8923
vn 0.8884 -0.0166 0.4588
vn 0.7830 -0.4697 0.4078
vn 0.7093 -0.0790 -0.7004
vn 0.6141 -0.5076 -0.6043
vn -0.4427 -0.1134 -0.8895
vn -0.3883 -0.4984 -0.7751
vt 0.181819 0.314921
vt 0.227273 0.314921
vt 0.204546 0.354286
vt 0.000000 0.314921
vt 0.045455 0.314921
vt 0.022727 0.354286
vt 0.727273 0.314921
vt 0.772727 0.314921
vt 0.750000 0.354286
vt 0.545455 0.314921
vt 0.590909 0.314921
vt 0.568182 0.354286
vt 0.363637 0.314921
vt 0.409091 0.314921
vt 0.386364 0.354286
vt 0.431819 0.433017
vt 0.477273 0.433017
vt 0.454546 0.472382
vt 0.409091 0.393651
vt 0.454546 0.393651
vt 0.431819 0.354286
vt 0.500000 0.393651
vt 0.477273 0.354286
vt 0.522728 0.354286
vt 0.454546 0.314921
vt 0.500000 0.314921
vt 0.613637 0.433017
vt 0.659091 0.433017
vt 0.636364 0.472382
vt 0.590909 0.393651
vt 0.636364 0.393651
vt 0.613637 0.354286
vt 0.681818 0.393651
vt 0.659091 0.354286
vt 0.704546 0.354286
vt 0.636364 0.314921
vt 0.681818 0.314921
vt 0.795455 0.433017
vt 0.840909 0.433017
vt 0.818182 0.472382
vt 0.772727 0.393651
vt 0.818182 0.393651
vt 0.795455 0.354286
vt 0.863636 0.393651
vt 0.840909 0.354286
vt 0.886364 0.354286
vt 0.818182 0.314921
vt 0.863636 0.314921
vt 0.909091 0.314921
vt 0.068182 0.433017
vt 0.113637 0.433017
vt 0.090910 0.472382
vt 0.045455 0.393651
vt 0.090910 0.393651
vt 0.068182 0.354286
vt 0.136365 0.393651
vt 0.113637 0.354286
vt 0.159092 0.354286
vt 0.090909 0.314921
vt 0.136364 0.314921
vt 0.250001 0.433017
vt 0.295455 0.433017
vt 0.272728 0.472382
vt 0.227273 0.393651
vt 0.272728 0.393651
vt 0.250001 0.354286
vt 0.318182 0.393651
vt 0.295455 0.354286
vt 0.340910 0.354286
vt 0.272728 0.314921
vt 0.318182 0.314921
vt 0.386364 0.275556
vt 0.409369 0.248331
vt 0.454739 0.248314
vt 0.431819 0.275556
vt 0.364159 0.249563
vt 0.408326 0.249554
vt 0.364259 0.227174
vt 0.386364 0.196826
vt 0.404154 0.227360
vt 0.613637 0.196826
vt 0.659091 0.196826
vt 0.636364 0.227962
vt 0.477273 0.275556
vt 0.454546 0.248194
vt 0.454353 0.248314
vt 0.499722 0.248331
vt 0.568182 0.196826
vt 0.586007 0.227382
vt 0.477273 0.196826
vt 0.522728 0.196826
vt 0.504845 0.227376
vt 0.522728 0.275556
vt 0.568182 0.275556
vt 0.591187 0.248331
vt 0.636557 0.248314
vt 0.613637 0.275556
vt 0.545977 0.249563
vt 0.590144 0.249554
vt 0.546077 0.227174
vt 0.585972 0.227360
vt 0.795455 0.196826
vt 0.840909 0.196826
vt 0.818182 0.227962
vt 0.659091 0.275556
vt 0.636364 0.248194
vt 0.636171 0.248314
vt 0.681540 0.248331
vt 0.750000 0.196826
vt 0.767825 0.227382
vt 0.704546 0.196826
vt 0.686663 0.227376
vt 0.704546 0.275556
vt 0.750000 0.275556
vt 0.773005 0.248331
vt 0.818375 0.248314
vt 0.795455 0.275556
vt 0.727795 0.249563
vt 0.771962 0.249554
vt 0.727895 0.227174
vt 0.767790 0.227360
vt 0.068182 0.196826
vt 0.113637 0.196826
vt 0.090910 0.227962
vt 0.840909 0.275556
vt 0.818182 0.248194
vt 0.817989 0.248314
vt 0.863359 0.248331
vt 0.931818 0.196826
vt 0.977273 0.196826
vt 0.949643 0.227382
vt 0.886364 0.196826
vt 0.868481 0.227376
vt 0.886364 0.275556
vt 0.022727 0.275556
vt 0.045733 0.248331
vt 0.091103 0.248314
vt 0.068182 0.275556
vt 0.909613 0.249563
vt 0.953780 0.249554
vt 0.931818 0.275556
vt 0.909714 0.227174
vt 0.949608 0.227360
vt 0.250001 0.196826
vt 0.295455 0.196826
vt 0.272728 0.227962
vt 0.113637 0.275556
vt 0.090910 0.248194
vt 0.090717 0.248314
vt 0.136087 0.248331
vt 0.204546 0.196826
vt 0.222370 0.227382
vt 0.159092 0.196826
vt 0.141209 0.227376
vt 0.159092 0.275556
vt 0.204546 0.275556
vt 0.227552 0.248331
vt 0.272921 0.248314
vt 0.250001 0.275556
vt 0.182341 0.249563
vt 0.226508 0.249554
vt 0.182442 0.227174
vt 0.222336 0.227360
vt 0.545455 0.249468
vt 0.295455 0.275556
vt 0.272728 0.248194
vt 0.272535 0.248314
vt 0.317904 0.248331
vt 0.431819 0.196826
vt 0.404188 0.227382
vt 0.340910 0.196826
vt 0.323027 0.227376
vt 0.340910 0.275556
vt 0.504910 0.227352
vt 0.544832 0.227174
vt 0.502743 0.227569
vt 0.455772 0.227771
vt 0.545455 0.227400
vt 0.590671 0.248847
vt 0.500239 0.248846
vt 0.727273 0.249468
vt 0.454546 0.227962
vt 0.635138 0.227771
vt 0.588121 0.227576
vt 0.686728 0.227352
vt 0.726650 0.227174
vt 0.684561 0.227569
vt 0.637591 0.227771
vt 0.727273 0.227400
vt 0.772489 0.248847
vt 0.682057 0.248846
vt 0.909091 0.249468
vt 0.500766 0.249554
vt 0.544933 0.249563
vt 0.816956 0.227771
vt 0.769939 0.227576
vt 0.868546 0.227352
vt 0.908469 0.227174
vt 0.866380 0.227569
vt 0.819408 0.227771
vt 0.909091 0.227400
vt 0.045216 0.248847
vt 0.863875 0.248847
vt 0.181819 0.249468
vt 0.682584 0.249554
vt 0.726751 0.249563
vt 0.089683 0.227771
vt 0.042667 0.227576
vt 0.141274 0.227352
vt 0.181197 0.227174
vt 0.139107 0.227569
vt 0.092136 0.227771
vt 0.181819 0.227400
vt 0.227035 0.248846
vt 0.136603 0.248847
vt 0.363637 0.249468
vt 0.864402 0.249554
vt 0.908569 0.249563
vt 0.271502 0.227771
vt 0.224485 0.227576
vt 0.323092 0.227352
vt 0.363015 0.227174
vt 0.320925 0.227569
vt 0.273954 0.227771
vt 0.363637 0.227400
vt 0.408853 0.248847
vt 0.318421 0.248847
vt 0.137130 0.249554
vt 0.181297 0.249563
vt 0.453320 0.227771
vt 0.406303 0.227576
vt 0.363115 0.249563
vt 0.318948 0.249554
s 1
usemtl Material.003
f 4150/4402/3142 4178/4403/3170 4193/4404/3185
f 4151/4405/3143 4181/4406/3173 4199/4407/3191
f 4152/4408/3144 4184/4409/3176 4202/4410/3194
f 4153/4411/3145 4187/4412/3179 4205/4413/3197
f 4154/4414/3146 4190/4415/3182 4194/4416/3186
f 4196/4417/3188 4203/4418/3195 4155/4419/3147
f 4195/4420/3187 4206/4421/3198 4196/4417/3188
f 4194/4416/3186 4207/4422/3199 4195/4420/3187
f 4196/4417/3188 4206/4421/3198 4203/4418/3195
f 4206/4421/3198 4204/4423/3196 4203/4418/3195
f 4195/4420/3187 4207/4422/3199 4206/4421/3198
f 4207/4422/3199 4208/4424/3200 4206/4421/3198
f 4206/4421/3198 4208/4424/3200 4204/4423/3196
f 4208/4424/3200 4205/4425/3197 4204/4423/3196
f 4194/4416/3186 4190/4415/3182 4207/4422/3199
f 4190/4415/3182 4189/4426/3181 4207/4422/3199
f 4207/4422/3199 4189/4426/3181 4208/4424/3200
f 4189/4426/3181 4188/4427/3180 4208/4424/3200
f 4208/4424/3200 4188/4427/3180 4205/4425/3197
f 4188/4427/3180 4153/4411/3145 4205/4425/3197
f 4203/4428/3195 4200/4429/3192 4155/4430/3147
f 4204/4431/3196 4209/4432/3201 4203/4428/3195
f 4205/4413/3197 4210/4433/3202 4204/4431/3196
f 4203/4428/3195 4209/4432/3201 4200/4429/3192
f 4209/4432/3201 4201/4434/3193 4200/4429/3192
f 4204/4431/3196 4210/4433/3202 4209/4432/3201
f 4210/4433/3202 4211/4435/3203 4209/4432/3201
f 4209/4432/3201 4211/4435/3203 4201/4434/3193
f 4211/4435/3203 4202/4436/3194 4201/4434/3193
f 4205/4413/3197 4187/4412/3179 4210/4433/3202
f 4187/4412/3179 4186/4437/3178 4210/4433/3202
f 4210/4433/3202 4186/4437/3178 4211/4435/3203
f 4186/4437/3178 4185/4438/3177 4211/4435/3203
f 4211/4435/3203 4185/4438/3177 4202/4436/3194
f 4185/4438/3177 4152/4408/3144 4202/4436/3194
f 4200/4439/3192 4197/4440/3189 4155/4441/3147
f 4201/4442/3193 4212/4443/3204 4200/4439/3192
f 4202/4410/3194 4213/4444/3205 4201/4442/3193
f 4200/4439/3192 4212/4443/3204 4197/4440/3189
f 4212/4443/3204 4198/4445/3190 4197/4440/3189
f 4201/4442/3193 4213/4444/3205 4212/4443/3204
f 4213/4444/3205 4214/4446/3206 4212/4443/3204
f 4212/4443/3204 4214/4446/3206 4198/4445/3190
f 4214/4446/3206 4199/4447/3191 4198/4445/3190
f 4202/4410/3194 4184/4409/3176 4213/4444/3205
f 4184/4409/3176 4183/4448/3175 4213/4444/3205
f 4213/4444/3205 4183/4448/3175 4214/4446/3206
f 4183/4448/3175 4182/4449/3174 4214/4446/3206
f 4214/4446/3206 4182/4449/3174 4199/4447/3191
f 4182/4449/3174 4151/4450/3143 4199/4447/3191
f 4197/4451/3189 4191/4452/3183 4155/4453/3147
f 4198/4454/3190 4215/4455/3207 4197/4451/3189
f 4199/4407/3191 4216/4456/3208 4198/4454/3190
f 4197/4451/3189 4215/4455/3207 4191/4452/3183
f 4215/4455/3207 4192/4457/3184 4191/4452/3183
f 4198/4454/3190 4216/4456/3208 4215/4455/3207
f 4216/4456/3208 4217/4458/3209 4215/4455/3207
f 4215/4455/3207 4217/4458/3209 4192/4457/3184
f 4217/4458/3209 4193/4459/3185 4192/4457/3184
f 4199/4407/3191 4181/4406/3173 4216/4456/3208
f 4181/4406/3173 4180/4460/3172 4216/4456/3208
f 4216/4456/3208 4180/4460/3172 4217/4458/3209
f 4180/4460/3172 4179/4461/3171 4217/4458/3209
f 4217/4458/3209 4179/4461/3171 4193/4459/3185
f 4179/4461/3171 4150/4402/3142 4193/4459/3185
f 4191/4462/3183 4196/4463/3188 4155/4464/3147
f 4192/4465/3184 4218/4466/3210 4191/4462/3183
f 4193/4404/3185 4219/4467/3211 4192/4465/3184
f 4191/4462/3183 4218/4466/3210 4196/4463/3188
f 4218/4466/3210 4195/4468/3187 4196/4463/3188
f 4192/4465/3184 4219/4467/3211 4218/4466/3210
f 4219/4467/3211 4220/4469/3212 4218/4466/3210
f 4218/4466/3210 4220/4469/3212 4195/4468/3187
f 4220/4469/3212 4194/4470/3186 4195/4468/3187
f 4193/4404/3185 4178/4403/3170 4219/4467/3211
f 4178/4403/3170 4177/4471/3169 4219/4467/3211
f 4219/4467/3211 4177/4471/3169 4220/4469/3212
f 4177/4471/3169 4176/4472/3168 4220/4469/3212
f 4220/4469/3212 4176/4472/3168 4194/4470/3186
f 4176/4472/3168 4154/4414/3146 4194/4470/3186
f 4159/4473/3151 4190/4415/3182 4154/4414/3146
f 4243/4474/3235 4262/4475/3254 4221/4476/3213
f 4279/4477/3271 4243/4478/3235 4159/4473/3151
f 4159/4473/3151 4221/4476/3213 4190/4415/3182
f 4221/4476/3213 4189/4426/3181 4190/4415/3182
f 4280/4479/3272 4240/4480/3232 4244/4481/3236
f 4174/4482/3166 4169/4483/3161 4263/4484/3255
f 4221/4476/3213 4222/4485/3214 4189/4426/3181
f 4222/4485/3214 4188/4427/3180 4189/4426/3181
f 4262/4486/3254 4222/4485/3214 4221/4476/3213
f 4262/4487/3254 4258/4488/3250 4222/4485/3214
f 4232/4489/3224 4174/4482/3166 4260/4490/3252
f 4173/4491/3165 4231/4492/3223 4257/4493/3249
f 4222/4485/3214 4172/4494/3164 4188/4427/3180
f 4172/4494/3164 4153/4411/3145 4188/4427/3180
f 4175/4495/3167 4187/4412/3179 4153/4411/3145
f 4259/4496/3251 4264/4497/3256 4223/4498/3215
f 4271/4499/3263 4259/4500/3251 4175/4495/3167
f 4175/4495/3167 4223/4498/3215 4187/4412/3179
f 4223/4498/3215 4186/4437/3178 4187/4412/3179
f 4272/4501/3264 4232/4489/3224 4260/4502/3252
f 4170/4503/3162 4165/4504/3157 4265/4505/3257
f 4223/4498/3215 4224/4506/3216 4186/4437/3178
f 4224/4506/3216 4185/4438/3177 4186/4437/3178
f 4264/4507/3256 4224/4506/3216 4223/4498/3215
f 4264/4508/3256 4254/4509/3246 4224/4506/3216
f 4234/4510/3226 4170/4503/3162 4256/4511/3248
f 4169/4483/3161 4233/4512/3225 4253/4513/3245
f 4224/4506/3216 4168/4514/3160 4185/4438/3177
f 4168/4514/3160 4152/4408/3144 4185/4438/3177
f 4171/4515/3163 4184/4409/3176 4152/4408/3144
f 4255/4516/3247 4266/4517/3258 4225/4518/3217
f 4273/4519/3265 4255/4520/3247 4171/4515/3163
f 4171/4515/3163 4225/4518/3217 4184/4409/3176
f 4225/4518/3217 4183/4448/3175 4184/4409/3176
f 4274/4521/3266 4234/4510/3226 4256/4522/3248
f 4166/4523/3158 4161/4524/3153 4267/4525/3259
f 4225/4518/3217 4226/4526/3218 4183/4448/3175
f 4226/4526/3218 4182/4449/3174 4183/4448/3175
f 4266/4527/3258 4226/4526/3218 4225/4518/3217
f 4266/4528/3258 4250/4529/3242 4226/4526/3218
f 4236/4530/3228 4166/4531/3158 4252/4532/3244
f 4165/4504/3157 4235/4533/3227 4249/4534/3241
f 4226/4526/3218 4164/4535/3156 4182/4449/3174
f 4164/4535/3156 4151/4450/3143 4182/4449/3174
f 4167/4536/3159 4181/4406/3173 4151/4405/3143
f 4251/4537/3243 4268/4538/3260 4227/4539/3219
f 4275/4540/3267 4251/4541/3243 4167/4542/3159
f 4167/4536/3159 4227/4539/3219 4181/4406/3173
f 4227/4539/3219 4180/4460/3172 4181/4406/3173
f 4276/4543/3268 4236/4530/3228 4252/4544/3244
f 4162/4545/3154 4157/4546/3149 4269/4547/3261
f 4227/4539/3219 4228/4548/3220 4180/4460/3172
f 4228/4548/3220 4179/4461/3171 4180/4460/3172
f 4268/4549/3260 4228/4548/3220 4227/4539/3219
f 4268/4550/3260 4246/4551/3238 4228/4548/3220
f 4238/4552/3230 4162/4545/3154 4248/4553/3240
f 4161/4524/3153 4237/4554/3229 4245/4555/3237
f 4228/4548/3220 4160/4556/3152 4179/4461/3171
f 4160/4556/3152 4150/4402/3142 4179/4461/3171
f 4163/4557/3155 4178/4403/3170 4150/4402/3142
f 4247/4558/3239 4270/4559/3262 4229/4560/3221
f 4277/4561/3269 4247/4562/3239 4163/4557/3155
f 4163/4557/3155 4229/4560/3221 4178/4403/3170
f 4229/4560/3221 4177/4471/3169 4178/4403/3170
f 4278/4563/3270 4238/4552/3230 4248/4564/3240
f 4172/4494/3164 4271/4565/3263 4175/4495/3167
f 4229/4560/3221 4230/4566/3222 4177/4471/3169
f 4230/4566/3222 4176/4472/3168 4177/4471/3169
f 4270/4567/3262 4230/4566/3222 4229/4560/3221
f 4270/4568/3262 4242/4569/3234 4230/4566/3222
f 4240/4480/3232 4158/4570/3150 4244/4571/3236
f 4157/4546/3149 4239/4572/3231 4241/4573/3233
f 4230/4566/3222 4156/4574/3148 4176/4472/3168
f 4156/4574/3148 4154/4414/3146 4176/4472/3168
f 4172/4494/3164 4175/4495/3167 4153/4411/3145
f 4257/4575/3249 4231/4492/3223 4272/4576/3264
f 4173/4491/3165 4257/4577/3249 4261/4578/3253
f 4231/4492/3223 4232/4489/3224 4272/4579/3264
f 4259/4580/3251 4223/4498/3215 4175/4495/3167
f 4258/4581/3250 4172/4494/3164 4222/4485/3214
f 4168/4514/3160 4273/4582/3265 4171/4515/3163
f 4158/4570/3150 4173/4491/3165 4261/4583/3253
f 4174/4482/3166 4263/4584/3255 4260/4585/3252
f 4168/4514/3160 4171/4515/3163 4152/4408/3144
f 4253/4586/3245 4233/4512/3225 4274/4587/3266
f 4169/4483/3161 4253/4588/3245 4263/4589/3255
f 4233/4512/3225 4234/4510/3226 4274/4590/3266
f 4255/4591/3247 4225/4518/3217 4171/4515/3163
f 4254/4592/3246 4168/4514/3160 4224/4506/3216
f 4164/4535/3156 4275/4593/3267 4167/4542/3159
f 4258/4594/3250 4271/4595/3263 4172/4494/3164
f 4170/4503/3162 4265/4596/3257 4256/4597/3248
f 4164/4535/3156 4167/4542/3159 4151/4450/3143
f 4249/4598/3241 4235/4533/3227 4276/4599/3268
f 4165/4504/3157 4249/4600/3241 4265/4601/3257
f 4235/4533/3227 4236/4530/3228 4276/4602/3268
f 4251/4603/3243 4227/4539/3219 4167/4536/3159
f 4250/4604/3242 4164/4535/3156 4226/4526/3218
f 4160/4556/3152 4277/4605/3269 4163/4557/3155
f 4254/4606/3246 4273/4607/3265 4168/4514/3160
f 4166/4523/3158 4267/4608/3259 4252/4609/3244
f 4160/4556/3152 4163/4557/3155 4150/4402/3142
f 4245/4610/3237 4237/4554/3229 4278/4611/3270
f 4161/4524/3153 4245/4612/3237 4267/4613/3259
f 4237/4554/3229 4238/4552/3230 4278/4614/3270
f 4247/4615/3239 4229/4560/3221 4163/4557/3155
f 4246/4616/3238 4160/4556/3152 4228/4548/3220
f 4156/4574/3148 4279/4617/3271 4159/4473/3151
f 4250/4618/3242 4275/4619/3267 4164/4535/3156
f 4162/4545/3154 4269/4620/3261 4248/4621/3240
f 4156/4574/3148 4159/4473/3151 4154/4414/3146
f 4241/4622/3233 4239/4572/3231 4280/4623/3272
f 4157/4546/3149 4241/4624/3233 4269/4625/3261
f 4239/4572/3231 4240/4480/3232 4280/4626/3272
f 4243/4627/3235 4221/4476/3213 4159/4473/3151
f 4242/4628/3234 4156/4574/3148 4230/4566/3222
f 4246/4629/3238 4277/4630/3269 4160/4556/3152
f 4158/4570/3150 4261/4631/3253 4244/4632/3236
f 4244/4632/3236 4261/4631/3253 4262/4475/3254 4243/4474/3235
f 4261/4578/3253 4257/4577/3249 4258/4488/3250 4262/4487/3254
f 4260/4585/3252 4263/4584/3255 4264/4497/3256 4259/4496/3251
f 4263/4589/3255 4253/4588/3245 4254/4509/3246 4264/4508/3256
f 4256/4597/3248 4265/4596/3257 4266/4517/3258 4255/4516/3247
f 4265/4601/3257 4249/4600/3241 4250/4529/3242 4266/4528/3258
f 4252/4609/3244 4267/4608/3259 4268/4538/3260 4251/4537/3243
f 4267/4613/3259 4245/4612/3237 4246/4551/3238 4268/4550/3260
f 4248/4621/3240 4269/4620/3261 4270/4559/3262 4247/4558/3239
f 4269/4625/3261 4241/4624/3233 4242/4569/3234 4270/4568/3262
f 4272/4501/3264 4260/4502/3252 4259/4500/3251 4271/4499/3263
f 4257/4575/3249 4272/4576/3264 4271/4595/3263 4258/4594/3250
f 4274/4521/3266 4256/4522/3248 4255/4520/3247 4273/4519/3265
f 4253/4586/3245 4274/4587/3266 4273/4607/3265 4254/4606/3246
f 4276/4543/3268 4252/4544/3244 4251/4541/3243 4275/4540/3267
f 4249/4598/3241 4276/4599/3268 4275/4619/3267 4250/4618/3242
f 4278/4563/3270 4248/4564/3240 4247/4562/3239 4277/4561/3269
f 4245/4610/3237 4278/4611/3270 4277/4630/3269 4246/4629/3238
f 4280/4479/3272 4244/4481/3236 4243/4478/3235 4279/4477/3271
f 4241/4622/3233 4280/4623/3272 4279/4633/3271 4242/4634/3234
f 4242/4634/3234 4279/4633/3271 4156/4574/3148
o Icosphere.003
v 0.837302 0.197853 -0.832894
v 0.855837 0.197856 -0.709776
v 0.744475 0.197855 -0.654100
v 0.657112 0.197850 -0.742807
v 0.714483 0.197848 -0.853308
v 0.761723 0.264302 -0.758685
v 0.727638 0.170133 -0.867090
v 0.763297 0.117437 -0.847530
v 0.687942 0.117413 -0.809845
v 0.696363 0.170146 -0.851460
v 0.855636 0.170124 -0.824981
v 0.850112 0.117475 -0.782901
v 0.791020 0.117402 -0.842915
v 0.831098 0.170138 -0.849893
v 0.855134 0.170141 -0.690245
v 0.815473 0.117464 -0.680341
v 0.854309 0.117443 -0.755118
v 0.871239 0.170150 -0.721276
v 0.726837 0.170141 -0.649078
v 0.707252 0.117417 -0.681585
v 0.790345 0.117477 -0.667785
v 0.761330 0.170129 -0.643342
v 0.648036 0.170144 -0.758375
v 0.675006 0.117400 -0.784914
v 0.687525 0.117459 -0.701608
v 0.653250 0.170125 -0.723800
v 0.743032 0.205214 -0.859336
v 0.778241 0.208126 -0.858047
v 0.812006 0.205214 -0.847871
v 0.851699 0.205214 -0.807568
v 0.861330 0.208126 -0.773680
v 0.862109 0.205214 -0.738427
v 0.836044 0.205214 -0.688223
v 0.806768 0.208126 -0.668588
v 0.773504 0.205214 -0.656957
v 0.717703 0.205214 -0.666232
v 0.689959 0.208126 -0.688003
v 0.668641 0.205214 -0.716049
v 0.660218 0.205214 -0.771985
v 0.672328 0.208126 -0.805096
v 0.692436 0.205214 -0.834041
v 0.782912 0.260507 -0.779552
v 0.806077 0.246618 -0.802366
v 0.825289 0.223748 -0.821286
v 0.721828 0.223748 -0.838484
v 0.733885 0.246618 -0.814367
v 0.748425 0.260507 -0.785285
v 0.788117 0.260507 -0.744981
v 0.816973 0.246618 -0.730000
v 0.840904 0.223748 -0.717575
v 0.756847 0.260507 -0.729348
v 0.751516 0.246618 -0.697275
v 0.747095 0.223748 -0.670675
v 0.732316 0.260507 -0.754257
v 0.700165 0.246618 -0.749415
v 0.673501 0.223748 -0.745401
v 0.714725 0.251801 -0.783085
v 0.700089 0.231574 -0.812359
v 0.682361 0.231574 -0.778212
v 0.723994 0.251801 -0.721526
v 0.691630 0.231575 -0.716653
v 0.718627 0.231575 -0.689241
v 0.785404 0.251801 -0.711319
v 0.780038 0.231574 -0.679034
v 0.814450 0.231574 -0.696238
v 0.814088 0.251801 -0.766569
v 0.843135 0.231575 -0.751488
v 0.837407 0.231575 -0.789534
v 0.770406 0.251801 -0.810923
v 0.793725 0.231574 -0.833888
v 0.755771 0.231574 -0.840197
v 0.671860 0.173722 -0.826796
v 0.654126 0.173733 -0.792652
v 0.669136 0.173706 -0.693039
v 0.696115 0.173745 -0.665637
v 0.795492 0.173718 -0.649114
v 0.829899 0.173731 -0.666322
v 0.876308 0.173740 -0.755722
v 0.870594 0.173709 -0.793759
v 0.799899 0.173743 -0.865536
v 0.761960 0.173710 -0.871836
v 0.664369 0.116834 -0.757307
v 0.669288 0.116875 -0.724528
v 0.730211 0.116858 -0.662671
v 0.762903 0.116900 -0.657245
v 0.840554 0.116895 -0.696064
v 0.855840 0.116880 -0.725490
v 0.842909 0.116893 -0.811338
v 0.819664 0.116842 -0.834950
v 0.734020 0.116856 -0.849188
v 0.704368 0.116839 -0.834356
v 0.743720 0.132501 -0.868140
v 0.745721 0.146135 -0.872413
v 0.682076 0.146227 -0.840582
v 0.685843 0.132736 -0.839231
v 0.864094 0.132106 -0.809652
v 0.867729 0.146000 -0.809758
v 0.817815 0.146203 -0.860421
v 0.818790 0.132660 -0.855672
v 0.845617 0.132143 -0.677074
v 0.845827 0.146016 -0.674352
v 0.878613 0.146052 -0.737488
v 0.875463 0.132231 -0.734408
v 0.713813 0.132562 -0.653565
v 0.710279 0.146163 -0.653301
v 0.780467 0.145986 -0.641683
v 0.777593 0.132044 -0.643053
v 0.650804 0.132787 -0.771668
v 0.648398 0.146242 -0.775715
v 0.659003 0.146088 -0.705388
v 0.660411 0.132352 -0.707801
v 0.663546 0.131857 -0.808179
v 0.660257 0.145793 -0.810800
v 0.683289 0.131727 -0.677138
v 0.680639 0.145741 -0.675460
v 0.814014 0.131189 -0.655554
v 0.815654 0.145591 -0.653058
v 0.875075 0.131342 -0.773112
v 0.878720 0.145630 -0.774516
v 0.782107 0.131835 -0.867456
v 0.782686 0.145777 -0.872010
v 0.648171 0.146069 -0.739737
v 0.651124 0.131938 -0.739185
v 0.744457 0.145964 -0.642000
v 0.744970 0.131642 -0.643983
v 0.867177 0.145862 -0.703381
v 0.864542 0.131302 -0.703858
v 0.846758 0.146009 -0.839031
v 0.844667 0.131777 -0.835976
v 0.711399 0.146062 -0.861523
v 0.712749 0.131909 -0.857886
vn 0.6475 0.4143 -0.6396
vn 0.8013 0.4301 0.4158
vn -0.1500 0.4208 0.8947
vn -0.9070 0.3988 0.1356
vn -0.4114 0.3947 -0.8215
vn -0.0000 1.0000 -0.0000
vn -0.2959 0.1608 -0.9416
vn 0.0407 -0.8148 -0.5783
vn -0.5124 -0.7920 -0.3319
vn -0.5763 0.1556 -0.8023
vn 0.7966 0.2056 -0.5685
vn 0.5375 -0.8330 -0.1311
vn 0.1467 -0.8176 -0.5568
vn 0.5811 0.1927 -0.7906
vn 0.7817 0.2352 0.5777
vn 0.3031 -0.8162 0.4919
vn 0.5565 -0.8302 -0.0328
vn 0.9229 0.2326 0.3067
vn -0.3103 0.2106 0.9270
vn -0.4008 -0.7842 0.4738
vn 0.2130 -0.8116 0.5439
vn -0.0067 0.2209 0.9753
vn -0.9864 0.1641 -0.0097
vn -0.5740 -0.7861 -0.2292
vn -0.4794 -0.7845 0.3934
vn -0.9384 0.1739 0.2985
vn -0.1523 0.4686 -0.8702
vn 0.1412 0.4974 -0.8560
vn 0.4221 0.4763 -0.7714
vn 0.7729 0.4838 -0.4106
vn 0.8500 0.5108 -0.1288
vn 0.8564 0.4900 0.1626
vn 0.6255 0.4914 0.6060
vn 0.3834 0.5133 0.7678
vn 0.1089 0.4878 0.8661
vn -0.3869 0.4812 0.7866
vn -0.6172 0.5015 0.6062
vn -0.7976 0.4725 0.3750
vn -0.8753 0.4670 -0.1257
vn -0.7728 0.4915 -0.4015
vn -0.6067 0.4653 -0.6445
vn 0.1858 0.9654 -0.1830
vn 0.3746 0.8507 -0.3689
vn 0.5350 0.6603 -0.5270
vn -0.3363 0.6591 -0.6726
vn -0.2351 0.8507 -0.4702
vn -0.1166 0.9654 -0.2332
vn 0.2314 0.9654 0.1201
vn 0.4666 0.8507 0.2422
vn 0.6657 0.6613 0.3456
vn -0.0428 0.9654 0.2572
vn -0.0862 0.8507 0.5186
vn -0.1231 0.6608 0.7403
vn -0.2578 0.9654 0.0388
vn -0.5199 0.8507 0.0783
vn -0.7433 0.6595 0.1119
vn -0.4039 0.8904 -0.2097
vn -0.5222 0.7268 -0.4462
vn -0.6654 0.7268 -0.1704
vn -0.3243 0.8904 0.3194
vn -0.5856 0.7269 0.3587
vn -0.3676 0.7269 0.5800
vn 0.2035 0.8904 0.4071
vn 0.1602 0.7270 0.6677
vn 0.4379 0.7270 0.5288
vn 0.4501 0.8904 -0.0678
vn 0.6845 0.7270 0.0539
vn 0.6383 0.7270 -0.2531
vn 0.0746 0.8904 -0.4490
vn 0.2629 0.7269 -0.6344
vn -0.0436 0.7268 -0.6854
vn -0.7885 0.1873 -0.5859
vn -0.9322 0.1900 -0.3081
vn -0.7965 0.2152 0.5650
vn -0.5768 0.2273 0.7846
vn 0.2888 0.2550 0.9228
vn 0.5638 0.2598 0.7840
vn 0.9673 0.2533 0.0099
vn 0.9234 0.2444 -0.2961
vn 0.3114 0.2113 -0.9265
vn 0.0039 0.2009 -0.9796
vn -0.6966 -0.7145 -0.0644
vn -0.6451 -0.7160 0.2669
vn -0.2807 -0.7207 0.6338
vn 0.0487 -0.7376 0.6735
vn 0.4774 -0.7620 0.4375
vn 0.6192 -0.7717 0.1448
vn 0.5429 -0.7779 -0.3164
vn 0.3266 -0.7675 -0.5516
vn -0.1455 -0.7522 -0.6427
vn -0.4465 -0.7367 -0.5078
vn -0.1163 -0.5331 -0.8380
vn -0.1356 -0.1219 -0.9832
vn -0.7030 -0.1187 -0.7013
vn -0.6121 -0.5098 -0.6045
vn 0.7644 -0.5285 -0.3692
vn 0.8963 -0.0718 -0.4375
vn 0.4486 -0.1050 -0.8875
vn 0.3849 -0.5308 -0.7550
vn 0.6065 -0.4793 0.6344
vn 0.6946 -0.0197 0.7191
vn 0.9878 -0.0414 0.1502
vn 0.8537 -0.5028 0.1359
vn -0.4194 -0.4496 0.7886
vn -0.4713 -0.0335 0.8813
vn 0.1630 -0.0172 0.9865
vn 0.1436 -0.4656 0.8733
vn -0.8619 -0.4844 -0.1499
vn -0.9793 -0.0991 -0.1767
vn -0.8879 -0.0625 0.4558
vn -0.7837 -0.4673 0.4093
vn -0.7376 -0.5573 -0.3812
vn -0.8801 -0.1191 -0.4596
vn -0.6069 -0.5190 0.6019
vn -0.7119 -0.0570 0.7000
vn 0.3788 -0.5343 0.7556
vn 0.4488 -0.0271 0.8932
vn 0.8112 -0.5723 -0.1201
vn 0.9865 -0.0652 -0.1504
vn 0.1349 -0.5869 -0.7984
vn 0.1637 -0.1234 -0.9788
vn -0.9868 -0.0695 0.1463
vn -0.8852 -0.4455 0.1343
vn -0.1628 -0.0093 0.9866
vn -0.1474 -0.4266 0.8923
vn 0.8884 -0.0166 0.4588
vn 0.7830 -0.4697 0.4078
vn 0.7093 -0.0790 -0.7004
vn 0.6141 -0.5076 -0.6043
vn -0.4427 -0.1134 -0.8895
vn -0.3883 -0.4984 -0.7751
vt 0.181819 0.314921
vt 0.227273 0.314921
vt 0.204546 0.354286
vt 0.000000 0.314921
vt 0.045455 0.314921
vt 0.022727 0.354286
vt 0.727273 0.314921
vt 0.772727 0.314921
vt 0.750000 0.354286
vt 0.545455 0.314921
vt 0.590909 0.314921
vt 0.568182 0.354286
vt 0.363637 0.314921
vt 0.409091 0.314921
vt 0.386364 0.354286
vt 0.431819 0.433017
vt 0.477273 0.433017
vt 0.454546 0.472382
vt 0.409091 0.393651
vt 0.454546 0.393651
vt 0.431819 0.354286
vt 0.500000 0.393651
vt 0.477273 0.354286
vt 0.522728 0.354286
vt 0.454546 0.314921
vt 0.500000 0.314921
vt 0.613637 0.433017
vt 0.659091 0.433017
vt 0.636364 0.472382
vt 0.590909 0.393651
vt 0.636364 0.393651
vt 0.613637 0.354286
vt 0.681818 0.393651
vt 0.659091 0.354286
vt 0.704546 0.354286
vt 0.636364 0.314921
vt 0.681818 0.314921
vt 0.795455 0.433017
vt 0.840909 0.433017
vt 0.818182 0.472382
vt 0.772727 0.393651
vt 0.818182 0.393651
vt 0.795455 0.354286
vt 0.863636 0.393651
vt 0.840909 0.354286
vt 0.886364 0.354286
vt 0.818182 0.314921
vt 0.863636 0.314921
vt 0.909091 0.314921
vt 0.068182 0.433017
vt 0.113637 0.433017
vt 0.090910 0.472382
vt 0.045455 0.393651
vt 0.090910 0.393651
vt 0.068182 0.354286
vt 0.136365 0.393651
vt 0.113637 0.354286
vt 0.159092 0.354286
vt 0.090909 0.314921
vt 0.136364 0.314921
vt 0.250001 0.433017
vt 0.295455 0.433017
vt 0.272728 0.472382
vt 0.227273 0.393651
vt 0.272728 0.393651
vt 0.250001 0.354286
vt 0.318182 0.393651
vt 0.295455 0.354286
vt 0.340910 0.354286
vt 0.272728 0.314921
vt 0.318182 0.314921
vt 0.386364 0.275556
vt 0.409369 0.248331
vt 0.454739 0.248314
vt 0.431819 0.275556
vt 0.364159 0.249563
vt 0.408326 0.249554
vt 0.364259 0.227174
vt 0.386364 0.196826
vt 0.404154 0.227360
vt 0.613637 0.196826
vt 0.659091 0.196826
vt 0.636364 0.227962
vt 0.477273 0.275556
vt 0.454546 0.248194
vt 0.454353 0.248314
vt 0.499722 0.248331
vt 0.568182 0.196826
vt 0.586007 0.227382
vt 0.477273 0.196826
vt 0.522728 0.196826
vt 0.504845 0.227376
vt 0.522728 0.275556
vt 0.568182 0.275556
vt 0.591187 0.248331
vt 0.636557 0.248314
vt 0.613637 0.275556
vt 0.545977 0.249563
vt 0.590144 0.249554
vt 0.546077 0.227174
vt 0.585972 0.227360
vt 0.795455 0.196826
vt 0.840909 0.196826
vt 0.818182 0.227962
vt 0.659091 0.275556
vt 0.636364 0.248194
vt 0.636171 0.248314
vt 0.681540 0.248331
vt 0.750000 0.196826
vt 0.767825 0.227382
vt 0.704546 0.196826
vt 0.686663 0.227376
vt 0.704546 0.275556
vt 0.750000 0.275556
vt 0.773005 0.248331
vt 0.818375 0.248314
vt 0.795455 0.275556
vt 0.727795 0.249563
vt 0.771962 0.249554
vt 0.727895 0.227174
vt 0.767790 0.227360
vt 0.068182 0.196826
vt 0.113637 0.196826
vt 0.090910 0.227962
vt 0.840909 0.275556
vt 0.818182 0.248194
vt 0.817989 0.248314
vt 0.863359 0.248331
vt 0.931818 0.196826
vt 0.977273 0.196826
vt 0.949643 0.227382
vt 0.886364 0.196826
vt 0.868481 0.227376
vt 0.886364 0.275556
vt 0.022727 0.275556
vt 0.045733 0.248331
vt 0.091103 0.248314
vt 0.068182 0.275556
vt 0.909613 0.249563
vt 0.953780 0.249554
vt 0.931818 0.275556
vt 0.909714 0.227174
vt 0.949608 0.227360
vt 0.250001 0.196826
vt 0.295455 0.196826
vt 0.272728 0.227962
vt 0.113637 0.275556
vt 0.090910 0.248194
vt 0.090717 0.248314
vt 0.136087 0.248331
vt 0.204546 0.196826
vt 0.222370 0.227382
vt 0.159092 0.196826
vt 0.141209 0.227376
vt 0.159092 0.275556
vt 0.204546 0.275556
vt 0.227552 0.248331
vt 0.272921 0.248314
vt 0.250001 0.275556
vt 0.182341 0.249563
vt 0.226508 0.249554
vt 0.182442 0.227174
vt 0.222336 0.227360
vt 0.545455 0.249468
vt 0.295455 0.275556
vt 0.272728 0.248194
vt 0.272535 0.248314
vt 0.317904 0.248331
vt 0.431819 0.196826
vt 0.404188 0.227382
vt 0.340910 0.196826
vt 0.323027 0.227376
vt 0.340910 0.275556
vt 0.504910 0.227352
vt 0.544832 0.227174
vt 0.502743 0.227569
vt 0.455772 0.227771
vt 0.545455 0.227400
vt 0.590671 0.248847
vt 0.500239 0.248846
vt 0.727273 0.249468
vt 0.454546 0.227962
vt 0.635138 0.227771
vt 0.588121 0.227576
vt 0.686728 0.227352
vt 0.726650 0.227174
vt 0.684561 0.227569
vt 0.637591 0.227771
vt 0.727273 0.227400
vt 0.772489 0.248847
vt 0.682057 0.248846
vt 0.909091 0.249468
vt 0.500766 0.249554
vt 0.544933 0.249563
vt 0.816956 0.227771
vt 0.769939 0.227576
vt 0.868546 0.227352
vt 0.908469 0.227174
vt 0.866380 0.227569
vt 0.819408 0.227771
vt 0.909091 0.227400
vt 0.045216 0.248847
vt 0.863875 0.248847
vt 0.181819 0.249468
vt 0.682584 0.249554
vt 0.726751 0.249563
vt 0.089683 0.227771
vt 0.042667 0.227576
vt 0.141274 0.227352
vt 0.181197 0.227174
vt 0.139107 0.227569
vt 0.092136 0.227771
vt 0.181819 0.227400
vt 0.227035 0.248846
vt 0.136603 0.248847
vt 0.363637 0.249468
vt 0.864402 0.249554
vt 0.908569 0.249563
vt 0.271502 0.227771
vt 0.224485 0.227576
vt 0.323092 0.227352
vt 0.363015 0.227174
vt 0.320925 0.227569
vt 0.273954 0.227771
vt 0.363637 0.227400
vt 0.408853 0.248847
vt 0.318421 0.248847
vt 0.137130 0.249554
vt 0.181297 0.249563
vt 0.453320 0.227771
vt 0.406303 0.227576
vt 0.363115 0.249563
vt 0.318948 0.249554
s 1
usemtl Material.004
f 4281/4635/3273 4309/4636/3301 4324/4637/3316
f 4282/4638/3274 4312/4639/3304 4330/4640/3322
f 4283/4641/3275 4315/4642/3307 4333/4643/3325
f 4284/4644/3276 4318/4645/3310 4336/4646/3328
f 4285/4647/3277 4321/4648/3313 4325/4649/3317
f 4327/4650/3319 4334/4651/3326 4286/4652/3278
f 4326/4653/3318 4337/4654/3329 4327/4650/3319
f 4325/4649/3317 4338/4655/3330 4326/4653/3318
f 4327/4650/3319 4337/4654/3329 4334/4651/3326
f 4337/4654/3329 4335/4656/3327 4334/4651/3326
f 4326/4653/3318 4338/4655/3330 4337/4654/3329
f 4338/4655/3330 4339/4657/3331 4337/4654/3329
f 4337/4654/3329 4339/4657/3331 4335/4656/3327
f 4339/4657/3331 4336/4658/3328 4335/4656/3327
f 4325/4649/3317 4321/4648/3313 4338/4655/3330
f 4321/4648/3313 4320/4659/3312 4338/4655/3330
f 4338/4655/3330 4320/4659/3312 4339/4657/3331
f 4320/4659/3312 4319/4660/3311 4339/4657/3331
f 4339/4657/3331 4319/4660/3311 4336/4658/3328
f 4319/4660/3311 4284/4644/3276 4336/4658/3328
f 4334/4661/3326 4331/4662/3323 4286/4663/3278
f 4335/4664/3327 4340/4665/3332 4334/4661/3326
f 4336/4646/3328 4341/4666/3333 4335/4664/3327
f 4334/4661/3326 4340/4665/3332 4331/4662/3323
f 4340/4665/3332 4332/4667/3324 4331/4662/3323
f 4335/4664/3327 4341/4666/3333 4340/4665/3332
f 4341/4666/3333 4342/4668/3334 4340/4665/3332
f 4340/4665/3332 4342/4668/3334 4332/4667/3324
f 4342/4668/3334 4333/4669/3325 4332/4667/3324
f 4336/4646/3328 4318/4645/3310 4341/4666/3333
f 4318/4645/3310 4317/4670/3309 4341/4666/3333
f 4341/4666/3333 4317/4670/3309 4342/4668/3334
f 4317/4670/3309 4316/4671/3308 4342/4668/3334
f 4342/4668/3334 4316/4671/3308 4333/4669/3325
f 4316/4671/3308 4283/4641/3275 4333/4669/3325
f 4331/4672/3323 4328/4673/3320 4286/4674/3278
f 4332/4675/3324 4343/4676/3335 4331/4672/3323
f 4333/4643/3325 4344/4677/3336 4332/4675/3324
f 4331/4672/3323 4343/4676/3335 4328/4673/3320
f 4343/4676/3335 4329/4678/3321 4328/4673/3320
f 4332/4675/3324 4344/4677/3336 4343/4676/3335
f 4344/4677/3336 4345/4679/3337 4343/4676/3335
f 4343/4676/3335 4345/4679/3337 4329/4678/3321
f 4345/4679/3337 4330/4680/3322 4329/4678/3321
f 4333/4643/3325 4315/4642/3307 4344/4677/3336
f 4315/4642/3307 4314/4681/3306 4344/4677/3336
f 4344/4677/3336 4314/4681/3306 4345/4679/3337
f 4314/4681/3306 4313/4682/3305 4345/4679/3337
f 4345/4679/3337 4313/4682/3305 4330/4680/3322
f 4313/4682/3305 4282/4683/3274 4330/4680/3322
f 4328/4684/3320 4322/4685/3314 4286/4686/3278
f 4329/4687/3321 4346/4688/3338 4328/4684/3320
f 4330/4640/3322 4347/4689/3339 4329/4687/3321
f 4328/4684/3320 4346/4688/3338 4322/4685/3314
f 4346/4688/3338 4323/4690/3315 4322/4685/3314
f 4329/4687/3321 4347/4689/3339 4346/4688/3338
f 4347/4689/3339 4348/4691/3340 4346/4688/3338
f 4346/4688/3338 4348/4691/3340 4323/4690/3315
f 4348/4691/3340 4324/4692/3316 4323/4690/3315
f 4330/4640/3322 4312/4639/3304 4347/4689/3339
f 4312/4639/3304 4311/4693/3303 4347/4689/3339
f 4347/4689/3339 4311/4693/3303 4348/4691/3340
f 4311/4693/3303 4310/4694/3302 4348/4691/3340
f 4348/4691/3340 4310/4694/3302 4324/4692/3316
f 4310/4694/3302 4281/4635/3273 4324/4692/3316
f 4322/4695/3314 4327/4696/3319 4286/4697/3278
f 4323/4698/3315 4349/4699/3341 4322/4695/3314
f 4324/4637/3316 4350/4700/3342 4323/4698/3315
f 4322/4695/3314 4349/4699/3341 4327/4696/3319
f 4349/4699/3341 4326/4701/3318 4327/4696/3319
f 4323/4698/3315 4350/4700/3342 4349/4699/3341
f 4350/4700/3342 4351/4702/3343 4349/4699/3341
f 4349/4699/3341 4351/4702/3343 4326/4701/3318
f 4351/4702/3343 4325/4703/3317 4326/4701/3318
f 4324/4637/3316 4309/4636/3301 4350/4700/3342
f 4309/4636/3301 4308/4704/3300 4350/4700/3342
f 4350/4700/3342 4308/4704/3300 4351/4702/3343
f 4308/4704/3300 4307/4705/3299 4351/4702/3343
f 4351/4702/3343 4307/4705/3299 4325/4703/3317
f 4307/4705/3299 4285/4647/3277 4325/4703/3317
f 4290/4706/3282 4321/4648/3313 4285/4647/3277
f 4374/4707/3366 4393/4708/3385 4352/4709/3344
f 4410/4710/3402 4374/4711/3366 4290/4706/3282
f 4290/4706/3282 4352/4709/3344 4321/4648/3313
f 4352/4709/3344 4320/4659/3312 4321/4648/3313
f 4411/4712/3403 4371/4713/3363 4375/4714/3367
f 4305/4715/3297 4300/4716/3292 4394/4717/3386
f 4352/4709/3344 4353/4718/3345 4320/4659/3312
f 4353/4718/3345 4319/4660/3311 4320/4659/3312
f 4393/4719/3385 4353/4718/3345 4352/4709/3344
f 4393/4720/3385 4389/4721/3381 4353/4718/3345
f 4363/4722/3355 4305/4715/3297 4391/4723/3383
f 4304/4724/3296 4362/4725/3354 4388/4726/3380
f 4353/4718/3345 4303/4727/3295 4319/4660/3311
f 4303/4727/3295 4284/4644/3276 4319/4660/3311
f 4306/4728/3298 4318/4645/3310 4284/4644/3276
f 4390/4729/3382 4395/4730/3387 4354/4731/3346
f 4402/4732/3394 4390/4733/3382 4306/4728/3298
f 4306/4728/3298 4354/4731/3346 4318/4645/3310
f 4354/4731/3346 4317/4670/3309 4318/4645/3310
f 4403/4734/3395 4363/4722/3355 4391/4735/3383
f 4301/4736/3293 4296/4737/3288 4396/4738/3388
f 4354/4731/3346 4355/4739/3347 4317/4670/3309
f 4355/4739/3347 4316/4671/3308 4317/4670/3309
f 4395/4740/3387 4355/4739/3347 4354/4731/3346
f 4395/4741/3387 4385/4742/3377 4355/4739/3347
f 4365/4743/3357 4301/4736/3293 4387/4744/3379
f 4300/4716/3292 4364/4745/3356 4384/4746/3376
f 4355/4739/3347 4299/4747/3291 4316/4671/3308
f 4299/4747/3291 4283/4641/3275 4316/4671/3308
f 4302/4748/3294 4315/4642/3307 4283/4641/3275
f 4386/4749/3378 4397/4750/3389 4356/4751/3348
f 4404/4752/3396 4386/4753/3378 4302/4748/3294
f 4302/4748/3294 4356/4751/3348 4315/4642/3307
f 4356/4751/3348 4314/4681/3306 4315/4642/3307
f 4405/4754/3397 4365/4743/3357 4387/4755/3379
f 4297/4756/3289 4292/4757/3284 4398/4758/3390
f 4356/4751/3348 4357/4759/3349 4314/4681/3306
f 4357/4759/3349 4313/4682/3305 4314/4681/3306
f 4397/4760/3389 4357/4759/3349 4356/4751/3348
f 4397/4761/3389 4381/4762/3373 4357/4759/3349
f 4367/4763/3359 4297/4764/3289 4383/4765/3375
f 4296/4737/3288 4366/4766/3358 4380/4767/3372
f 4357/4759/3349 4295/4768/3287 4313/4682/3305
f 4295/4768/3287 4282/4683/3274 4313/4682/3305
f 4298/4769/3290 4312/4639/3304 4282/4638/3274
f 4382/4770/3374 4399/4771/3391 4358/4772/3350
f 4406/4773/3398 4382/4774/3374 4298/4775/3290
f 4298/4769/3290 4358/4772/3350 4312/4639/3304
f 4358/4772/3350 4311/4693/3303 4312/4639/3304
f 4407/4776/3399 4367/4763/3359 4383/4777/3375
f 4293/4778/3285 4288/4779/3280 4400/4780/3392
f 4358/4772/3350 4359/4781/3351 4311/4693/3303
f 4359/4781/3351 4310/4694/3302 4311/4693/3303
f 4399/4782/3391 4359/4781/3351 4358/4772/3350
f 4399/4783/3391 4377/4784/3369 4359/4781/3351
f 4369/4785/3361 4293/4778/3285 4379/4786/3371
f 4292/4757/3284 4368/4787/3360 4376/4788/3368
f 4359/4781/3351 4291/4789/3283 4310/4694/3302
f 4291/4789/3283 4281/4635/3273 4310/4694/3302
f 4294/4790/3286 4309/4636/3301 4281/4635/3273
f 4378/4791/3370 4401/4792/3393 4360/4793/3352
f 4408/4794/3400 4378/4795/3370 4294/4790/3286
f 4294/4790/3286 4360/4793/3352 4309/4636/3301
f 4360/4793/3352 4308/4704/3300 4309/4636/3301
f 4409/4796/3401 4369/4785/3361 4379/4797/3371
f 4303/4727/3295 4402/4798/3394 4306/4728/3298
f 4360/4793/3352 4361/4799/3353 4308/4704/3300
f 4361/4799/3353 4307/4705/3299 4308/4704/3300
f 4401/4800/3393 4361/4799/3353 4360/4793/3352
f 4401/4801/3393 4373/4802/3365 4361/4799/3353
f 4371/4713/3363 4289/4803/3281 4375/4804/3367
f 4288/4779/3280 4370/4805/3362 4372/4806/3364
f 4361/4799/3353 4287/4807/3279 4307/4705/3299
f 4287/4807/3279 4285/4647/3277 4307/4705/3299
f 4303/4727/3295 4306/4728/3298 4284/4644/3276
f 4388/4808/3380 4362/4725/3354 4403/4809/3395
f 4304/4724/3296 4388/4810/3380 4392/4811/3384
f 4362/4725/3354 4363/4722/3355 4403/4812/3395
f 4390/4813/3382 4354/4731/3346 4306/4728/3298
f 4389/4814/3381 4303/4727/3295 4353/4718/3345
f 4299/4747/3291 4404/4815/3396 4302/4748/3294
f 4289/4803/3281 4304/4724/3296 4392/4816/3384
f 4305/4715/3297 4394/4817/3386 4391/4818/3383
f 4299/4747/3291 4302/4748/3294 4283/4641/3275
f 4384/4819/3376 4364/4745/3356 4405/4820/3397
f 4300/4716/3292 4384/4821/3376 4394/4822/3386
f 4364/4745/3356 4365/4743/3357 4405/4823/3397
f 4386/4824/3378 4356/4751/3348 4302/4748/3294
f 4385/4825/3377 4299/4747/3291 4355/4739/3347
f 4295/4768/3287 4406/4826/3398 4298/4775/3290
f 4389/4827/3381 4402/4828/3394 4303/4727/3295
f 4301/4736/3293 4396/4829/3388 4387/4830/3379
f 4295/4768/3287 4298/4775/3290 4282/4683/3274
f 4380/4831/3372 4366/4766/3358 4407/4832/3399
f 4296/4737/3288 4380/4833/3372 4396/4834/3388
f 4366/4766/3358 4367/4763/3359 4407/4835/3399
f 4382/4836/3374 4358/4772/3350 4298/4769/3290
f 4381/4837/3373 4295/4768/3287 4357/4759/3349
f 4291/4789/3283 4408/4838/3400 4294/4790/3286
f 4385/4839/3377 4404/4840/3396 4299/4747/3291
f 4297/4756/3289 4398/4841/3390 4383/4842/3375
f 4291/4789/3283 4294/4790/3286 4281/4635/3273
f 4376/4843/3368 4368/4787/3360 4409/4844/3401
f 4292/4757/3284 4376/4845/3368 4398/4846/3390
f 4368/4787/3360 4369/4785/3361 4409/4847/3401
f 4378/4848/3370 4360/4793/3352 4294/4790/3286
f 4377/4849/3369 4291/4789/3283 4359/4781/3351
f 4287/4807/3279 4410/4850/3402 4290/4706/3282
f 4381/4851/3373 4406/4852/3398 4295/4768/3287
f 4293/4778/3285 4400/4853/3392 4379/4854/3371
f 4287/4807/3279 4290/4706/3282 4285/4647/3277
f 4372/4855/3364 4370/4805/3362 4411/4856/3403
f 4288/4779/3280 4372/4857/3364 4400/4858/3392
f 4370/4805/3362 4371/4713/3363 4411/4859/3403
f 4374/4860/3366 4352/4709/3344 4290/4706/3282
f 4373/4861/3365 4287/4807/3279 4361/4799/3353
f 4377/4862/3369 4408/4863/3400 4291/4789/3283
f 4289/4803/3281 4392/4864/3384 4375/4865/3367
f 4375/4865/3367 4392/4864/3384 4393/4708/3385 4374/4707/3366
f 4392/4811/3384 4388/4810/3380 4389/4721/3381 4393/4720/3385
f 4391/4818/3383 4394/4817/3386 4395/4730/3387 4390/4729/3382
f 4394/4822/3386 4384/4821/3376 4385/4742/3377 4395/4741/3387
f 4387/4830/3379 4396/4829/3388 4397/4750/3389 4386/4749/3378
f 4396/4834/3388 4380/4833/3372 4381/4762/3373 4397/4761/3389
f 4383/4842/3375 4398/4841/3390 4399/4771/3391 4382/4770/3374
f 4398/4846/3390 4376/4845/3368 4377/4784/3369 4399/4783/3391
f 4379/4854/3371 4400/4853/3392 4401/4792/3393 4378/4791/3370
f 4400/4858/3392 4372/4857/3364 4373/4802/3365 4401/4801/3393
f 4403/4734/3395 4391/4735/3383 4390/4733/3382 4402/4732/3394
f 4388/4808/3380 4403/4809/3395 4402/4828/3394 4389/4827/3381
f 4405/4754/3397 4387/4755/3379 4386/4753/3378 4404/4752/3396
f 4384/4819/3376 4405/4820/3397 4404/4840/3396 4385/4839/3377
f 4407/4776/3399 4383/4777/3375 4382/4774/3374 4406/4773/3398
f 4380/4831/3372 4407/4832/3399 4406/4852/3398 4381/4851/3373
f 4409/4796/3401 4379/4797/3371 4378/4795/3370 4408/4794/3400
f 4376/4843/3368 4409/4844/3401 4408/4863/3400 4377/4862/3369
f 4411/4712/3403 4375/4714/3367 4374/4711/3366 4410/4710/3402
f 4372/4855/3364 4411/4856/3403 4410/4866/3402 4373/4867/3365
f 4373/4867/3365 4410/4866/3402 4287/4807/3279
